4688031025
4688031026
4688031027
4688031028
4688031029
4688032000
4688032021
4688032022
4688032023
4688032024
4688032025
4688032026
4688032027
4688032028
4688032029
4688033000
4688033021
4688033022
4688033023
4688033024
4688033025
4688033026
4688033027
4688033028
4688033029
4688034000
4688034021
4688034022
4688034023
4688034024
4688034025
4688034026
4688034027
4688034028
4688034029
4688034030
4688034031
4688034032
4688034033
4688034034
4688035000
4688035021
4688035022
4688035023
4688035024
4688035025
4688035026
4688035027
4688035028
4688035029
4688035030
4688035031
4688035032
4688035033
4688035034
4688035035
4688036000
4688036021
4688036022
4688036023
4688036024
4688036025
4688036026
4688036027
4688036028
4688036029
4688036030
4688036031
4688036032
4688036033
4688037000
4688037021
4688037022
4688037023
4688037024
4688037025
4688037026
4688037027
4688038000
4688038021
4688038022
4688038023
4688038024
4688038025
4688038026
4688038027
4688039000
4688039021
4688039022
4688039023
4688039024
4688039025
4688039026
4688039027
4688039028
4688039029
4688039030
4688039031
4688039032
4688040000
4688040001
4688040021
4688040022
4688040023
4688040024
4688040025
4688040026
4688040027
4688040028
4688040029
4688040030
4688040031
4688040032
4689000000
4689003000
4689003001
4689003002
4689003003
4689003004
4689003005
4689003006
4689003007
4689003008
4689003009
4689003010
4689003011
4689003012
4689003013
4689003014
4689003015
4689003500
4689003501
4689003502
4689003503
4689003504
4689003505
4689003506
4689003507
4689003508
4689003509
4689003510
4689003511
4689003512
4689003513
4689003514
4689025000
4689025021
4689025022
4689025023
4689025024
4689025025
4689025026
4689025027
4689025028
4689025029
4689025030
4689025300
4689025301
4689025302
4689025303
4689025321
4689025322
4689025323
4689025324
4689025325
4689025326
4689025327
4689025328
4689025329
4689025330
4689025331
4689025332
4689025600
4689025601
4689025602
4689025603
4689025604
4689025621
4689025622
4689025623
4689025624
4689025625
4689025626
4689025627
4689025628
4689025629
4689025630
4689031000
4689031001
4689031021
4689031022
4689031023
4689031024
4689031025
4689031026
4689031027
4689031028
4689032000
4689032021
4689032022
4689032023
4689032024
4689032025
4689032026
4689033000
4689033021
4689033022
4689033023
4689033024
4689033025
4689033026
4689033027
4689033028
4689033029
4689033030
4689034000
4689034021
4689034022
4689034023
4689034024
4689034025
4689035000
4689035021
4689035022
4689035023
4689035024
4689035025
4689035026
4689035027
4689035028
4689035029
4689035030
4689035031
4689035032
4689035033
4689036000
4689036001
4689036002
4689036021
4689036022
4689036023
4689036024
4689036025
4689036026
4689036027
4689036028
4689037000
4689037021
4689037022
4689037023
4689038000
4689038021
4689038022
4689038023
4689038024
4689039000
4689039021
4689039022
4689039023
4690000000
4690003000
4690003001
4690003002
4690003003
4690003004
4690003005
4690003006
4690003007
4690003008
4690003009
4690003010
4690025000
4690025021
4690025022
4690025023
4690025024
4690025025
4690025026
4690025027
4690025028
4690025029
4690025030
4690025031
4690031000
4690031001
4690031002
4690031003
4690031004
4690031021
4690031022
4690031023
4690031024
4690031025
4690031026
4690031027
4690031028
4690031029
4690031030
4690032000
4690032021
4690032022
4690032023
4690032024
4690032025
4690032026
4690032027
4690032028
4690032029
4690032030
4690032031
4690033000
4690033021
4690033022
4690033023
4690033024
4690033025
4690033026
4690033027
4690033028
4690033029
4690033030
4690033031
4690033032
4690033033
4690033034
4690033035
4690034000
4690034001
4690034021
4690034022
4690034023
4690034024
4690034025
4690034026
4690034027
4690034028
4690034029
4690034030
4690034031
4690034032
4690034033
4690035000
4690035021
4690035022
4690035023
4690035024
4690035025
4690035026
4690035027
4690035028
4690035029
4690035030
4690035031
4690035032
4690035033
4690035034
4690035035
4690036000
4690036001
4690036002
4690036021
4690036022
4690036023
4690036024
4690036025
4690036026
4690036027
4690036028
4690036029
4690036030
4690036031
4690036032
4690036033
4690036034
4690036035
4690036036
4690036037
4690036038
4690036039
4690036040
4690036041
4690036042
4690036043
4691000000
4691003000
4691003001
4691003002
4691003003
4691003004
4691003005
4691003006
4691003007
4691003008
4691003009
4691003010
4691003011
4691003012
4691003013
4691003014
4691003015
4691003016
4691003017
4691025000
4691025001
4691025002
4691025003
4691025004
4691025005
4691025021
4691025022
4691025023
4691025024
4691025025
4691025026
4691025027
4691025028
4691025029
4691025030
4691025031
4691025300
4691025321
4691025322
4691025323
4691025324
4691025325
4691025326
4691025327
4691025328
4691025329
4691025330
4691025331
4691025332
4691025333
4691031000
4691031021
4691031022
4691031023
4691031024
4691031025
4691032000
4691032021
4691032022
4691032023
4691032024
4691032025
4691032026
4691032027
4691032028
4691033000
4691033021
4691033022
4691033023
4691033024
4691033025
4691033026
4691033027
4691033028
4691033029
4691034000
4691034021
4691034022
4691034023
4691034024
4691034025
4691034026
4691034027
4691034028
4691034029
4691034030
4691034031
4691034032
4691034033
4691035000
4691035021
4691035022
4691035023
4691035024
4691035025
4691035026
4691035027
4691035028
4691035029
4691035030
4691035031
4691036000
4691036021
4691036022
4691036023
4691036024
4691036025
4691036026
4691036027
4691036028
4691036029
4691036030
4691036031
4691036032
4691036033
4691036034
4691037000
4691037001
4691037002
4691037003
4691037004
4691037021
4691037022
4691037023
4691037024
4691037025
4691037026
4691037027
4691038000
4691038021
4691038022
4691038023
4691038024
4691038025
4691039000
4691039021
4691039022
4691039023
4691039024
4691039025
4691039026
4691039027
4691040000
4691040001
4691040002
4691040003
4691040004
4691040005
4691040006
4691040007
4691040021
4691040022
4691040023
4691040024
4691040025
4691040026
4691040027
4691040028
4691040029
4691040030
4691040031
4691040032
4691040033
4691040034
4691040035
4691040036
4691040037
4691040038
4691040039
4691040040
4691040041
4691040042
4691040043
4691040044
4691040045
4691041000
4691041021
4691041022
4691041023
4691041024
4691041025
4691041026
4691041027
4691042000
4691042021
4691042022
4691042023
4691042024
4691042025
4691042026
4691042027
4691042028
4691042029
4691043000
4691043001
4691043021
4691043022
4691043023
4691043024
4691043025
4691043026
4691043027
4691043028
4691043029
4691043030
4691043031
4691043032
4691043033
4700000000
4701000000
4701000100
4701000200
4701000300
4701000400
4701000500
4701000600
4701000700
4701000800
4701000900
4701001000
4701001100
4701001200
4701001300
4701001400
4701001500
4701001600
4701001700
4701001800
4701001900
4701002000
4701002100
4701002200
4701002300
4701002400
4701002500
4701002600
4701002700
4701002800
4701002900
4701003000
4701003100
4701003200
4701003300
4701003400
4701003500
4701003600
4701003700
4701003800
4701003900
4701004000
4701004100
4701004200
4701004300
4701004400
4701004500
4701004600
4701004700
4701004800
4701004900
4701005000
4701005100
4701005200
4701005300
4701005400
4701005500
4701005600
4701005700
4701005800
4701005900
4701006000
4701006100
4701006200
4701006300
4701006400
4701006500
4701006600
4701006700
4701006800
4701006900
4701007000
4701007100
4701007200
4701007300
4701007400
4701007500
4701007600
4701007700
4701007800
4701007900
4701008000
4701008100
4701008200
4701008300
4701008400
4701008500
4701008600
4701008700
4701008800
4701008900
4701009000
4701009100
4701009200
4701009300
4701009400
4701009500
4701009600
4701009700
4701009800
4701009900
4701010000
4701010100
4701010200
4701010300
4701010400
4701010500
4701010600
4701010700
4701010800
4701010900
4701011000
4701011100
4701011200
4701011300
4701011400
4701011500
4701011600
4701011700
4701011800
4701011900
4701012000
4701012100
4701012200
4701012300
4701012400
4701012500
4701012600
4701012700
4701012800
4701012900
4701013000
4701013100
4701013200
4701013300
4701013400
4701013500
4701013600
4701013700
4701013800
4701013900
4701014000
4701014100
4701014200
4701014300
4701014400
4701014500
4701014600
4701014700
4701014800
4701014900
4701015000
4701015100
4701100000
4701100100
4701100200
4701100300
4701100400
4701100500
4701100600
4701100700
4701100800
4701100900
4701101000
4701101100
4701101200
4701101300
4701101400
4701101500
4701101600
4701101700
4701101800
4701101900
4701102000
4701102100
4701102200
4701102300
4701102400
4701102500
4701102600
4701102700
4701102800
4701102900
4701103000
4701103100
4701103200
4701103300
4701103400
4701103500
4701103600
4701103700
4701103800
4701103900
4701104000
4701104100
4701104200
4701104300
4701104400
4701104500
4701104600
4701104700
4701104800
4701104900
4701105000
4701105100
4701105200
4701105300
4701105400
4701105500
4701105600
4701105700
4701105800
4701200000
4701200100
4701200200
4701200300
4701200400
4701200500
4701200600
4701200700
4701200800
4701200900
4701201000
4701201100
4701201200
4701201300
4701201400
4701201500
4701201600
4701201700
4701201800
4701201900
4701202000
4701202100
4701202200
4701202300
4701202400
4701202500
4701202600
4701202700
4701202800
4701202900
4701203000
4701203100
4701203200
4701203300
4701203400
4701203500
4701203600
4701203700
4701203800
4701203900
4701204000
4701204100
4701204200
4701204300
4701204400
4701204500
4701204600
4701204700
4701204800
4701204900
4701205000
4701205100
4701205200
4701205300
4701205400
4701205500
4701205600
4701205700
4701205800
4701205900
4701206000
4701206100
4701300000
4701300100
4701300200
4701300300
4701300400
4701300500
4701300600
4701300700
4701300800
4701300900
4701301000
4701301100
4701301200
4701301300
4701301400
4701301500
4701301600
4701301700
4701301800
4701301900
4701302000
4701302100
4701302200
4701302300
4701302400
4701302500
4701302600
4701302700
4701302800
4701400000
4701400100
4701400200
4701400300
4701400400
4701400500
4701400600
4701400700
4701400800
4701400900
4701401000
4701401100
4701401200
4701401300
4701401400
4701500000
4701500100
4701500200
4701500300
4701500400
4701500500
4701500600
4701500700
4701500800
4701500900
4701501000
4701501100
4701501200
4701501300
4701501400
4701501500
4701501600
4701501700
4701501800
4701501900
4701502000
4701502100
4701502200
4701502300
4701502400
4701502500
4701502600
4701502700
4701600000
4701600100
4701600200
4701600300
4701600400
4701600500
4701600600
4701600700
4701600800
4701600900
4701601000
4701601100
4701601200
4701601300
4701601400
4701601500
4701601600
4701601700
4701601800
4701601900
4701602000
4701602100
4701602200
4701602300
4701602400
4701602500
4701602600
4702000000
4702000100
4702000200
4702000300
4702000400
4702000500
4702000600
4702000700
4702000800
4702000900
4702001000
4702001100
4702001200
4702001300
4702001400
4702001500
4702001600
4702001700
4702001800
4702001900
4702002000
4702002100
4702002200
4702002300
4702002400
4702002500
4702002600
4702002700
4702002800
4702002900
4702003000
4702003100
4702003200
4702003300
4702003400
4702003500
4702003600
4702003700
4702003800
4702003900
4702004000
4702004100
4702004200
4702004300
4705000000
4705001000
4705001001
4705001002
4705001003
4705001004
4705001005
4705001006
4705001007
4705001008
4705001009
4705001010
4705001011
4705001012
4705001013
4705001014
4705001500
4705001501
4705001502
4705001503
4705001504
4705001505
4705001506
4705001507
4705001508
4705001509
4705001510
4705001511
4705001512
4705001513
4705001514
4705001515
4705001516
4705001517
4705001518
4705001519
4705001520
4705003000
4705003001
4705003002
4705003003
4705003004
4705003005
4705003006
4705003007
4705003008
4705003009
4705003010
4705003011
4705003500
4705003501
4705003502
4705003503
4705003504
4705003505
4705003506
4705003507
4705003508
4705004000
4705004001
4705004002
4705004003
4705004004
4705004005
4705004006
4705004007
4705004008
4705004009
4705004010
4705004500
4705004501
4705004502
4705004503
4705004504
4705004505
4705004506
4705004507
4705004508
4705005000
4705005001
4705005002
4705005003
4705005004
4705005005
4705005006
4705005007
4705005008
4705005009
4705005010
4705005011
4705005012
4705005013
4705005014
4705005015
4705005016
4705005500
4705005501
4705005502
4705005503
4705005504
4705005505
4705005506
4705005507
4705006000
4705006001
4705006002
4705006003
4705006004
4705006005
4705006006
4705006007
4705006008
4705006500
4705006501
4705006502
4705006503
4705006504
4705006505
4705006506
4705006507
4705006508
4705007000
4705007001
4705007002
4705007003
4705007004
4705007005
4705007006
4705007007
4705007008
4705007009
4705007010
4705007500
4705007501
4705007502
4705007503
4705007504
4705007505
4705007506
4705007507
4705007508
4705007509
4705007510
4705007511
4705007512
4705007513
4705007514
4711000000
4711010100
4711010200
4711010300
4711010400
4711010500
4711010600
4711010700
4711010800
4711010900
4711011000
4711011100
4711011200
4711011300
4711011400
4711011500
4711011600
4711011700
4711011800
4711011900
4711012000
4711012100
4711012200
4711012300
4711012400
4711012500
4711012600
4711012700
4711012800
4711012900
4711013000
4711013100
4711013200
4711013300
4711013400
4711013500
4711013600
4711013700
4711013800
4711013900
4711014000
4711014100
4711090100
4711090200
4711090300
4711090400
4711090500
4711090600
4711090700
4711090800
4711090900
4711091000
4711091100
4711091200
4711091300
4711091400
4711091500
4711091600
4711100000
4711110100
4711110200
4711110300
4711110400
4711110500
4711110600
4711110700
4711110800
4711110900
4711111000
4711111100
4711111200
4711111300
4711111400
4711111500
4711111600
4711111700
4711125000
4711125021
4711125022
4711125023
4711125024
4711125025
4711125026
4711125027
4711125028
4711125029
4711125030
4711125300
4711125321
4711125322
4711125323
4711125324
4711125325
4711125326
4711125327
4711125328
4711125329
4711125330
4711125331
4711125332
4711125333
4711125600
4711125621
4711125622
4711125623
4711125624
4711125625
4711125626
4711125627
4711125628
4711125629
4711125630
4711125631
4711131000
4711131021
4711131022
4711131023
4711131024
4711131025
4711131026
4711131027
4711131028
4711131029
4711132000
4711132021
4711132022
4711132023
4711132024
4711132025
4711132026
4711132027
4711132028
4711132029
4711132030
4711132031
4711132032
4711132033
4711132034
4711133000
4711133021
4711133022
4711133023
4711133024
4711133025
4711133026
4711133027
4711133028
4711133029
4711133030
4711133031
4711133032
4711133033
4711133034
4711133035
4711133036
4711133037
4711133038
4711133039
4711133040
4711133041
4711133042
4711133043
4711134000
4711134021
4711134022
4711134023
4711134024
4711135000
4711135021
4711135022
4711135023
4711135024
4711300000
4711310100
4711310200
4711310300
4711310400
4711310500
4711310600
4711310700
4711310800
4711310900
4711311000
4711311100
4711311200
4711311300
4711311400
4711311500
4711311600
4711311700
4711311800
4711311900
4711312000
4711312100
4711312200
4711312300
4711312400
4711325000
4711325021
4711325022
4711325023
4711325024
4711325025
4711325026
4711325027
4711325028
4711325029
4711325030
4711325031
4711325032
4711325033
4711325034
4711325035
4711325036
4711325037
4711325038
4711325039
4711325040
4711325041
4711325042
4711325043
4711325044
4711325045
4711325046
4711325047
4711325048
4711325049
4711325050
4711331000
4711331021
4711331022
4711331023
4711331024
4711331025
4711331026
4711331027
4711331028
4711331029
4711331030
4711331031
4711331032
4711331033
4711332000
4711332021
4711332022
4711332023
4711332024
4711332025
4711332026
4711332027
4711332028
4711332029
4711332030
4711332031
4711332032
4711332033
4711332034
4711332035
4711332036
4711332037
4711332038
4711333000
4711333021
4711333022
4711333023
4711333024
4711333025
4711333026
4711333027
4711333028
4711333029
4711334000
4711334021
4711334022
4711334023
4711334024
4711334025
4711334026
4711334027
4711334028
4711334029
4711334030
4711334031
4711334032
4711334033
4711334034
4711334035
4711334036
4711335000
4711335021
4711335022
4711335023
4711335024
4711335025
4711335026
4711335027
4711335028
4711335029
4711335030
4711335031
4711335032
4711335033
4711335034
4711335035
4711335036
4711335037
4711335038
4711335039
4711336000
4711336021
4711336022
4711336023
4711336024
4711336025
4711336026
4711336027
4711366500
4713000000
4713010100
4713010200
4713010300
4713010400
4713010500
4713010600
4713010700
4713010800
4713010900
4713011000
4713011100
4713011200
4713011300
4713011400
4713011500
4713011600
4713011700
4713011800
4713011900
4713012000
4713012100
4713012200
4713012300
4713012400
4713012500
4713012600
4713012700
4713012800
4713012900
4713013000
4713013100
4713013200
4713013300
4713013400
4713013500
4713013600
4713013700
4713013800
4713013900
4713014000
4713014100
4713014200
4713014300
4713014400
4713025000
4713025021
4713025022
4713025023
4713025024
4713025025
4713025026
4713025027
4713025028
4713025029
4713025300
4713025321
4713025322
4713025323
4713025324
4713025325
4713025326
4713025327
4713025328
4713025329
4713025330
4713025331
4713025332
4713025333
4713025334
4713025335
4713025600
4713025621
4713025622
4713025623
4713025624
4713025625
4713025626
4713025627
4713025628
4713025629
4713025630
4713025631
4713025900
4713025921
4713025922
4713025923
4713025924
4713025925
4713025926
4713025927
4713025928
4713025929
4713025930
4713025931
4713025932
4713025933
4713025934
4713025935
4713025936
4713025937
4713031000
4713031021
4713031022
4713031023
4713031024
4713031025
4713031026
4713031027
4713031028
4713031029
4713031030
4713031031
4713031032
4713031033
4713031034
4713031035
4713031500
4713031521
4713031522
4713031523
4713031524
4713031525
4713031526
4713031527
4713031528
4713031529
4713031530
4713031531
4713031532
4713031533
4713031534
4713031535
4713032000
4713032021
4713032022
4713032023
4713032024
4713032025
4713032026
4713032027
4713032028
4713032029
4713032030
4713032031
4713032032
4713032033
4713032034
4713032035
4713033000
4713033021
4713033022
4713033023
4713033024
4713033025
4713033026
4713033027
4713033028
4713033029
4713033030
4713033031
4713033032
4713033033
4713034000
4713034021
4713034022
4713034023
4713034024
4713034025
4713034026
4713034027
4713034028
4713034029
4713035000
4713035021
4713035022
4713035023
4713035024
4713035025
4713035026
4713035027
4713035028
4713036000
4713036021
4713036022
4713036023
4713036024
4713036025
4713036026
4713036027
4713036028
4713036029
4713036030
4713037000
4713037021
4713037022
4713037023
4713037024
4713037025
4713037026
4713037027
4713037028
4713037029
4713037030
4713037031
4713038000
4713038021
4713038022
4713038023
4713038024
4713038025
4713038026
4713038027
4713038028
4713038029
4713090100
4713090200
4713090300
4713090400
4713090500
4713090600
4713090700
4713090800
4713090900
4713091000
4713091100
4715000000
4715010100
4715010200
4715010300
4715010400
4715010500
4715010600
4715010700
4715010800
4715010900
4715011000
4715011100
4715011200
4715011300
4715011400
4715011500
4715011600
4715011700
4715011800
4715011900
4715012000
4715025000
4715025021
4715025022
4715025023
4715025024
4715025025
4715025026
4715025027
4715025028
4715025029
4715025030
4715031000
4715031021
4715031022
4715031023
4715031024
4715031025
4715031026
4715031027
4715032000
4715032021
4715032022
4715032023
4715032024
4715032025
4715032026
4715032027
4715032028
4715032029
4715032030
4715033000
4715033031
4715033032
4715033033
4715033034
4715033035
4715033036
4715033037
4715033038
4715033039
4715033040
4715034000
4715034021
4715034022
4715034023
4715034024
4715034025
4715034026
4715034027
4715034028
4715035000
4715035021
4715035022
4715035023
4715035024
4715035025
4715035026
4715035027
4715035028
4715035029
4715035030
4715035031
4715035032
4715035033
4715035034
4715035035
4715036000
4715036021
4715036022
4715036023
4715036024
4715036025
4715036026
4715036027
4715036028
4715036029
4715036030
4715036031
4715036032
4715037000
4715037021
4715037022
4715037023
4715037024
4715037025
4715037026
4715037027
4715037028
4715038000
4715038021
4715038022
4715038023
4715038024
4715038025
4715038026
4715038027
4715039000
4715039021
4715039022
4715039023
4715039024
4715039025
4715040000
4715040021
4715040022
4715040023
4715040024
4715040025
4715040026
4715040027
4715041000
4715041021
4715041022
4715041023
4715041024
4715041025
4715041026
4715041027
4715041028
4715041029
4715041030
4715041031
4715041032
4715041033
4715041034
4715041035
4715041036
4715041037
4715042000
4715042021
4715042022
4715042023
4715042024
4715042025
4715042026
4715042027
4715042028
4715042029
4715042030
4715043000
4715043021
4715043022
4715043023
4715043024
4715043025
4715043026
4715043027
4715043028
4715043029
4715043030
4715043031
4715043032
4715043033
4715044000
4715044021
4715044022
4715044023
4715044024
4715044025
4715044026
4715044027
4715044028
4715044029
4715044030
4715044031
4715044032
4715045000
4715045021
4715045022
4715045023
4715045024
4715045025
4715045026
4715045027
4715045028
4715045029
4715045030
4715090100
4715090200
4715090300
4715090400
4717000000
4717010100
4717010200
4717010300
4717010400
4717010500
4717010600
4717010700
4717010800
4717010900
4717011000
4717011100
4717011200
4717011300
4717011400
4717011500
4717011600
4717011700
4717011800
4717011900
4717012000
4717012100
4717012200
4717012300
4717012400
4717012500
4717012600
4717012700
4717012800
4717012900
4717013000
4717013100
4717013200
4717013300
4717013400
4717013500
4717013600
4717013700
4717013800
4717013900
4717014000
4717014100
4717014200
4717025000
4717025021
4717025022
4717025023
4717025024
4717025025
4717025026
4717025027
4717025028
4717025029
4717025030
4717025031
4717025032
4717025033
4717025034
4717025035
4717025036
4717025037
4717025038
4717025039
4717031000
4717031021
4717031022
4717031023
4717031024
4717031025
4717031026
4717031027
4717031028
4717031029
4717031030
4717031031
4717031032
4717031033
4717031034
4717031035
4717031036
4717031037
4717031038
4717032000
4717032021
4717032022
4717032023
4717032024
4717032025
4717032026
4717032027
4717032028
4717032029
4717032030
4717032031
4717032032
4717033000
4717033021
4717033022
4717033023
4717033024
4717033025
4717033026
4717033027
4717033028
4717033029
4717033030
4717033031
4717033032
4717034000
4717034021
4717034022
4717034023
4717034024
4717034025
4717034026
4717034027
4717034028
4717034029
4717034030
4717034031
4717034032
4717034033
4717035000
4717035021
4717035022
4717035023
4717035024
4717035025
4717035026
4717035027
4717035028
4717035029
4717035030
4717035031
4717035032
4717035033
4717036000
4717036021
4717036022
4717036023
4717036024
4717036025
4717036026
4717036027
4717036028
4717036029
4717037000
4717037021
4717037022
4717037023
4717037024
4717037025
4717037026
4717037027
4717037028
4717038000
4717038001
4717038021
4717038022
4717038023
4717038024
4717038025
4717038026
4717038027
4717038028
4717039000
4717039021
4717039022
4717039023
4717039024
4717039025
4717039026
4717039027
4717039028
4717039029
4717039030
4717039031
4717039032
4717039033
4717040000
4717040001
4717040021
4717040022
4717040023
4717040024
4717040025
4717040026
4717040027
4717040028
4717040029
4717040030
4717040031
4717040032
4717041000
4717041021
4717041022
4717041023
4717041024
4717041025
4717041026
4717041027
4717041028
4717041029
4717041030
4717041031
4717041032
4717041033
4717041034
4717041035
4717041036
4717042000
4717042021
4717042022
4717042023
4717042024
4717042025
4717042026
4717042027
4717042028
4717042029
4717042030
4717042031
4717042032
4717042033
4717043000
4717043021
4717043022
4717043023
4717043024
4717043025
4717043026
4717043027
4717043028
4717043029
4717043030
4717090100
4717090200
4717090300
4717090400
4717090500
4717090600
4717090700
4717090800
4717090900
4719000000
4719010100
4719010200
4719010300
4719010400
4719010500
4719010600
4719010700
4719010800
4719010900
4719011000
4719011100
4719011200
4719011300
4719011400
4719011500
4719011600
4719011700
4719011800
4719011900
4719012000
4719012100
4719012200
4719012300
4719012400
4719012500
4719012600
4719012700
4719012800
4719012900
4719013000
4719025000
4719025021
4719025022
4719025023
4719025024
4719025025
4719025026
4719025027
4719025028
4719025029
4719025030
4719025031
4719025032
4719025033
4719025034
4719025035
4719025036
4719025037
4719025038
4719025300
4719025321
4719025322
4719025323
4719025324
4719025325
4719025326
4719025327
4719025328
4719025329
4719025330
4719025331
4719025332
4719025333
4719025334
4719025335
4719025336
4719025337
4719025338
4719025600
4719025621
4719025622
4719025623
4719025624
4719025625
4719025626
4719025627
4719025628
4719025629
4719025630
4719031000
4719031021
4719031022
4719031023
4719031024
4719031025
4719031026
4719031027
4719031028
4719031029
4719031030
4719032000
4719032021
4719032022
4719032023
4719032024
4719032025
4719032026
4719032027
4719032028
4719032029
4719033000
4719033021
4719033022
4719033023
4719033024
4719033025
4719033026
4719033027
4719033028
4719033029
4719034000
4719034021
4719034022
4719034023
4719034024
4719034025
4719034026
4719034027
4719034028
4719034029
4719034030
4719034031
4719034032
4719034033
4719034034
4719034035
4719035000
4719035021
4719035022
4719035023
4719035024
4719035025
4719035026
4719035027
4719035028
4719035029
4719035030
4719036000
4719036021
4719036022
4719036023
4719036024
4719036025
4719036026
4719036027
4719036028
4719036029
4719037000
4719037039
4719037040
4719037041
4719037042
4719037043
4719037044
4719037045
4719037046
4719037047
4719037048
4719037049
4719037050
4719037051
4719037052
4719037053
4719037054
4719037055
4719037056
4719090100
4719090200
4719090300
4719090400
4719090500
4719090600
4719090700
4719090800
4719090900
4719091000
4719091100
4719091200
4719091300
4721000000
4721010100
4721010200
4721010300
4721010400
4721010500
4721010600
4721010700
4721010800
4721010900
4721011000
4721011100
4721011200
4721011300
4721025000
4721025021
4721025022
4721025023
4721025024
4721025025
4721025026
4721025027
4721025028
4721025029
4721025030
4721025031
4721025032
4721025033
4721025034
4721031000
4721031021
4721031022
4721031023
4721031024
4721031025
4721031026
4721031027
4721031028
4721031029
4721032000
4721032021
4721032022
4721032023
4721032024
4721032025
4721032026
4721032027
4721033000
4721033021
4721033022
4721033023
4721033024
4721033025
4721033026
4721033027
4721033028
4721033029
4721033030
4721034000
4721034021
4721034022
4721034023
4721034024
4721034025
4721034026
4721034027
4721034028
4721035000
4721035021
4721035022
4721035023
4721035024
4721035025
4721035026
4721035027
4721035028
4721035029
4721035030
4721035031
4721035032
4721035033
4721035034
4721036000
4721036021
4721036022
4721036023
4721036024
4721036025
4721036026
4721036027
4721037000
4721037021
4721037022
4721037023
4721037024
4721037025
4721037026
4721037027
4721037028
4721038000
4721038021
4721038022
4721038023
4721038024
4721038025
4721038026
4721038027
4721038028
4721039000
4721039021
4721039022
4721039023
4721039024
4721039025
4721039026
4721039027
4721039028
4721039029
4721039030
4721090100
4721090200
4721090300
4721090400
4721090500
4721090600
4721090700
4721090800
4721090900
4721091000
4721091100
4721091200
4723000000
4723010100
4723010200
4723010300
4723010400
4723010500
4723010600
4723010700
4723010800
4723010900
4723011000
4723011100
4723011200
4723011300
4723011400
4723011500
4723011600
4723011700
4723011800
4723011900
4723012000
4723012100
4723012200
4723012300
4723012400
4723012500
4723012600
4723012700
4723012800
4723012900
4723013000
4723025000
4723025021
4723025022
4723025023
4723025024
4723025025
4723025026
4723025027
4723025028
4723025029
4723025030
4723025031
4723025032
4723025033
4723025034
4723025035
4723025036
4723025037
4723025038
4723025039
4723025040
4723025041
4723031000
4723031021
4723031022
4723031023
4723031024
4723031025
4723031026
4723031027
4723031028
4723031029
4723031030
4723031031
4723031032
4723031033
4723031034
4723031035
4723032000
4723032021
4723032022
4723032023
4723032024
4723032025
4723032026
4723032027
4723032028
4723032029
4723032030
4723032031
4723033000
4723033021
4723033022
4723033023
4723033024
4723033025
4723033026
4723033027
4723033028
4723033029
4723033030
4723033031
4723033032
4723033033
4723033034
4723033035
4723034000
4723034021
4723034022
4723034023
4723034024
4723034025
4723034026
4723034027
4723034028
4723034029
4723034030
4723034031
4723034032
4723034033
4723034034
4723035000
4723035021
4723035022
4723035023
4723035024
4723035025
4723035026
4723035027
4723035028
4723035029
4723035030
4723035031
4723035032
4723035033
4723036000
4723036021
4723036022
4723036023
4723036024
4723036025
4723036026
4723036027
4723036028
4723036029
4723037000
4723037021
4723037022
4723037023
4723037024
4723037025
4723037026
4723037027
4723037028
4723037029
4723037030
4723037031
4723037032
4723037033
4723037034
4723038000
4723038021
4723038022
4723038023
4723038024
4723038025
4723038026
4723038027
4723038028
4723038029
4723038030
4723038031
4723038032
4723038033
4723038034
4723038035
4723038036
4723038037
4723038038
4723038039
4723038040
4723038041
4723038042
4723038043
4723038044
4723038045
4723038046
4723038047
4723038048
4723038049
4723038050
4723038051
4723039000
4723039021
4723039022
4723039023
4723039024
4723039025
4723039026
4723039027
4723039028
4723039029
4723039030
4723039031
4723039032
4723039033
4723039034
4723039035
4723039036
4723039037
4723039038
4723039039
4723039040
4723039041
4723039042
4723039043
4723039044
4723040000
4723040021
4723040022
4723040023
4723040024
4723040025
4723040026
4723040027
4723040028
4723040029
4723040030
4723040031
4723040032
4723040033
4723040034
4723090100
4723090200
4723090300
4723090400
4723090500
4723090600
4723090700
4725000000
4725010100
4725010200
4725010300
4725010400
4725010500
4725010600
4725010700
4725010800
4725010900
4725011000
4725011100
4725011200
4725011300
4725011400
4725011500
4725011600
4725011700
4725011800
4725011900
4725012000
4725012100
4725012200
4725012300
4725012400
4725012500
4725012600
4725012700
4725012800
4725012900
4725013000
4725013100
4725013200
4725013300
4725013400
4725013500
4725013600
4725025000
4725025021
4725025022
4725025023
4725025024
4725025025
4725025026
4725025027
4725025028
4725025029
4725025030
4725025031
4725025032
4725025033
4725025034
4725025035
4725031000
4725031021
4725031022
4725031023
4725031024
4725031025
4725031026
4725031027
4725032000
4725032021
4725032022
4725032023
4725032024
4725032025
4725032026
4725032027
4725032028
4725032029
4725032030
4725032031
4725032032
4725032033
4725032034
4725032035
4725032500
4725032521
4725032522
4725032523
4725032524
4725032525
4725032526
4725032527
4725032528
4725032529
4725032530
4725032531
4725032532
4725032533
4725032534
4725032535
4725033000
4725033021
4725033022
4725033023
4725033024
4725033025
4725033026
4725033027
4725033028
4725033029
4725033030
4725033031
4725033032
4725033033
4725033034
4725033035
4725033036
4725033037
4725034000
4725034021
4725034022
4725034023
4725034024
4725034025
4725034026
4725034027
4725034028
4725034029
4725034030
4725034031
4725034032
4725035000
4725035021
4725035022
4725035023
4725035024
4725035025
4725035026
4725035027
4725035028
4725035029
4725035030
4725035031
4725035032
4725035033
4725035034
4725035035
4725035036
4725035037
4725035038
4725035039
4725036000
4725036021
4725036022
4725036023
4725036024
4725036025
4725036026
4725036027
4725036028
4725037000
4725037021
4725037022
4725037023
4725037024
4725037025
4725037026
4725037027
4725037028
4725037029
4725038000
4725038021
4725038022
4725038023
4725038024
4725038025
4725038026
4725038027
4725038028
4725038029
4725038030
4725039000
4725039021
4725039022
4725039023
4725039024
4725039025
4725039026
4725039027
4725039028
4725039029
4725039030
4725039031
4725039032
4725040000
4725040021
4725040022
4725040023
4725040024
4725040025
4725040026
4725040027
4725040028
4725040029
4725041000
4725041021
4725041022
4725041023
4725041024
4725041025
4725041026
4725041027
4725041028
4725041029
4725041030
4725041031
4725042000
4725042021
4725042022
4725042023
4725042024
4725042025
4725042026
4725043000
4725043021
4725043022
4725043023
4725043024
4725043025
4725043026
4725043027
4725043028
4725043029
4725043030
4725043031
4725043032
4725044000
4725044021
4725044022
4725044023
4725044024
4725044025
4725044026
4725044027
4725044028
4725044029
4725044030
4725045000
4725045021
4725045022
4725045023
4725045024
4725045025
4725045026
4725045027
4725045028
4725045029
4725045030
4725045031
4725046000
4725046021
4725046022
4725046023
4725046024
4725046025
4725046026
4725046027
4725046028
4725046029
4725046030
4725046031
4725046033
4725047000
4725047021
4725047022
4725047023
4725047024
4725047025
4725090100
4725090200
4725090300
4725090400
4725090500
4725090600
4725090700
4727000000
4727010100
4727010200
4727010300
4727010400
4727010500
4727010600
4727010700
4727010800
4727010900
4727011000
4727011100
4727090100
4727090200
4727090300
4727090400
4728000000
4728010100
4728010200
4728010300
4728010400
4728010500
4728010600
4728010700
4728010800
4728010900
4728011000
4728011100
4728025000
4728025021
4728025022
4728025023
4728025024
4728025025
4728025026
4728025027
4728025028
4728025029
4728025030
4728025031
4728025032
4728025033
4728025034
4728025035
4728025036
4728025037
4728025038
4728025300
4728025321
4728025322
4728025323
4728025324
4728025325
4728025326
4728025327
4728025328
4728025329
4728025330
4728025331
4728025332
4728025333
4728025334
4728031000
4728031021
4728031022
4728031023
4728031024
4728031025
4728031026
4728031027
4728031028
4728031029
4728031030
4728031031
4728032000
4728032021
4728032022
4728032023
4728032024
4728032025
4728032026
4728032027
4728032028
4728032029
4728032030
4728032031
4728032032
4728032033
4728032034
4728032035
4728032036
4728033000
4728033021
4728033022
4728033023
4728033024
4728033025
4728033026
4728033027
4728033028
4728033029
4728033030
4728033031
4728034000
4728034021
4728034022
4728034023
4728034024
4728034025
4728034026
4728034027
4728034028
4728034029
4728034030
4728034031
4728034032
4728034033
4728034034
4728034035
4728034036
4728034037
4728034038
4728034039
4728034040
4728034041
4728035000
4728035021
4728035022
4728035023
4728035024
4728035025
4728035026
4728035027
4728035028
4728035029
4728036000
4728036021
4728036022
4728036023
4728036024
4728036025
4728036026
4728036027
4728036028
4728037000
4728037021
4728037022
4728037023
4728037024
4728037025
4728037026
4728037027
4728037028
4728037029
4728037030
4728037031
4729000000
4729010100
4729010200
4729010300
4729010400
4729010500
4729010600
4729010700
4729010800
4729010900
4729011000
4729011100
4729011200
4729011300
4729011400
4729011500
4729011600
4729011700
4729011800
4729011900
4729012000
4729012100
4729012200
4729012300
4729012400
4729012500
4729012600
4729012700
4729012800
4729025000
4729025021
4729025022
4729025023
4729025024
4729025025
4729025026
4729025027
4729025028
4729025029
4729025030
4729025031
4729025032
4729025033
4729025034
4729025035
4729025036
4729025300
4729025321
4729025322
4729025323
4729025324
4729025325
4729025326
4729025327
4729025328
4729025329
4729025330
4729025331
4729025332
4729025333
4729025334
4729025335
4729025336
4729025337
4729025338
4729025339
4729025340
4729025341
4729025342
4729025343
4729025344
4729025345
4729025600
4729025621
4729025622
4729025623
4729025624
4729025625
4729025626
4729025627
4729025628
4729025629
4729025630
4729025631
4729025632
4729025633
4729025634
4729025635
4729025636
4729031000
4729031021
4729031022
4729031023
4729031024
4729031025
4729031026
4729031027
4729031028
4729031029
4729031030
4729031031
4729031032
4729031033
4729031034
4729032000
4729032046
4729032047
4729032048
4729032049
4729032050
4729032051
4729032052
4729032053
4729032054
4729032055
4729032056
4729032057
4729032058
4729032059
4729032060
4729032061
4729032062
4729032063
4729032064
4729032065
4729032066
4729032067
4729032068
4729032069
4729032070
4729033000
4729033021
4729033022
4729033023
4729033024
4729033025
4729033026
4729033027
4729033028
4729033029
4729033030
4729033031
4729033032
4729033033
4729033034
4729033035
4729033036
4729034000
4729034021
4729034022
4729034023
4729034024
4729034025
4729034026
4729034027
4729034028
4729034029
4729034030
4729034031
4729034032
4729034033
4729034034
4729034035
4729034036
4729034037
4729034038
4729034039
4729034040
4729034041
4729035000
4729035021
4729035022
4729035023
4729035024
4729035025
4729035026
4729035027
4729035028
4729035029
4729035030
4729035031
4729035032
4729035033
4729035034
4729035035
4729035036
4729035037
4729035038
4729036000
4729036021
4729036022
4729036023
4729036024
4729036025
4729036026
4729036027
4729036028
4729036029
4729036030
4729036031
4729036032
4729036033
4729036034
4729036035
4729036036
4729037000
4729037021
4729037022
4729037023
4729037024
4729037025
4729037026
4729037027
4729037028
4729037029
4729037030
4729037031
4729037032
4729090100
4729090200
4729090300
4729090400
4729090500
4771000000
4771001000
4771001001
4771001002
4771001003
4771001004
4771001005
4771001006
4771001007
4771001008
4771001009
4771001010
4771001011
4771001500
4771001501
4771001502
4771001503
4771001504
4771001505
4771001506
4771001507
4771001508
4771001509
4771001510
4771001511
4771001512
4771001513
4771001514
4771001515
4771003000
4771003001
4771003002
4771003003
4771003004
4771003005
4771003006
4771003007
4771003008
4771003009
4771003010
4771003011
4771003012
4771003013
4771003014
4771003015
4771003016
4771003017
4771003500
4771003501
4771003502
4771003503
4771003504
4771003505
4771003506
4771003507
4771003508
4771003509
4771003510
4771003511
4771004000
4771004001
4771004002
4771004003
4771004004
4771004005
4771004006
4771004007
4771004008
4771004009
4771004010
4771004011
4771004012
4771004013
4771004014
4771004015
4771004016
4771011000
4771011021
4771011022
4771011023
4771011024
4771011025
4771011026
4771031000
4771031021
4771031022
4771031023
4771031024
4771031025
4771031026
4771031027
4771031028
4771031029
4771031030
4771031031
4771031032
4771031033
4771031034
4771031035
4771031036
4771031037
4771031038
4771031039
4771031040
4771031041
4771031042
4771031043
4771031044
4771032000
4771032021
4771032022
4771032023
4771032024
4771032025
4771032026
4771032027
4771032028
4771032029
4771032030
4771032031
4771032032
4771032033
4771032034
4771032035
4771032036
4771032037
4771032038
4771032039
4771032040
4771032041
4771032042
4771033000
4771033021
4771033022
4771033023
4771033024
4771033025
4771033026
4771033027
4771033028
4771033029
4771033030
4771033031
4771033032
4771033033
4771033034
4771033035
4771033036
4771033037
4771033038
4771034000
4771034001
4771034021
4771034022
4771034023
4771034024
4771034025
4771034026
4771034027
4771034028
4771034029
4771034030
4771034031
4771034032
4771035000
4771035021
4771035022
4771035023
4771035024
4771035025
4771035026
4771035027
4771035028
4771035029
4771035030
4771035031
4771035032
4771035033
4771035034
4771035035
4771035036
4771035037
4771035038
4771036000
4771036021
4771036022
4771036023
4771036024
4771036025
4771036026
4771036027
4771036028
4771036029
4771036030
4771036031
4771036032
4771036033
4771036034
4771036035
4771036036
4771036037
4771036038
4771037000
4771037021
4771037022
4771037023
4771037024
4771037025
4771037026
4771037027
4771037028
4771037029
4771037030
4771037031
4771037032
4771037033
4771037034
4771037035
4771037036
4771037037
4771037038
4771037039
4771037040
4771037041
4771037042
4771038000
4771038021
4771038022
4771038023
4771038024
4771038025
4771038026
4771038027
4771038028
4771038029
4771038030
4771038031
4771038032
4771038033
4771038034
4771038035
4771038036
4771038037
4771038038
4771038039
4771038040
4771038041
4771038042
4771038043
4771038044
4771038045
4771038046
4771039000
4771039021
4771039022
4771039023
4771039024
4771039025
4771039026
4771039027
4771039028
4771039029
4771039030
4771039031
4771039032
4771039033
4771039034
4771039035
4771039036
4771039037
4771039038
4771039039
4771039040
4771039041
4771039042
4771039043
4771039044
4771039045
4771039046
4771039047
4771039048
4771039049
4771039050
4772000000
4772003000
4772003001
4772003002
4772003003
4772003004
4772003005
4772003006
4772003007
4772003008
4772003009
4772003010
4772003011
4772003012
4772003013
4772003014
4772003015
4772003016
4772011000
4772011021
4772011022
4772011023
4772011024
4772011025
4772011026
4772011027
4772011028
4772011029
4772011030
4772011031
4772011032
4772011033
4772011034
4772011035
4772011036
4772025000
4772025021
4772025022
4772025023
4772025024
4772025025
4772025026
4772025027
4772025028
4772025029
4772025030
4772025031
4772025032
4772025033
4772025034
4772025035
4772025036
4772025037
4772031000
4772031021
4772031022
4772031023
4772031024
4772031025
4772031026
4772031027
4772031028
4772031029
4772031030
4772031031
4772031032
4772031033
4772031034
4772031035
4772031036
4772031037
4772031038
4772031039
4772031040
4772031041
4772031042
4772031043
4772031044
4772031045
4772031046
4772031047
4772031048
4772031049
4772031050
4772032000
4772032021
4772032022
4772032023
4772032024
4772032025
4772032026
4772032027
4772032028
4772032029
4772032030
4772032031
4772032032
4772032033
4772032034
4772032035
4772032036
4772032037
4772032038
4772032039
4772032040
4772032041
4772032042
4772032043
4772032044
4772032045
4772032046
4772032047
4772032048
4772032049
4772032050
4772033000
4772033001
4772033002
4772033021
4772033022
4772033023
4772033024
4772033025
4772033026
4772033027
4772033028
4772033029
4772033030
4772033031
4772033032
4772033033
4772033034
4772033035
4772033036
4772034000
4772034021
4772034022
4772034023
4772034024
4772034025
4772034026
4772034027
4772034028
4772034029
4772034030
4772034031
4772034032
4772034033
4772034034
4772034035
4772034036
4772034037
4772034038
4772035000
4772035021
4772035022
4772035023
4772035024
4772035025
4772035026
4772035027
4772035028
4772035029
4772035030
4772035031
4772035032
4772035033
4772035034
4772035035
4772035036
4772035037
4772035038
4772035039
4772035040
4772035041
4772035042
4772036000
4772036001
4772036002
4772036021
4772036022
4772036023
4772036024
4772036025
4772036026
4772036027
4772036028
4772036029
4772036030
4772036031
4772036032
4772036033
4772036034
4772037000
4772037021
4772037022
4772037023
4772037024
4772037025
4772037026
4772037027
4772037028
4772037029
4772037030
4772037031
4772037032
4772037033
4772037034
4772037035
4772037036
4772037037
4772037038
4772037039
4772037040
4772037041
4772037042
4772038000
4772038021
4772038022
4772038023
4772038024
4772038025
4772038026
4772038027
4772038028
4772038029
4772038030
4772038031
4773000000
4773011000
4773011021
4773011022
4773011023
4773011024
4773011025
4773011026
4773011027
4773011028
4773011029
4773011030
4773011031
4773011032
4773011033
4773025000
4773025021
4773025022
4773025023
4773025024
4773025025
4773025026
4773025027
4773025028
4773025029
4773025030
4773025031
4773025032
4773025033
4773031000
4773031021
4773031022
4773031023
4773031024
4773031025
4773031026
4773031027
4773031028
4773031029
4773031030
4773031031
4773031032
4773031033
4773031034
4773031035
4773031036
4773031037
4773031038
4773032000
4773032021
4773032022
4773032023
4773032024
4773032025
4773032026
4773032027
4773032028
4773032029
4773032030
4773032031
4773032032
4773032033
4773032034
4773032035
4773032036
4773033000
4773033021
4773033022
4773033023
4773033024
4773033025
4773033026
4773033027
4773033028
4773033029
4773033030
4773033031
4773033032
4773033033
4773033034
4773033035
4773033036
4773033037
4773033038
4773033039
4773033040
4773034000
4773034021
4773034022
4773034023
4773034024
4773034025
4773034026
4773034027
4773034028
4773034029
4773034030
4773034031
4773034032
4773034033
4773034034
4773034035
4773034036
4773034037
4773034038
4773034039
4773034040
4773035000
4773035021
4773035022
4773035023
4773035024
4773035025
4773035026
4773035027
4773035028
4773035029
4773035030
4773035031
4773035032
4773035033
4773035034
4773035035
4773035036
4773036000
4773036021
4773036022
4773036023
4773036024
4773036025
4773036026
4773036027
4773036028
4773036029
4773036030
4773036031
4773036032
4773036033
4773036034
4773037000
4773037001
4773037021
4773037022
4773037023
4773037024
4773037025
4773037026
4773037027
4773037028
4773037029
4773037030
4773037031
4773037032
4773037033
4773037034
4773037035
4773037036
4773037037
4773037038
4773037039
4773037040
4773037041
4773037042
4773037043
4773037044
4773037045
4773037046
4773037047
4773037048
4773037049
4773037050
4773038000
4773038021
4773038022
4773038023
4773038024
4773038025
4773038026
4773038027
4773038028
4773038029
4773038030
4773038031
4773038032
4773038033
4773038034
4773038035
4773038036
4773038037
4773038038
4773038039
4773038040
4773038041
4773038042
4773038043
4773038044
4773038045
4773038046
4773039000
4773039001
4773039021
4773039022
4773039023
4773039024
4773039025
4773039026
4773039027
4773039028
4773039029
4773039030
4773039031
4773039032
4773039033
4773039034
4773039035
4773039036
4773039037
4773039038
4773039039
4773039040
4773039041
4773039042
4773039043
4773039044
4773039045
4773039046
4773039047
4773039048
4773040000
4773040021
4773040022
4773040023
4773040024
4773040025
4773040026
4773040027
4773040028
4773040029
4773040030
4773040031
4773040032
4773040033
4773040034
4773040035
4773040036
4773040037
4773040038
4773040039
4773040040
4773041000
4773041001
4773041021
4773041022
4773041023
4773041024
4773041025
4773041026
4773041027
4773041028
4773041029
4773041030
4773041031
4773041032
4773041033
4773041034
4773041035
4773041036
4773042000
4773042021
4773042022
4773042023
4773042024
4773042025
4773042026
4773042027
4773042028
4773042029
4773042030
4773042031
4773042032
4773042033
4773042034
4773043000
4773043021
4773043022
4773043023
4773043024
4773043025
4773043026
4773043027
4773043028
4773043029
4773043030
4773043031
4773043032
4773043033
4773043034
4773043035
4773043036
4773043037
4773043038
4773044000
4773044021
4773044022
4773044023
4773044024
4773044025
4773044026
4773044027
4773044028
4773044029
4773044030
4773044031
4773044032
4773044033
4773044034
4773044035
4773044036
4773044037
4773044038
4773044039
4773044040
4773044041
4773044042
4773044043
4773044044
4773044045
4773044046
4773044047
4773044048
4773044049
4773044050
4773044051
4773045000
4773045021
4773045022
4773045023
4773045024
4773045025
4773045026
4773045027
4773045028
4773045029
4773045030
4773045031
4773045032
4773045033
4773045034
4773045035
4773045036
4773045037
4773045038
4773045039
4773045040
4773045041
4773045042
4773045043
4773045044
4773046000
4773046021
4773046022
4773046023
4773046024
4773046025
4773046026
4773046027
4773046028
4773046029
4773046030
4773046031
4773046032
4773046033
4773046034
4773046035
4773046036
4773046037
4773046038
4773046039
4773046040
4773046041
4773046042
4773046043
4773046044
4773046045
4773046046
4773047000
4773047021
4773047022
4773047023
4773047024
4773047025
4773047026
4774000000
4774001000
4774001001
4774001002
4774001003
4774001004
4774001005
4774001006
4774001007
4774001008
4774001009
4774001010
4774001011
4774001012
4774001013
4774001014
4774001015
4774001016
4774001017
4774001018
4774001019
4774001020
4774001021
4774001022
4774001023
4774001024
4774001025
4774001026
4774001027
4774001028
4774001029
4774001030
4774001031
4774001032
4774001033
4774001034
4774001035
4774001036
4774003000
4774003001
4774003002
4774003003
4774003004
4774003005
4774003006
4774003007
4774003008
4774003009
4774003010
4774003011
4774003012
4774003013
4774003014
4774003015
4774003016
4774003017
4774003018
4774003019
4774003020
4774003500
4774003501
4774003502
4774003503
4774003504
4774003505
4774003506
4774003507
4774003508
4774003509
4774003510
4774003511
4774003512
4774003513
4774003514
4774003515
4774003516
4774011000
4774011001
4774011021
4774011022
4774011023
4774011024
4774011025
4774011026
4774011027
4774011028
4774011029
4774011030
4774011031
4774011032
4774011033
4774011034
4774011035
4774011036
4774011037
4774011038
4774011039
4774011040
4774011041
4774011042
4774011043
4774011044
4774011045
4774011046
4774011047
4774011048
4774011049
4774011050
4774011051
4774011052
4774011053
4774011054
4774011055
4774011056
4774011057
4774011058
4774031000
4774031021
4774031022
4774031023
4774031024
4774031025
4774031026
4774031027
4774031028
4774031029
4774031030
4774031031
4774031032
4774031033
4774031034
4774031035
4774031036
4774031037
4774031038
4774031039
4774031040
4774031041
4774031042
4774031043
4774031044
4774031045
4774031046
4774031047
4774031048
4774031049
4774031050
4774031051
4774031052
4774031053
4774031054
4774031055
4774031056
4774032000
4774032021
4774032022
4774032023
4774032024
4774032025
4774032026
4774032027
4774032028
4774032029
4774032030
4774032031
4774032032
4774032033
4774032034
4774032035
4774032036
4774032037
4774032038
4774032039
4774032040
4774032041
4774032042
4774032043
4774032044
4774033000
4774033021
4774033022
4774033023
4774033024
4774033025
4774033026
4774033027
4774033028
4774033029
4774033030
4774033031
4774033032
4774033033
4774033034
4774033035
4774033036
4774033037
4774033038
4774033039
4774033040
4774033041
4774033042
4774034000
4774034021
4774034022
4774034023
4774034024
4774034025
4774034026
4774034027
4774034028
4774034029
4774034030
4774034031
4774034032
4774034033
4774034034
4774034035
4774034036
4774034037
4774034038
4774034039
4774034040
4774034041
4774034042
4774034043
4774034044
4774034045
4774034046
4774035000
4774035021
4774035022
4774035023
4774035024
4774035025
4774035026
4774035027
4774035028
4774035029
4774035030
4774035031
4774035032
4774035033
4774035034
4774035035
4774035036
4774035037
4774035038
4774035039
4774035040
4774035041
4774035042
4774035043
4774035044
4774035045
4774035046
4774036000
4774036001
4774036002
4774036021
4774036022
4774036023
4774036024
4774036025
4774036026
4774036027
4774036028
4774036029
4774036030
4774036031
4774036032
4774036033
4774036034
4774036035
4774036036
4774036037
4774036038
4774037000
4774037001
4774037002
4774037021
4774037022
4774037023
4774037024
4774037025
4774037026
4774037027
4774037028
4774037029
4774037030
4774037031
4774037032
4774037033
4774037034
4774037035
4774037036
4774038000
4774038001
4774038002
4774038003
4774038004
4774038021
4774038022
4774038023
4774038024
4774038025
4774038026
4774038027
4774038028
4774038029
4774038030
4774038031
4774038032
4774038033
4774038034
4774038035
4774038036
4774038037
4774038038
4774039000
4774039001
4774039002
4774039021
4774039022
4774039023
4774039024
4774039025
4774039026
4774039027
4774039028
4774039029
4774039030
4774039031
4774039032
4774039033
4774039034
4774039035
4774039036
4774039037
4774039038
4774039039
4774039040
4774039041
4774039042
4774039043
4774039044
4774039045
4774039046
4774040000
4774040021
4774040022
4774040023
4774040024
4774040025
4774040026
4774040027
4774040028
4774040029
4774040030
4774040031
4774040032
4774040033
4774040034
4774040035
4774040036
4774040037
4774040038
4774040039
4774040040
4774040041
4774040042
4774040043
4774040044
4774040045
4774040046
4774041000
4774041001
4774041002
4774041003
4774041004
4774041021
4774041022
4774041023
4774041024
4774041025
4774041026
4774041027
4774041028
4774041029
4774041030
4774041031
4774041032
4774041033
4774041034
4774041035
4774041036
4774041037
4774041038
4774041039
4774041040
4774041041
4774041042
4774041043
4774041044
4774041045
4774041046
4774041047
4774041048
4774041049
4774041050
4774041051
4774041052
4774042000
4774042021
4774042022
4774042023
4774042024
4774042025
4774042026
4774042027
4774042028
4774042029
4774042030
4774042031
4774042032
4774042033
4774042034
4774042035
4774042036
4774042037
4774042038
4774042039
4774042040
4774042041
4774042042
4774042043
4774042044
4774042045
4774042046
4774043000
4774043021
4774043022
4774043023
4774043024
4774043025
4774043026
4774043027
4774043028
4774043029
4774043030
4774043031
4774043032
4774043033
4774043034
4774043035
4774043036
4774043037
4774043038
4774043039
4774043040
4775000000
4775003000
4775003001
4775003002
4775003003
4775003004
4775003005
4775003006
4775003007
4775003008
4775003009
4775011000
4775011021
4775011022
4775011023
4775011024
4775011025
4775011026
4775011027
4775011028
4775011029
4775025000
4775025021
4775025022
4775025023
4775025024
4775025025
4775025026
4775025027
4775025028
4775025029
4775031000
4775031021
4775031022
4775031023
4775031024
4775031025
4775031026
4775031027
4775031028
4775031029
4775031030
4775031031
4775031032
4775031033
4775031034
4775031035
4775031036
4775031037
4775031038
4775031039
4775031040
4775031500
4775031521
4775031522
4775031523
4775031524
4775031525
4775031526
4775031527
4775031528
4775031529
4775031530
4775032000
4775032021
4775032022
4775032023
4775032024
4775032025
4775032026
4775032027
4775032028
4775032029
4775032030
4775032031
4775032032
4775032033
4775032034
4775032035
4775032036
4775032037
4775032038
4775033000
4775033021
4775033022
4775033023
4775033024
4775033025
4775033026
4775033027
4775033028
4775033029
4775033030
4775033031
4775033032
4775033033
4775033034
4775034000
4775034001
4775034002
4775034003
4775034021
4775034022
4775034023
4775034024
4775034025
4775034026
4775034027
4775034028
4775034029
4775034030
4775034031
4775034032
4775034033
4775034034
4775034035
4775034036
4775034037
4775034038
4775034039
4775034040
4775034041
4775034042
4775034043
4775034044
4775034045
4775034046
4775035000
4775035021
4775035022
4775035023
4775035024
4775035025
4775035026
4775035027
4775035028
4775035029
4775035030
4775035031
4775035032
4775035033
4775035034
4775035035
4775035036
4775035037
4775035038
4775035039
4775035040
4775035041
4775035042
4775035043
4775035044
4775036000
4775036021
4775036022
4775036023
4775036024
4775036025
4775036026
4775036027
4775036028
4775036029
4775036030
4775036031
4775036032
4775036033
4775036034
4775036035
4775036036
4775036037
4775036038
4775036039
4775036040
4775036041
4775036042
4775037000
4775037021
4775037022
4775037023
4775037024
4775037025
4775037026
4775037027
4775037028
4775037029
4775037030
4775037031
4775037032
4775037033
4775037034
4775037035
4775037036
4775037037
4775037038
4775037039
4775037040
4775037041
4775037042
4775037043
4775037044
4775037045
4775037046
4775037047
4775037048
4775037049
4775037050
4775038000
4775038021
4775038022
4775038023
4775038024
4775038025
4775038026
4775038027
4775038028
4775038029
4775038030
4776000000
4776003000
4776003001
4776003002
4776003003
4776003004
4776003005
4776003006
4776003007
4776003008
4776003009
4776003010
4776003011
4776003012
4776003013
4776003014
4776003015
4776011000
4776011021
4776011022
4776011023
4776011024
4776011025
4776011026
4776011027
4776011028
4776011029
4776011030
4776011031
4776011032
4776011033
4776011034
4776011035
4776025000
4776025021
4776025022
4776025023
4776025024
4776025025
4776025026
4776025027
4776025028
4776025029
4776025030
4776025031
4776025032
4776025033
4776025034
4776025035
4776031000
4776031021
4776031022
4776031023
4776031024
4776031025
4776031026
4776031027
4776031028
4776031029
4776031030
4776031031
4776031032
4776031033
4776031034
4776031035
4776031036
4776031037
4776031038
4776031039
4776031040
4776031041
4776031042
4776031043
4776031044
4776031045
4776031046
4776032000
4776032021
4776032022
4776032023
4776032024
4776032025
4776032026
4776032027
4776032028
4776032029
4776032030
4776032031
4776032032
4776032033
4776032034
4776032035
4776032036
4776032037
4776032038
4776032039
4776032040
4776032041
4776032042
4776032043
4776032044
4776032045
4776032046
4776033000
4776033021
4776033022
4776033023
4776033024
4776033025
4776033026
4776033027
4776033028
4776033029
4776033030
4776033031
4776033032
4776033033
4776033034
4776033035
4776033036
4776033037
4776033038
4776033039
4776033040
4776033041
4776033042
4776034000
4776034001
4776034021
4776034022
4776034023
4776034024
4776034025
4776034026
4776034027
4776034028
4776034029
4776034030
4776034031
4776034032
4776034033
4776034034
4776034035
4776034036
4776034037
4776034038
4776035000
4776035001
4776035002
4776035021
4776035022
4776035023
4776035024
4776035025
4776035026
4776035027
4776035028
4776035029
4776035030
4776035031
4776035032
4776035033
4776035034
4776035035
4776035036
4776035037
4776035038
4776035039
4776035040
4776035041
4776035042
4776035043
4776035044
4776035045
4776035046
4777000000
4777003000
4777003001
4777003002
4777003003
4777003004
4777003005
4777003006
4777003007
4777003008
4777003009
4777003010
4777003011
4777003012
4777003013
4777003014
4777003015
4777003016
4777011000
4777011021
4777011022
4777011023
4777011024
4777011025
4777011026
4777011027
4777011028
4777011029
4777011030
4777011031
4777011032
4777011033
4777011034
4777011035
4777011036
4777025000
4777025021
4777025022
4777025023
4777025024
4777025025
4777025026
4777025027
4777025028
4777025029
4777025030
4777025031
4777025032
4777025033
4777025034
4777025035
4777025036
4777025037
4777031000
4777031021
4777031022
4777031023
4777031024
4777031025
4777031026
4777031027
4777031028
4777031029
4777031030
4777031031
4777031032
4777031033
4777031034
4777031035
4777031036
4777031037
4777031038
4777031039
4777031040
4777031041
4777032000
4777032021
4777032022
4777032023
4777032024
4777032025
4777032026
4777032027
4777032028
4777032029
4777032030
4777032031
4777032032
4777032033
4777032034
4777032035
4777032036
4777032037
4777032038
4777032039
4777032040
4777032041
4777032042
4777032043
4777032044
4777032045
4777032046
4777032047
4777032048
4777032049
4777032050
4777033000
4777033021
4777033022
4777033023
4777033024
4777033025
4777033026
4777033027
4777033028
4777033029
4777033030
4777033031
4777033032
4777033033
4777033034
4777033035
4777033036
4777033037
4777033038
4777033039
4777033040
4777033041
4777033042
4777034000
4777034021
4777034022
4777034023
4777034024
4777034025
4777034026
4777034027
4777034028
4777034029
4777034030
4777034031
4777034032
4777034033
4777034034
4777034035
4777034036
4777034037
4777034038
4777034039
4777034040
4777034041
4777034042
4777034043
4777034044
4777034045
4777034046
4777034047
4777034048
4777034049
4777034050
4777034051
4777034052
4777034053
4777034054
4777034055
4777034056
4777034057
4777035000
4777035021
4777035022
4777035023
4777035024
4777035025
4777035026
4777035027
4777035028
4777035029
4777035030
4777035031
4777035032
4777035033
4777035034
4777035035
4777035036
4777035037
4777035038
4777035039
4777035040
4777035041
4777035042
4777036000
4777036021
4777036022
4777036023
4777036024
4777036025
4777036026
4777036027
4777036028
4777036029
4777036030
4777036031
4777036032
4777036033
4777036034
4777036035
4777036036
4777036037
4777036038
4777037000
4777037021
4777037022
4777037023
4777037024
4777037025
4777037026
4777037027
4777037028
4777037029
4777037030
4777037031
4777037032
4777037033
4777037034
4777037035
4777037036
4777037037
4777037038
4777037039
4777037040
4777037041
4777037042
4777037043
4777037044
4777037045
4777037046
4777037047
4777037048
4777037049
4777038000
4777038021
4777038022
4777038023
4777038024
4777038025
4777038026
4777038027
4777038028
4777038029
4777038030
4777038031
4777038032
4777038033
4777038034
4777038035
4777038036
4777038037
4777038038
4777038039
4777038040
4777038041
4777038042
4777038043
4777038044
4777038045
4777038046
4778000000
4778001000
4778001001
4778001002
4778001003
4778001004
4778001005
4778001006
4778001007
4778001008
4778001009
4778001010
4778001011
4778001012
4778001013
4778001014
4778001015
4778001016
4778001017
4778001018
4778001019
4778001020
4778001021
4778001022
4778001023
4778001024
4778001025
4778001026
4778001027
4778001028
4778001029
4778001030
4778003000
4778003001
4778003002
4778003003
4778003004
4778003005
4778003006
4778003007
4778003008
4778003009
4778003010
4778003011
4778003012
4778003013
4778003014
4778003015
4778003016
4778003017
4778003500
4778003501
4778003502
4778003503
4778003504
4778003505
4778003506
4778003507
4778003508
4778003509
4778003510
4778003511
4778003512
4778004000
4778004001
4778004002
4778004003
4778004004
4778004005
4778004006
4778004007
4778004008
4778004009
4778004010
4778004011
4778004012
4778004013
4778004014
4778004015
4778004016
4778004017
4778004018
4778004019
4778004020
4778004021
4778004022
4778004023
4778004024
4778004025
4778004026
4778004027
4778004028
4778004029
4778004030
4778004500
4778004501
4778004502
4778004503
4778004504
4778004505
4778004506
4778004507
4778004508
4778004509
4778004510
4778004511
4778004512
4778004513
4778004514
4778004515
4778004516
4778011000
4778011001
4778011002
4778011003
4778011021
4778011022
4778011023
4778011024
4778011025
4778011026
4778011027
4778011028
4778011029
4778011030
4778012000
4778012021
4778012022
4778012023
4778012024
4778012025
4778012026
4778012027
4778012028
4778012029
4778012030
4778012031
4778012032
4778012033
4778012034
4778012035
4778012036
4778012037
4778012038
4778012039
4778012040
4778012041
4778012042
4778012043
4778012044
4778012045
4778012046
4778012047
4778012048
4778012049
4778012050
4778012051
4778012052
4778012053
4778012054
4778012055
4778012056
4778012057
4778012058
4778012059
4778012060
4778012061
4778012062
4778012063
4778012064
4778012065
4778012066
4778012067
4778012068
4778012069
4778012070
4778012071
4778012072
4778012073
4778012074
4778012075
4778012076
4778012077
4778012078
4778012079
4778012080
4778013000
4778013001
4778013002
4778013003
4778013004
4778013021
4778013022
4778013023
4778013024
4778013025
4778013026
4778013027
4778013028
4778013029
4778013030
4778013031
4778013032
4778013033
4778013034
4778013035
4778013036
4778013037
4778013038
4778013039
4778013040
4778013041
4778013042
4778013043
4778013044
4778013045
4778013046
4778014000
4778014021
4778014022
4778014023
4778014024
4778014025
4778014026
4778014027
4778014028
4778014029
4778014030
4778014031
4778014032
4778014033
4778014034
4778014035
4778014036
4778014037
4778014038
4778014039
4778014040
4778014041
4778014042
4778031000
4778031021
4778031022
4778031023
4778031024
4778031025
4778031026
4778031027
4778031028
4778031029
4778031030
4778031031
4778031032
4778031033
4778031034
4778031035
4778031036
4778031037
4778031038
4778031039
4778031040
4778031041
4778031042
4778031043
4778031044
4778031045
4778031046
4778031047
4778032000
4778032021
4778032022
4778032023
4778032024
4778032025
4778032026
4778032027
4778032028
4778032029
4778032030
4778032031
4778032032
4778032033
4778032034
4778032035
4778032036
4778032037
4778032038
4778033000
4778033001
4778033021
4778033022
4778033023
4778033024
4778033025
4778033026
4778033027
4778033028
4778033029
4778034000
4778034001
4778034002
4778034003
4778034004
4778034005
4778034006
4778034007
4778034021
4778034022
4778034023
4778034024
4778034025
4778034026
4778034027
4778034028
4778034029
4778034030
4778034031
4778034032
4778034033
4778034034
4778034035
4778034036
4778034037
4778034038
4778034039
4778034040
4778034041
4778034042
4778034043
4778034044
4778034045
4778034046
4778034047
4778034048
4778034049
4778034050
4778034051
4778034052
4778035000
4778035021
4778035022
4778035023
4778035024
4778035025
4778035026
4778035027
4778035028
4778035029
4778035030
4778035031
4778035032
4778035033
4778035034
4778035035
4778035036
4778035037
4778035038
4778035039
4778036000
4778036001
4778036002
4778036003
4778036004
4778036005
4778036006
4778036021
4778036022
4778036023
4778036024
4778036025
4778036026
4778036027
4778036028
4778036029
4778036030
4778036031
4778036032
4778036033
4778036034
4778036035
4778036036
4778036037
4778036038
4778036039
4778036040
4778037000
4778037001
4778037002
4778037021
4778037022
4778037023
4778037024
4778037025
4778037026
4778037027
4778037028
4778037029
4778037030
4778037031
4778037032
4778037033
4778037034
4778037035
4778037036
4778037037
4778037038
4778037039
4778037040
4778037041
4778037042
4778037043
4778037044
4778037045
4778037046
4778037047
4778037048
4778038000
4778038021
4778038022
4778038023
4778038024
4778038025
4778038026
4778038027
4778038028
4778038029
4778038030
4778038031
4778038032
4778038033
4778038034
4778038035
4778038036
4778038037
4778038038
4778038039
4778038040
4778038041
4778038042
4778038043
4778038500
4778038521
4778038522
4778038523
4778038524
4778038525
4778038526
4778038527
4778038528
4778038529
4778038530
4778038531
4778038532
4778038533
4778038534
4778038535
4778038536
4778038537
4778038538
4778038539
4778038540
4778038541
4778038542
4778038543
4778039000
4778039001
4778039021
4778039022
4778039023
4778039024
4778040000
4778040021
4778040022
4778040023
4778040024
4778040025
4778040026
4778040027
4778040028
4778040029
4778040030
4778040031
4778040032
4778040033
4778040034
4779000000
4779003000
4779003001
4779003002
4779003003
4779003004
4779003005
4779003006
4779003007
4779003008
4779003009
4779003010
4779003011
4779003012
4779003013
4779003014
4779003015
4779003016
4779003017
4779011000
4779011021
4779011022
4779011023
4779011024
4779011025
4779011026
4779011027
4779011028
4779011029
4779012000
4779012021
4779012022
4779012023
4779012024
4779012025
4779012026
4779012027
4779012028
4779012029
4779012030
4779012031
4779012032
4779012033
4779012034
4779012035
4779013000
4779013021
4779013022
4779013023
4779013024
4779013025
4779013026
4779013027
4779013028
4779013029
4779013030
4779013031
4779014000
4779014021
4779014022
4779014023
4779014024
4779014025
4779014026
4779014027
4779014028
4779014029
4779014030
4779014031
4779014032
4779014033
4779014034
4779014035
4779014036
4779014037
4779031000
4779031021
4779031022
4779031023
4779031024
4779031025
4779031026
4779031027
4779031028
4779031029
4779031030
4779031031
4779031032
4779031033
4779031034
4779031035
4779032000
4779032021
4779032022
4779032023
4779032024
4779032025
4779032026
4779032027
4779032028
4779032029
4779032030
4779032031
4779032032
4779032033
4779032034
4779032035
4779033000
4779033001
4779033002
4779033021
4779033022
4779033023
4779033024
4779033025
4779033026
4779033027
4779033028
4779033029
4779033030
4779033031
4779033032
4779033033
4779034000
4779034021
4779034022
4779034023
4779034024
4779034025
4779034026
4779034027
4779034028
4779034029
4779035000
4779035001
4779035002
4779035003
4779035004
4779035005
4779035006
4779035007
4779035008
4779035009
4779035010
4779035011
4779035021
4779035022
4779035023
4779035024
4779035025
4779035026
4779035027
4779035028
4779036000
4779036021
4779036022
4779036023
4779036024
4779036025
4779036026
4779036027
4779036028
4779036029
4779036030
4779037000
4779037021
4779037022
4779037023
4779037024
4779037025
4779037026
4779037027
4779037028
4779037029
4779037030
4779037031
4779038000
4779038001
4779038002
4779038003
4779038021
4779038022
4779038023
4779038024
4779038025
4779038026
4779038027
4779038028
4779038029
4779500000
4779511000
4779511021
4779511022
4779511023
4779511024
4779511025
4779511026
4779511027
4779511028
4779511029
4779512000
4779512021
4779512022
4779512023
4779512024
4779512025
4779512026
4779512027
4779512028
4779512029
4779512030
4779512031
4779512032
4779512033
4779512034
4779512035
4779513000
4779513021
4779513022
4779513023
4779513024
4779513025
4779513026
4779513027
4779513028
4779513029
4779513030
4779513031
4779514000
4779514021
4779514022
4779514023
4779514024
4779514025
4779514026
4779514027
4779514028
4779514029
4779514030
4779514031
4779514032
4779514033
4779514034
4779514035
4779514036
4779514037
4779531000
4779531021
4779531022
4779531023
4779531024
4779531025
4779531026
4779531027
4779531028
4779531029
4779531030
4779531031
4779531032
4779531033
4779531034
4779531035
4779532000
4779532021
4779532022
4779532023
4779532024
4779532025
4779532026
4779532027
4779532028
4779532029
4779532030
4779532031
4779532032
4779532033
4779532034
4779532035
4779533000
4779533021
4779533022
4779533023
4779533024
4779533025
4779533026
4779533027
4779533028
4779533029
4779533030
4779533031
4779533032
4779533033
4779534000
4779534021
4779534022
4779534023
4779534024
4779534025
4779534026
4779534027
4779534028
4779534029
4779535000
4779535021
4779535023
4779535024
4779535025
4779535026
4779535027
4779535028
4779535029
4779536000
4779536021
4779536022
4779536023
4779536024
4779536025
4779536026
4779536027
4779536028
4779536029
4779536030
4779537000
4779537021
4779537022
4779537023
4779537024
4779537025
4779537026
4779537027
4779537028
4779537029
4779537030
4779537031
4779538000
4779538021
4779538022
4779538023
4779538024
4779538025
4779538026
4779538027
4779538028
4779538029
4780000000
4780001000
4780001001
4780001002
4780001003
4780001004
4780001005
4780001006
4780001007
4780001008
4780001009
4780001010
4780001011
4780001012
4780001013
4780001014
4780001015
4780001016
4780001017
4780001018
4780001019
4780001020
4780001021
4780001022
4780001023
4780003000
4780003001
4780003002
4780003003
4780003004
4780003005
4780003006
4780003007
4780003008
4780003009
4780003010
4780003011
4780003012
4780003013
4780003014
4780003015
4780003016
4780003017
4780003018
4780003019
4780003020
4780003021
4780003022
4780011000
4780011001
4780011021
4780011022
4780011023
4780011024
4780011025
4780011026
4780011027
4780011028
4780011029
4780011030
4780011031
4780011032
4780011033
4780011034
4780011035
4780011036
4780011037
4780011038
4780011039
4780011040
4780011041
4780011042
4780011043
4780011044
4780011045
4780011046
4780011047
4780011048
4780011049
4780011050
4780011051
4780011052
4780011053
4780011054
4780011055
4780011056
4780011057
4780011058
4780011059
4780011060
4780011061
4780011062
4780031000
4780031001
4780031002
4780031021
4780031022
4780031023
4780031024
4780031025
4780031026
4780031027
4780031028
4780031029
4780031030
4780031031
4780031032
4780031033
4780031034
4780031035
4780031036
4780031037
4780031038
4780031039
4780031040
4780031041
4780031042
4780031043
4780031044
4780031045
4780031046
4780031047
4780031048
4780031049
4780031050
4780031051
4780031052
4780032000
4780032021
4780032022
4780032023
4780032024
4780032025
4780032026
4780032027
4780032028
4780032029
4780032030
4780032031
4780032032
4780032033
4780032034
4780032035
4780032036
4780032037
4780032038
4780032039
4780032040
4780032041
4780032042
4780033000
4780033001
4780033002
4780033021
4780033022
4780033023
4780033024
4780033025
4780033026
4780033027
4780033028
4780033029
4780033030
4780033031
4780033032
4780033033
4780033034
4780033035
4780033036
4780033037
4780033038
4780033039
4780033040
4780033041
4780033042
4780033043
4780033044
4780033045
4780033046
4780033047
4780033048
4780033049
4780033050
4780034000
4780034001
4780034002
4780034003
4780034004
4780034005
4780034006
4780034007
4780034008
4780034009
4780034010
4780034021
4780034022
4780034023
4780034024
4780034025
4780034026
4780034027
4780034028
4780034029
4780034030
4780034031
4780034032
4780034033
4780034034
4780034035
4780034036
4780034037
4780034038
4780034039
4780034040
4780034041
4780034042
4780034043
4780034044
4780034045
4780034046
4780034047
4780034048
4780034049
4780034050
4780035000
4780035021
4780035022
4780035023
4780035024
4780035025
4780035026
4780035027
4780035028
4780035029
4780035030
4780035031
4780035032
4780035033
4780035034
4780035035
4780035036
4780035037
4780035038
4780035039
4780035040
4780035041
4780035042
4780035043
4780035044
4780036000
4780036021
4780036022
4780036023
4780036024
4780036025
4780036026
4780036027
4780036028
4780036029
4780036030
4780036031
4780036032
4780036033
4780036034
4780036035
4780036036
4780036037
4780036038
4780037000
4780037001
4780037002
4780037021
4780037022
4780037023
4780037024
4780037025
4780037026
4780037027
4780037028
4780037029
4780037030
4780037031
4780037032
4780037033
4780037034
4780037035
4780037036
4780037037
4780037038
4780037039
4780037040
4780037041
4780037042
4780037043
4780037044
4780037045
4780037046
4780037047
4780037048
4780038000
4780038021
4780038022
4780038023
4780038024
4780038025
4780038026
4780038027
4780038028
4780038029
4780038030
4780038031
4780038032
4780038033
4780038034
4780038035
4780038036
4780038037
4780038038
4780038039
4780038040
4780038041
4780038042
4780038043
4780038044
4780038045
4780038046
4780038047
4780038048
4780038049
4780038050
4780038051
4780038052
4780038053
4780038054
4780038055
4780038056
4780038057
4780038058
4780038059
4780038060
4780038061
4780038062
4780038063
4780038064
4780038065
4780038066
4780038067
4780038068
4780038069
4780038070
4780038071
4780038072
4780038073
4780038074
4780038075
4780038076
4780038077
4780038078
4780038079
4780038080
4780039000
4780039021
4780039022
4780039023
4780039024
4780039025
4780039026
4780039027
4780039028
4780039029
4780039030
4780039031
4780039032
4780039033
4780039034
4780039035
4780039036
4780039037
4780039038
4780039039
4780039040
4780039041
4780039042
4780039043
4780039044
4780039045
4780039046
4780039047
4780039048
4780039049
4780039050
4780039051
4780039052
4780039053
4780039054
4780039055
4780039056
4780039057
4780039058
4780039059
4780039060
4780039061
4780039062
4780039063
4780039064
4780039065
4780039066
4780039067
4780039068
4780040000
4780040021
4780040022
4780040023
4780040024
4780040025
4780040026
4780040027
4780040028
4780040029
4780040030
4780040031
4780040032
4780040033
4780040034
4780040035
4780040036
4780040037
4780040038
4780040039
4780040040
4780040041
4780040042
4780040043
4780040044
4780040045
4780040046
4780040047
4780040048
4781000000
4781001000
4781001001
4781001002
4781001003
4781001004
4781001005
4781001006
4781001007
4781001008
4781001009
4781001010
4781001011
4781001012
4781001013
4781001014
4781001015
4781001016
4781001017
4781003000
4781003001
4781003002
4781003003
4781003004
4781003005
4781003006
4781003007
4781003008
4781003009
4781003010
4781003011
4781003012
4781003013
4781003500
4781003501
4781003502
4781003503
4781003504
4781003505
4781003506
4781003507
4781003508
4781003509
4781003510
4781003511
4781003512
4781003513
4781003514
4781003515
4781003516
4781004000
4781004001
4781004002
4781004003
4781004004
4781004005
4781004006
4781004007
4781004008
4781004009
4781004010
4781004011
4781004012
4781004013
4781004014
4781004015
4781004016
4781004017
4781011000
4781011021
4781011022
4781011023
4781011024
4781011025
4781011026
4781011027
4781011028
4781011029
4781011030
4781011031
4781011032
4781011033
4781011034
4781011035
4781011036
4781011037
4781011038
4781011039
4781011040
4781011041
4781011042
4781011043
4781011044
4781011045
4781011046
4781011047
4781011048
4781011049
4781011050
4781011051
4781011052
4781011053
4781011054
4781011055
4781011056
4781011057
4781011058
4781011059
4781011060
4781011061
4781011062
4781011063
4781011064
4781011065
4781011066
4781011067
4781011068
4781011069
4781011070
4781011071
4781011072
4781011073
4781011074
4781011075
4781011076
4781012000
4781012021
4781012022
4781012023
4781012024
4781012025
4781012026
4781012027
4781012028
4781012029
4781012030
4781012031
4781012032
4781012033
4781012034
4781012035
4781012036
4781012037
4781012038
4781012039
4781012040
4781012041
4781012042
4781012043
4781012044
4781012045
4781012046
4781012047
4781012048
4781012049
4781012050
4781012051
4781012052
4781031000
4781031021
4781031022
4781031023
4781031024
4781031025
4781031026
4781031027
4781031028
4781031029
4781031030
4781031031
4781031032
4781031033
4781031034
4781031035
4781031036
4781031037
4781031038
4781031039
4781031040
4781031041
4781031042
4781031043
4781031044
4781031045
4781031046
4781031047
4781031048
4781032000
4781032021
4781032022
4781032023
4781032024
4781032025
4781032026
4781032027
4781032028
4781032029
4781032030
4781032031
4781032032
4781032033
4781032034
4781032035
4781032036
4781032037
4781032038
4781032039
4781032040
4781032041
4781032042
4781032043
4781032044
4781032045
4781032046
4781032047
4781032048
4781032049
4781032050
4781032051
4781032052
4781032053
4781032054
4781032055
4781032056
4781032057
4781032058
4781032059
4781032060
4781032061
4781032062
4781032063
4781032064
4781032065
4781032066
4781032067
4781032068
4781032069
4781032070
4781033000
4781033021
4781033022
4781033023
4781033024
4781033025
4781033026
4781033027
4781033028
4781033029
4781033030
4781033031
4781033032
4781033033
4781033034
4781033035
4781033036
4781033037
4781033038
4781033039
4781033040
4781033041
4781033042
4781033043
4781033044
4781033045
4781033046
4781033047
4781033048
4781033049
4781033050
4781033051
4781033052
4781034000
4781034021
4781034022
4781034023
4781034024
4781034025
4781034026
4781034027
4781034028
4781034029
4781034030
4781034031
4781034032
4781034033
4781034034
4781034035
4781034036
4781034037
4781034038
4781034039
4781034040
4781034041
4781034042
4781034043
4781034044
4781034045
4781034046
4781034047
4781034048
4781034049
4781034050
4781034051
4781034052
4781034053
4781034054
4781034055
4781034056
4781034057
4781034058
4781034059
4781034060
4781035000
4781035021
4781035022
4781035023
4781035024
4781035025
4781035026
4781035027
4781035028
4781035029
4781035030
4781035031
4781035032
4781035033
4781035034
4781035035
4781035036
4781035037
4781035038
4781035039
4781035040
4781035041
4781035042
4781035043
4781035044
4781035045
4781035046
4781035047
4781035048
4781035049
4781035050
4781035051
4781035052
4781035053
4781035054
4781035055
4781035056
4781036000
4781036001
4781036002
4781036003
4781036004
4781036005
4781036006
4781036007
4781036008
4781036009
4781036010
4781036011
4781036021
4781036022
4781036023
4781036024
4781036025
4781036026
4781036027
4781036028
4781036029
4781036030
4781036031
4781036032
4781036033
4781036034
4781036035
4781036036
4781036037
4781036038
4781036039
4781036040
4781036041
4781036042
4781036043
4781036044
4781036045
4781036046
4781036047
4781036048
4781036049
4781036050
4781036051
4781036052
4781037000
4781037021
4781037022
4781037023
4781037024
4781037025
4781037026
4781037027
4781037028
4781037029
4781037030
4781037031
4781037032
4781037033
4781037034
4781037035
4781037036
4781037037
4781037038
4781037039
4781037040
4781037041
4781037042
4781037043
4781037044
4782000000
4782003000
4782003001
4782003002
4782003003
4782003004
4782003005
4782003006
4782003007
4782003008
4782003009
4782003010
4782003011
4782003012
4782003013
4782003014
4782003015
4782003016
4782003017
4782011000
4782011021
4782011022
4782011023
4782011024
4782011025
4782011026
4782011027
4782011028
4782011029
4782011030
4782011031
4782011032
4782011033
4782011034
4782011035
4782011036
4782011037
4782012000
4782012021
4782012022
4782012023
4782012024
4782012025
4782012026
4782012027
4782012028
4782012029
4782012030
4782012031
4782012032
4782012033
4782012034
4782012035
4782012036
4782012037
4782012038
4782012039
4782012040
4782012041
4782025000
4782025021
4782025022
4782025023
4782025024
4782025025
4782025026
4782025027
4782025028
4782025029
4782025030
4782025031
4782025032
4782025033
4782025034
4782025035
4782025036
4782025037
4782025300
4782025321
4782025322
4782025323
4782025324
4782025325
4782025326
4782025327
4782025328
4782025329
4782025330
4782025331
4782025332
4782025333
4782025334
4782025335
4782025336
4782025337
4782025338
4782025339
4782025340
4782025341
4782031000
4782031021
4782031022
4782031023
4782031024
4782031025
4782031026
4782031027
4782031028
4782031029
4782031030
4782031031
4782031032
4782031033
4782031034
4782031035
4782031036
4782031037
4782031038
4782031039
4782031040
4782032000
4782032021
4782032022
4782032023
4782032024
4782032025
4782032026
4782032027
4782032028
4782032029
4782032030
4782032031
4782032032
4782032033
4782032034
4782032035
4782032036
4782032037
4782032038
4782032039
4782032040
4782032041
4782032042
4782032043
4782032044
4782033000
4782033021
4782033022
4782033023
4782033024
4782033025
4782033026
4782033027
4782033028
4782033029
4782033030
4782033031
4782033032
4782033033
4782033034
4782033035
4782033036
4782034000
4782034021
4782034022
4782034023
4782034024
4782034025
4782034026
4782034027
4782034028
4782034029
4782034030
4782034031
4782034032
4782034033
4782034034
4782034035
4782034036
4782034037
4782034038
4782034039
4782034040
4782034041
4782034042
4782034043
4782034044
4782034045
4782034046
4782034047
4782034048
4782034049
4782034050
4782034051
4782034052
4782034053
4782034054
4782034055
4782035000
4782035021
4782035022
4782035023
4782035024
4782035025
4782035026
4782035027
4782035028
4782035029
4782035030
4782035031
4782035032
4782035033
4782035034
4782035035
4782035036
4782035037
4782035038
4782035039
4782035040
4782035041
4782035042
4782035043
4782036000
4782036021
4782036022
4782036023
4782036024
4782036025
4782036026
4782036027
4782036028
4782036029
4782036030
4782036031
4782036032
4782036033
4782036034
4782036035
4782036036
4782036037
4782036038
4782036039
4782036040
4782037000
4782037021
4782037022
4782037023
4782037024
4782037025
4782037026
4782037027
4782037028
4782037029
4782037030
4782037031
4782037032
4782037033
4782037034
4782037035
4782037036
4782037037
4782037038
4782037039
4782037040
4782037041
4782037042
4782037043
4782037044
4782037045
4782037046
4782037047
4782037048
4782037049
4782037050
4782037051
4782037052
4782037053
4782037054
4782037055
4782037056
4782037057
4782037058
4782037059
4782037060
4783000000
4783003000
4783003001
4783003002
4783003003
4783003004
4783003005
4783003006
4783003007
4783003008
4783003009
4783003010
4783003011
4783003012
4783003013
4783011000
4783011021
4783011022
4783011023
4783011024
4783011025
4783011026
4783011027
4783011028
4783011029
4783011030
4783011031
4783011032
4783011033
4783025000
4783025021
4783025022
4783025023
4783025024
4783025025
4783025026
4783025027
4783025028
4783025029
4783025030
4783025031
4783025032
4783025033
4783025300
4783025321
4783025322
4783025323
4783025324
4783025325
4783025326
4783025327
4783025328
4783025329
4783025330
4783025331
4783025332
4783025333
4783031000
4783031001
4783031021
4783031022
4783031023
4783031024
4783031025
4783031026
4783031027
4783031028
4783031029
4783031030
4783031031
4783031032
4783031033
4783031034
4783031035
4783031036
4783031037
4783031038
4783031039
4783031040
4783032000
4783032021
4783032022
4783032023
4783032024
4783032025
4783032026
4783032027
4783032028
4783032029
4783032030
4783032031
4783032032
4783032033
4783032034
4783032035
4783032036
4783032037
4783032038
4783033000
4783033021
4783033022
4783033023
4783033024
4783033025
4783033026
4783033027
4783033028
4783033029
4783033030
4783033031
4783033032
4783033033
4783033034
4783033035
4783033036
4783033037
4783033038
4783033039
4783033040
4783033041
4783033042
4783033043
4783033044
4783033045
4783033046
4783033047
4783033048
4783034000
4783034021
4783034022
4783034023
4783034024
4783034025
4783034026
4783034027
4783034028
4783034029
4783034030
4783034031
4783034032
4783034033
4783034034
4783034035
4783034036
4783034037
4783034038
4783034039
4783034040
4783035000
4783035021
4783035022
4783035023
4783035024
4783035025
4783035026
4783035027
4783035028
4783035029
4783035030
4783035031
4783035032
4783035033
4783035034
4783035035
4783035036
4783035037
4783035038
4783035039
4783035040
4783035041
4783035042
4783036000
4783036021
4783036022
4783036023
4783036024
4783036025
4783036026
4783036027
4783036028
4783036029
4783036030
4783036031
4783036032
4783036033
4783036034
4783036035
4783036036
4783036037
4783036038
4783036039
4783036040
4783036041
4783036042
4783036043
4783036044
4783036045
4783036046
4783037000
4783037021
4783037022
4783037023
4783037024
4783037025
4783037026
4783037027
4783037028
4783037029
4783037030
4783037031
4783037032
4783037033
4783037034
4783037035
4783037036
4783037037
4783037038
4783037039
4783037040
4783037041
4783037042
4783037043
4783037044
4783037045
4783037046
4783037047
4783037048
4783037049
4783037050
4783037051
4783037052
4784000000
4784003000
4784003001
4784003002
4784003003
4784003004
4784003005
4784003006
4784003007
4784003008
4784003009
4784003010
4784011000
4784011021
4784011022
4784011023
4784011024
4784011025
4784011026
4784011027
4784011028
4784011029
4784011030
4784025000
4784025021
4784025022
4784025023
4784025024
4784025025
4784025026
4784025027
4784025028
4784025029
4784025030
4784031000
4784031001
4784031021
4784031022
4784031023
4784031024
4784031025
4784031026
4784031027
4784031028
4784031029
4784031030
4784031031
4784031032
4784031033
4784031034
4784031035
4784031036
4784031037
4784031038
4784031039
4784031040
4784031041
4784031042
4784031043
4784031044
4784031045
4784031046
4784031047
4784031048
4784032000
4784032001
4784032021
4784032022
4784032023
4784032024
4784032025
4784032026
4784032027
4784032028
4784032029
4784032030
4784032031
4784032032
4784032033
4784032034
4784032035
4784032036
4784032037
4784032038
4784032039
4784032040
4784032041
4784032042
4784032043
4784032044
4784032045
4784032046
4784032047
4784032048
4784032049
4784032050
4784032051
4784032052
4784032053
4784032054
4784032055
4784032056
4784032057
4784032058
4784033000
4784033021
4784033022
4784033023
4784033024
4784033025
4784033026
4784033027
4784033028
4784033029
4784033030
4784033031
4784033032
4784033033
4784033034
4784033035
4784033036
4784033037
4784033038
4784033039
4784033040
4784033041
4784033042
4784033043
4784033044
4784033045
4784033046
4784033047
4784033048
4784034000
4784034021
4784034022
4784034023
4784034024
4784034025
4784034026
4784034027
4784034028
4784034029
4784034030
4784034031
4784034032
4784034033
4784034034
4784034035
4784034036
4784034037
4784034038
4784035000
4784035021
4784035022
4784035023
4784035024
4784035025
4784035026
4784035027
4784035028
4784035029
4784035030
4784035031
4784035032
4784035033
4784035034
4784035500
4784035521
4784035522
4784035523
4784035524
4784035525
4784035526
4784035527
4784036000
4784036001
4784036021
4784036022
4784036023
4784036024
4784036025
4784036026
4784036027
4784036028
4784036029
4784036030
4784036031
4784036032
4784036033
4784036034
4784036035
4784036036
4784036037
4784036038
4784037000
4784037021
4784037022
4784037023
4784037024
4784037025
4784037026
4784037027
4784037028
4784037029
4784037030
4784037031
4784037032
4784037033
4784037034
4784037035
4784037036
4784037037
4784037038
4784037039
4784038000
4784038021
4784038022
4784038023
4784038024
4784038025
4784038026
4784038027
4784038028
4784038029
4784038030
4784038031
4784038032
4784038033
4784038034
4784038035
4784038036
4784038037
4784038038
4784038039
4784038040
4784038041
4784038042
4784038043
4784039000
4784039021
4784039022
4784039023
4784039024
4784039025
4784039026
4784039027
4784039028
4784039029
4784039030
4784039031
4784039032
4784039033
4784039034
4784039035
4784039036
4784039037
4784039038
4784039039
4784039040
4785000000
4785001000
4785001001
4785001002
4785001003
4785001004
4785001005
4785001006
4785001007
4785001008
4785001009
4785001010
4785001011
4785001012
4785001013
4785001014
4785003000
4785003001
4785003002
4785003003
4785003004
4785003005
4785003006
4785003007
4785003008
4785003009
4785003010
4785003011
4785003012
4785003500
4785003501
4785003502
4785003503
4785003504
4785003505
4785003506
4785003507
4785003508
4785003509
4785003510
4785003511
4785003512
4785003513
4785003514
4785011000
4785011021
4785011022
4785011023
4785011024
4785011025
4785011026
4785011027
4785011028
4785011029
4785025000
4785025021
4785025022
4785025023
4785025024
4785025025
4785025026
4785025027
4785025028
4785025029
4785025300
4785025321
4785025322
4785025323
4785025324
4785025325
4785025326
4785025600
4785025621
4785025622
4785025623
4785025624
4785025625
4785025626
4785025627
4785025628
4785031000
4785031021
4785031022
4785031023
4785031024
4785031025
4785031026
4785031027
4785031028
4785031029
4785031030
4785031031
4785031032
4785031033
4785031034
4785031035
4785031036
4785031037
4785031038
4785031039
4785031040
4785031041
4785031042
4785031043
4785031044
4785031045
4785031046
4785031047
4785031048
4785031049
4785031050
4785032000
4785032021
4785032022
4785032023
4785032024
4785032025
4785032026
4785032027
4785032028
4785032029
4785032030
4785032031
4785032032
4785032033
4785032034
4785032035
4785032036
4785032037
4785032038
4785033000
4785033021
4785033022
4785033023
4785033024
4785033025
4785033026
4785033027
4785033028
4785033029
4785033030
4785033031
4785033032
4785033033
4785033034
4785033035
4785033036
4785033037
4785033038
4785033039
4785033040
4785033041
4785033042
4785033043
4785033044
4785033045
4785033046
4785033047
4785034000
4785034001
4785034002
4785034021
4785034022
4785034023
4785034024
4785034025
4785034026
4785034027
4785034028
4785034029
4785034030
4785034031
4785034032
4785034033
4785034034
4785034035
4785034036
4785035000
4785035001
4785035002
4785035021
4785035022
4785035023
4785035024
4785035025
4785035026
4785035027
4785035028
4785035029
4785035030
4785035031
4785035032
4785036000
4785036001
4785036002
4785036003
4785036004
4785036005
4785036006
4785036007
4785036021
4785036022
4785036023
4785036024
4785036025
4785036026
4785036027
4785036028
4785036029
4785036030
4785036031
4785036032
4785036033
4785036034
4785037000
4785037021
4785037022
4785037023
4785037024
4785037025
4785037026
4785037027
4785037028
4785037029
4785037030
4785037031
4785037032
4785037033
4785037034
4786000000
4786031000
4786031001
4786031021
4786031022
4786031023
4786031024
4786031025
4786031026
4786031027
4786031028
4786031029
4786031030
4786031031
4786031032
4786031033
4786031034
4786032000
4786032021
4786032022
4786032023
4786032024
4786032025
4786032026
4786032027
4786032028
4786032029
4786032030
4786032031
4786032032
4786032033
4786032034
4786032035
4786032036
4786032037
4786032038
4786032039
4786032040
4786033000
4786033021
4786033022
4786033023
4786033024
4786033025
4786033026
4786033027
4786033028
4786033029
4786033030
4786033031
4786033032
4786033033
4786033034
4786033035
4786033036
4786033037
4786033038
4786033039
4786033040
4786034000
4786034001
4786034021
4786034022
4786034023
4786034024
4786034025
4786034026
4786034027
4786034028
4786034029
4786034030
4786034031
4786034032
4786034033
4786034034
4786034035
4786034036
4786035000
4786035001
4786035002
4786035021
4786035022
4786035023
4786035024
4786035025
4786035026
4786035027
4786035028
4786035029
4786035030
4786035031
4786035032
4786035033
4786035034
4786035035
4786035036
4786035037
4786035038
4786035039
4786035040
4786035041
4786035042
4786035043
4786035044
4786035045
4786035046
4786035047
4786035048
4786035049
4786035050
4786036000
4786036001
4786036021
4786036022
4786036023
4786036024
4786036025
4786036026
4786036027
4786036028
4786036029
4786036030
4786036031
4786036032
4786036033
4786036034
4786036035
4786036036
4786036037
4786036038
4786036039
4786036040
4786036041
4786036042
4786036043
4786036044
4786037000
4786037001
4786037002
4786037021
4786037022
4786037023
4786037024
4786037025
4786037026
4786037027
4786037028
4786037029
4786037030
4786037031
4786037032
4786037033
4786037034
4786037035
4786037036
4786038000
4786038021
4786038022
4786038023
4786038024
4786038025
4786038026
4786038027
4786038028
4786038029
4786038030
4786038031
4786038032
4786038033
4786038034
4786039000
4786039001
4786039021
4786039022
4786039023
4786039024
4786039025
4786039026
4786039027
4786039028
4786039029
4786039030
4786040000
4786040021
4786040022
4786040023
4786040024
4786040025
4786040026
4786040027
4786040028
4786040029
4786040030
4786040031
4786040032
4786040033
4786040034
4786041000
4786041001
4786041002
4786041003
4786041004
4786041005
4786041006
4786041007
4786041021
4786041022
4786041023
4786041024
4786041025
4786041026
4786041027
4786041028
4786041029
4786041030
4786041031
4786041032
4786041033
4786041034
4786041035
4786041036
4786041037
4786042000
4786042021
4786042022
4786042023
4786042024
4786042025
4786042026
4786042027
4786042028
4786042029
4786042030
4786043000
4786043021
4786043022
4786043023
4786043024
4786043025
4786043026
4786043027
4786043028
4786043029
4786043030
4786043031
4786043032
4786043033
4786044000
4786044021
4786044022
4786044023
4786044024
4786044025
4786044026
4786044027
4786044028
4786044029
4786044030
4786044031
4786044032
4786045000
4786045021
4786045022
4786045023
4786045024
4786045025
4786045026
4786045027
4786045028
4786045029
4786045030
4787000000
4787001000
4787001001
4787001002
4787001003
4787001004
4787001005
4787001006
4787001007
4787001008
4787001009
4787001010
4787001011
4787001012
4787001013
4787001014
4787001015
4787001016
4787001017
4787001018
4787003000
4787003001
4787003002
4787003003
4787003004
4787003005
4787003006
4787003007
4787003008
4787003009
4787003010
4787003011
4787003012
4787003013
4787003014
4787003015
4787003016
4787003017
4787003018
4787003500
4787003501
4787003502
4787003503
4787003504
4787003505
4787003506
4787003507
4787003508
4787003509
4787003510
4787003511
4787003512
4787003513
4787003514
4787003515
4787003516
4787003517
4787003518
4787011000
4787011021
4787011022
4787011023
4787011024
4787011025
4787011026
4787011027
4787011028
4787011029
4787011030
4787011031
4787011032
4787011033
4787011034
4787011035
4787011036
4787011037
4787011038
4787011039
4787011040
4787011041
4787011042
4787011043
4787011044
4787011045
4787011046
4787011047
4787011048
4787011049
4787011050
4787011051
4787011052
4787011053
4787011054
4787011055
4787011056
4787031000
4787031021
4787031022
4787031023
4787031024
4787031025
4787031026
4787031027
4787031028
4787031029
4787031030
4787031031
4787031032
4787031033
4787031034
4787031035
4787031036
4787031037
4787031038
4787031039
4787031040
4787032000
4787032001
4787032002
4787032021
4787032022
4787032023
4787032024
4787032025
4787032026
4787032027
4787032028
4787032029
4787032030
4787032031
4787032032
4787032033
4787032034
4787032035
4787032036
4787032037
4787032038
4787032039
4787033000
4787033001
4787033021
4787033022
4787033023
4787033024
4787033025
4787033026
4787033027
4787033028
4787033029
4787033030
4787033031
4787033032
4787033033
4787033034
4787033035
4787033036
4787033037
4787033038
4787034000
4787034021
4787034022
4787034023
4787034024
4787034025
4787034026
4787034027
4787034028
4787034029
4787034030
4787034031
4787034032
4787034033
4787034034
4787034035
4787034036
4787034037
4787034038
4787034039
4787034040
4787034041
4787034042
4787034043
4787034044
4787034045
4787034046
4787034047
4787034048
4787034049
4787035000
4787035001
4787035021
4787035022
4787035023
4787035024
4787035025
4787035026
4787035027
4787035028
4787035029
4787035030
4787035031
4787035032
4787035033
4787035034
4787035035
4787035036
4787035037
4787035038
4787035039
4787035040
4787036000
4787036001
4787036021
4787036022
4787036023
4787036024
4787036025
4787036026
4787036027
4787036028
4787036029
4787036030
4787036031
4787036032
4787036033
4787036034
4787036035
4787036036
4787036037
4787037000
4787037021
4787037022
4787037023
4787037024
4787037025
4787037026
4787037027
4787037028
4787037029
4787037030
4787037031
4787037032
4787037033
4787037034
4787037035
4787037036
4787037037
4787037038
4787037039
4787037040
4787037041
4787037042
4787037043
4787037044
4787037045
4787037046
4787037047
4787037048
4787037049
4787037050
4787037051
4787037052
4787037053
4787037054
4787037055
4787037056
4788000000
4788001000
4788001001
4788001002
4788001003
4788001004
4788001005
4788001006
4788001007
4788001008
4788001009
4788001010
4788001011
4788001012
4788001013
4788001014
4788001015
4788001016
4788001017
4788001018
4788001019
4788001020
4788001021
4788001022
4788001023
4788001024
4788001025
4788001026
4788001027
4788001028
4788001029
4788001030
4788001031
4788001032
4788001033
4788001034
4788001035
4788001036
4788001037
4788001038
4788001039
4788001040
4788001041
4788001042
4788001043
4788003000
4788003001
4788003002
4788003003
4788003004
4788003005
4788003006
4788003007
4788003008
4788003009
4788003010
4788003011
4788003012
4788003013
4788003014
4788003015
4788011000
4788011021
4788011022
4788011023
4788011024
4788011025
4788011026
4788011027
4788011028
4788011029
4788011030
4788011031
4788011032
4788011033
4788011034
4788011035
4788031000
4788031021
4788031022
4788031023
4788031024
4788031025
4788031026
4788031027
4788032000
4788032021
4788032022
4788032023
4788032024
4788032025
4788032026
4788032027
4788032028
4788032029
4788032030
4788032031
4788032032
4788032033
4788032034
4788032035
4788033000
4788033021
4788033022
4788033023
4788033024
4788033025
4788033026
4788033027
4788033028
4788033029
4788033030
4788033031
4788033032
4788033033
4788033034
4788033035
4788033036
4788033037
4788034000
4788034021
4788034022
4788034023
4788034024
4788034025
4788034026
4788034027
4788034028
4788034029
4788034030
4788034031
4788034032
4788035000
4788035021
4788035022
4788035023
4788035024
4788035025
4788035026
4788035027
4788035028
4788035029
4788035030
4788035031
4788035032
4788035033
4788035034
4788035035
4788035036
4788035037
4788035038
4788035039
4788036000
4788036021
4788036022
4788036023
4788036024
4788036025
4788036026
4788036027
4788036028
4788037000
4788037001
4788037002
4788037021
4788037022
4788037023
4788037024
4788037025
4788037026
4788037027
4788037028
4788037029
4788038000
4788038021
4788038022
4788038023
4788038024
4788038025
4788038026
4788038027
4788038028
4788038029
4788038030
4788039000
4788039001
4788039021
4788039022
4788039023
4788039024
4788039025
4788039026
4788039027
4788039028
4788039029
4788039030
4788039031
4788039032
4788040000
4788040001
4788040021
4788040022
4788040023
4788040024
4788040025
4788040026
4788040027
4788040028
4788040029
4788041000
4788041001
4788041021
4788041022
4788041023
4788041024
4788041025
4788041026
4788041027
4788041028
4788041029
4788041030
4788041031
4788042000
4788042021
4788042022
4788042023
4788042024
4788042025
4788042026
4788042027
4788042028
4788042029
4788042030
4788042031
4788043000
4788043001
4788043021
4788043022
4788043023
4788043024
4788043025
4788043026
4788043027
4788043028
4788043029
4788043030
4788043031
4788043032
4788044000
4788044021
4788044022
4788044023
4788044024
4788044025
4788044026
4788044027
4788044028
4788044029
4788044030
4788045000
4788045001
4788045021
4788045022
4788045023
4788045024
4788045025
4788045026
4788045027
4788045028
4788045029
4788045030
4788045031
4788046000
4788046001
4788046021
4788046022
4788046023
4788046024
4788046025
4788046026
4788046027
4788046028
4788046029
4788046030
4788046031
4788046032
4788046033
4788047000
4788047021
4788047022
4788047023
4788047024
4788047025
4789000000
4789001000
4789001001
4789001002
4789001003
4789001004
4789001005
4789001006
4789001007
4789001008
4789001009
4789001010
4789003000
4789003001
4789003002
4789003003
4789003004
4789003005
4789003006
4789003007
4789003008
4789003009
4789003010
4789003011
4789003012
4789003013
4789003014
4789003015
4789003016
4789003017
4789003018
4789003500
4789003501
4789003502
4789003503
4789003504
4789003505
4789003506
4789003507
4789003508
4789003509
4789003510
4789003511
4789003512
4789003513
4789003514
4789011000
4789011021
4789011022
4789011023
4789011024
4789011025
4789011026
4789011027
4789011028
4789011029
4789011030
4789011031
4789011032
4789011033
4789011034
4789011035
4789011036
4789011037
4789011038
4789012000
4789012021
4789012022
4789012023
4789012024
4789012025
4789012026
4789012027
4789012028
4789012029
4789012030
4789012031
4789012032
4789012033
4789012034
4789031000
4789031021
4789031022
4789031023
4789031024
4789031025
4789031026
4789031027
4789031028
4789031029
4789031030
4789031031
4789032000
4789032021
4789032022
4789032023
4789032024
4789032025
4789032026
4789032027
4789032028
4789032029
4789032030
4789032031
4789032032
4789032033
4789032034
4789032035
4789032036
4789033000
4789033001
4789033021
4789033022
4789033023
4789033024
4789033025
4789033026
4789033027
4789033028
4789033029
4789033030
4789033031
4789034000
4789034021
4789034022
4789034023
4789034024
4789034025
4789034026
4789034027
4789034028
4789034029
4789034030
4789034031
4789034032
4789034033
4789034034
4789034035
4789034036
4789034037
4789034038
4789034039
4789034040
4789034041
4789035000
4789035021
4789035022
4789035023
4789035024
4789035025
4789035026
4789035027
4789035028
4789035029
4789036000
4789036021
4789036022
4789036023
4789036024
4789036025
4789036026
4789036027
4789036028
4789037000
4789037021
4789037022
4789037023
4789037024
4789037025
4789037026
4789037027
4789037028
4789037029
4789037030
4789037031
4790000000
4790011000
4790011021
4790011022
4790011023
4790011024
4790011025
4790011026
4790011027
4790011028
4790011029
4790011030
4790011031
4790011032
4790011033
4790011034
4790011035
4790011036
4790011037
4790011038
4790025000
4790025021
4790025022
4790025023
4790025024
4790025025
4790025026
4790025027
4790025028
4790025029
4790025030
4790025031
4790025032
4790025033
4790025034
4790025035
4790025036
4790025037
4790025038
4790025039
4790025300
4790025321
4790025322
4790025323
4790025324
4790025325
4790025326
4790025327
4790025328
4790025329
4790025330
4790025331
4790025332
4790025333
4790025334
4790025335
4790025336
4790031000
4790031021
4790031022
4790031023
4790031024
4790031025
4790031026
4790031027
4790031028
4790031029
4790031030
4790031031
4790031032
4790031033
4790031034
4790031035
4790031036
4790031037
4790031038
4790031039
4790031040
4790031041
4790031042
4790031043
4790031044
4790031045
4790031046
4790031047
4790031048
4790031049
4790031050
4790031051
4790031052
4790031053
4790031054
4790031055
4790031056
4790032000
4790032021
4790032022
4790032023
4790032024
4790032025
4790032026
4790032027
4790032028
4790032029
4790032030
4790032031
4790032032
4790032033
4790032034
4790032035
4790032036
4790032037
4790032038
4790032039
4790032040
4790033000
4790033021
4790033022
4790033023
4790033024
4790033025
4790033026
4790033027
4790033028
4790033029
4790033030
4790033031
4790033032
4790033033
4790033034
4790033035
4790033036
4790033037
4790033038
4790033039
4790033040
4790034000
4790034021
4790034022
4790034023
4790034024
4790034025
4790034026
4790034027
4790034028
4790034029
4790034030
4790034031
4790034032
4790034033
4790034034
4790034035
4790034036
4790034037
4790034038
4790034039
4790034040
4790034041
4790034042
4790034043
4790034044
4790034045
4790034046
4790034047
4790034048
4790034049
4790034050
4790035000
4790035001
4790035002
4790035021
4790035022
4790035023
4790035024
4790035025
4790035026
4790035027
4790035028
4790035029
4790035030
4790035031
4790035032
4790035033
4790035034
4790035035
4790035036
4790035037
4790035038
4790035039
4790035040
4790035041
4790035042
4790035043
4790035044
4790035045
4790035046
4790036000
4790036021
4790036022
4790036023
4790036024
4790036025
4790036026
4790036027
4790036028
4790036029
4790036030
4790036031
4790036032
4790036033
4790036034
4790036035
4790036036
4790036037
4790036038
4790036039
4790036040
4790036041
4790036042
4790036043
4790036044
4790036045
4790036046
4790036047
4790036048
4790036049
4790036050
4790036051
4790036052
4790037000
4790037021
4790037022
4790037023
4790037024
4790037025
4790037026
4790037027
4790037028
4790037029
4790037030
4790037031
4790037032
4790037033
4790037034
4790037035
4790037036
4790037037
4790037038
4790037039
4790037040
4790037041
4790037042
4790037043
4790037044
4790037045
4790037046
4790037047
4790037048
4790037049
4790037050
4790037051
4790037052
4790037053
4790037054
4790037055
4790037056
4790037057
4790037058
4790037059
4790037060
4790038000
4790038021
4790038022
4790038023
4790038024
4790038025
4790038026
4790038027
4790038028
4790038029
4790038030
4790038031
4790039000
4790039001
4790039002
4790039003
4790039004
4790039005
4790039006
4790039021
4790039022
4790039023
4790039024
4790039025
4790039026
4790039027
4790039028
4790039029
4790039030
4790039031
4790039032
4790040000
4790040021
4790040022
4790040023
4790040024
4790040025
4790040026
4790040027
4790040028
4790040029
4790040030
4790040031
4790040032
4790040033
4790040034
4790040035
4790041000
4790041001
4790041002
4790041003
4790041004
4790041005
4790041006
4790041021
4790041022
4790041023
4790041024
4790041025
4790041026
4790041027
4790041028
4790041036
4790041037
4790041038
4790041039
4790041040
4790041041
4790041042
4790042000
4790042021
4790042022
4790042023
4790042024
4790042025
4790042026
4790042027
4790042028
4790042029
4790042030
4790043000
4790043021
4790043022
4790043023
4790043024
4790043025
4790043026
4790043027
4790043028
4790043029
4790043030
4791000000
4791011000
4791011021
4791011022
4791011023
4791011024
4791011025
4791011026
4791011027
4791011028
4791011029
4791011030
4791011031
4791011032
4791011033
4791011034
4791011035
4791011036
4791011037
4791011038
4791011039
4791011040
4791011041
4791011042
4791011043
4791011044
4791011045
4791011046
4791011047
4791011048
4791031000
4791031001
4791031002
4791031003
4791031004
4791031005
4791031006
4791031007
4791031021
4791031022
4791031023
4791031024
4791031025
4791031026
4791031027
4791031028
4791031029
4791032000
4791032001
4791032002
4791032021
4791032022
4791032023
4791032024
4791032025
4791032026
4791032027
4791033000
4791033021
4791033022
4791033023
4791033024
4791033025
4791033026
4791033027
4791033028
4791033029
4791034000
4791034001
4791034021
4791034022
4791034023
4791034024
4791034025
4791034026
4791034027
4791034028
4791035000
4791035001
4791035021
4791035022
4791035023
4791035024
4791035025
4791035026
4791035027
4791035028
4791035029
4791035030
4791035031
4791035032
4791035033
4791035034
4791035035
4791035036
4791035037
4791035038
4791035039
4791035040
4791035041
4791035042
4791035043
4791035044
4791035045
4791035046
4791035047
4791035048
4791036000
4791036021
4791036022
4791036023
4791036024
4791036025
4791036026
4791036027
4791036028
4791036029
4791036030
4791036031
4791036032
4791036033
4791036034
4791037000
4791037021
4791037022
4791037023
4791037024
4791037025
4791037026
4791037027
4791037028
4791038000
4791038021
4791038022
4791038023
4791038024
4791038025
4791038026
4791038027
4791038028
4791039000
4791039021
4791039022
4791039023
4791039024
4791039025
4791039026
4791039027
4791039028
4791039029
4791039030
4792000000
4792003000
4792003001
4792003002
4792003003
4792003004
4792003005
4792003006
4792003007
4792003008
4792003009
4792003010
4792025000
4792025021
4792025022
4792025023
4792025024
4792025025
4792025026
4792025027
4792025028
4792025029
4792025030
4792025031
4792031000
4792031021
4792031022
4792031023
4792031024
4792031025
4792031026
4792031027
4792031028
4792032000
4792032021
4792032022
4792032023
4792032024
4792032025
4792032026
4792032027
4792032028
4792033000
4792033001
4792033021
4792033022
4792033023
4792033024
4792033025
4792033026
4792033027
4792034000
4792034021
4792034022
4792034023
4792034024
4792034025
4792034026
4792034027
4792034028
4792034029
4792035000
4792035001
4792035002
4792035003
4792035021
4792035022
4792035023
4792035024
4792035025
4792035026
4792035027
4792036000
4792036021
4792036022
4792036023
4792036024
4792036025
4792037000
4792037001
4792037021
4792037022
4792037023
4792037024
4792037025
4792037026
4792037027
4792037028
4792038000
4792038001
4792038002
4792038021
4792038022
4792038023
4792038024
4792038025
4792038026
4792038027
4792038028
4792039000
4792039021
4792039022
4792039023
4793000000
4793003000
4793003001
4793003002
4793003003
4793003004
4793003005
4793003006
4793003007
4793003008
4793003009
4793003010
4793003011
4793003012
4793003013
4793003014
4793003500
4793003501
4793003502
4793003503
4793003504
4793003505
4793003506
4793003507
4793003508
4793003509
4793003510
4793025000
4793025001
4793025002
4793025003
4793025004
4793025021
4793025022
4793025023
4793025024
4793025025
4793025026
4793025027
4793025028
4793025029
4793025030
4793025300
4793025301
4793025302
4793025303
4793025321
4793025322
4793025323
4793025324
4793025325
4793025326
4793025327
4793031000
4793031021
4793031022
4793031023
4793031024
4793031025
4793031026
4793031027
4793031028
4793031029
4793031030
4793031031
4793031032
4793031033
4793032000
4793032021
4793032022
4793032023
4793032024
4793032025
4793032026
4793032027
4793033000
4793033021
4793033022
4793033023
4793033024
4793033025
4793033026
4793033027
4793034000
4793034021
4793034022
4793034023
4793034024
4793034025
4793034026
4793034027
4793034028
4793035000
4793035021
4793035022
4793035023
4793035024
4793035025
4793035026
4793035027
4793035028
4793035029
4793035030
4793035031
4793035032
4793036000
4793036021
4793036022
4793036023
4793036024
4793036025
4793036026
4793036027
4793036028
4793036029
4793037000
4793037021
4793037022
4793037023
4793037024
4793038000
4793038021
4793038022
4793038023
4793039000
4793039021
4793039022
4793039023
4793039024
4793039025
4793039026
4793039027
4793040000
4793040021
4793040022
4793040023
4793040024
4793040025
4793040026
4793040027
4793040028
4794000000
4794003000
4794003001
4794003002
4794003003
4794011000
4794011021
4794011022
4794011023
4794025000
4794025024
4794025025
4794025026
4794025027
4794031000
4794031021
4794031022
4794031023
4794031024
4794031025
4794031026
4794032000
4794032021
4794032022
4794032023
4794032024
4794032025
4794032026
4800000000
4801000000
4801100000
4801100100
4801100200
4801100300
4801100400
4801100500
4801100600
4801100700
4801100800
4801100900
4801101000
4801101100
4801101200
4801101300
4801101400
4801101500
4801101600
4801101700
4801101800
4801101900
4801102000
4801102100
4801102200
4801102300
4801102400
4801102500
4801102600
4801102700
4801102800
4801102900
4801103000
4801103100
4801103200
4801103300
4801103400
4801103500
4801103600
4801103700
4801103800
4801103900
4801104000
4801104100
4801104200
4801104300
4801104400
4801104500
4801104600
4801104700
4801104800
4801104900
4801105000
4801200000
4801200100
4801200200
4801200300
4801200400
4801200500
4801200600
4801200700
4801200800
4801200900
4801201000
4801201100
4801201200
4801201300
4801201400
4801201500
4801201600
4801201700
4801201800
4801201900
4801202000
4801202100
4801202200
4801202300
4801202400
4801202500
4801202600
4801202700
4801202800
4801202900
4801203000
4801203100
4801203200
4801203300
4801203400
4801203500
4801203600
4801203700
4801203800
4801203900
4801204000
4801204100
4801204200
4801204300
4801300000
4801300100
4801300200
4801300300
4801300400
4801300500
4801400000
4801400100
4801400200
4801400300
4801400400
4801400500
4801400600
4801400700
4801400800
4801400900
4801401000
4801401100
4801401200
4801401300
4801401400
4801401500
4801401600
4801401700
4801401800
4801401900
4801402000
4801402100
4801402200
4801402300
4801402400
4801402500
4801500000
4801500100
4801500200
4801500300
4801500400
4801500500
4801500600
4801500700
4801500800
4801500900
4801501000
4801501100
4801501200
4801501300
4801501400
4801501500
4801501600
4801501700
4801501800
4801501900
4801502000
4801502100
4801502200
4801502300
4801502400
4801502500
4801502600
4801502700
4801502800
4801502900
4801503000
