4182003006
4182003007
4182003008
4182003009
4182003010
4182003011
4182003012
4182003013
4182003014
4182025000
4182025021
4182025022
4182025023
4182025024
4182025025
4182025026
4182025027
4182025028
4182025029
4182025030
4182025031
4182025032
4182025033
4182025034
4182031000
4182031021
4182031022
4182031023
4182031024
4182031025
4182031026
4182031027
4182031028
4182031029
4182031030
4182031031
4182031032
4182031033
4182031034
4182031035
4182032000
4182032001
4182032002
4182032003
4182032021
4182032022
4182032023
4182032024
4182032025
4182032026
4182032027
4182032500
4182032521
4182032522
4182032523
4182032524
4182032525
4182032526
4182032527
4182033000
4182033021
4182033022
4182033023
4182033024
4182033025
4182033026
4182033027
4182033028
4182033029
4182033030
4182034000
4182034021
4182034022
4182034023
4182034024
4182034025
4182034026
4182034027
4182034500
4182034521
4182034522
4182034523
4182034524
4182034525
4182034526
4182034527
4182034528
4182035000
4182035021
4182035022
4182035023
4182035024
4182035025
4182035026
4182035027
4182035028
4183000000
4183003000
4183003001
4183003002
4183003003
4183003004
4183003005
4183003006
4183003007
4183003008
4183003009
4183003010
4183003011
4183003012
4183025000
4183025021
4183025022
4183025023
4183025024
4183025025
4183025026
4183025027
4183025028
4183025029
4183025030
4183025031
4183025032
4183031000
4183031021
4183031022
4183031023
4183031024
4183031025
4183031026
4183031027
4183032000
4183032021
4183032022
4183032023
4183032024
4183032025
4183032026
4183033000
4183033021
4183033022
4183033023
4183033024
4183033025
4183033026
4183033027
4183033028
4183033029
4183033030
4183033031
4183034000
4183034021
4183034022
4183034023
4183034024
4183035000
4183035001
4183035021
4183035022
4183035023
4183035024
4183035025
4183035026
4183035027
4183035028
4183036000
4183036021
4183036022
4183036023
4183036024
4183036025
4183036026
4183036027
4183036028
4183036029
4183037000
4183037021
4183037022
4183037023
4183037024
4183037025
4183037026
4183037027
4183037028
4183037029
4183038000
4183038021
4183038022
4183038023
4183038024
4183038025
4183038026
4183038027
4183038028
4183039000
4183039021
4183039022
4183039023
4183039024
4183039025
4183039026
4183039027
4183039028
4183039029
4183039030
4183039500
4183039521
4183039522
4183039523
4183039524
4183039525
4183039526
4183039527
4183039528
4183039529
4183039530
4183040000
4183040021
4183040022
4183040023
4183040024
4183040025
4183040026
4183040027
4183040028
4183040029
4183040030
4183040031
4183040032
4183040033
4183041000
4183041021
4183041022
4183041023
4183041024
4183041025
4183041026
4183041027
4183041028
4183041029
4183041030
4183041031
4183041032
4183041033
4184000000
4184011000
4184011021
4184011022
4184011023
4184011024
4184011025
4184011026
4184011027
4184011028
4184011029
4184011030
4184011031
4184012000
4184012021
4184012022
4184012023
4184012024
4184012025
4184012026
4184012027
4184012028
4184012029
4184012030
4184012031
4184012032
4184012033
4184013000
4184013021
4184013022
4184013023
4184013024
4184013025
4184013026
4184013027
4184013028
4184013029
4184013030
4184013031
4184013032
4184013033
4184013034
4184031000
4184031021
4184031022
4184031023
4184031024
4184031025
4184031026
4184031027
4184031028
4184031029
4184031030
4184031031
4184031032
4184031033
4184032000
4184032021
4184032022
4184032023
4184032024
4184032025
4184032026
4184032027
4184032028
4184032029
4184032030
4184032031
4184032032
4184033000
4184033021
4184033022
4184033023
4184033024
4184033025
4184033026
4184033027
4184033028
4184033029
4184033030
4184033031
4184033032
4184033033
4184033034
4184034000
4184034021
4184034022
4184034023
4184034024
4184034025
4184034026
4184034027
4184034028
4184034029
4184035000
4184035021
4184035022
4184035023
4184035024
4184035025
4184035026
4184035027
4184035028
4184035029
4184035030
4184035031
4184035032
4184035033
4184036000
4184036021
4184036022
4184036023
4184036024
4184036025
4184036026
4184036027
4184036028
4184036029
4184036030
4184036031
4184036032
4184036033
4184036034
4184037000
4184037021
4184037022
4184037023
4184037024
4184037025
4184037026
4184037027
4184037028
4184037029
4184037030
4184037031
4184038000
4184038021
4184038022
4184038023
4184038024
4184038025
4184038026
4184038027
4184038028
4184038029
4184038030
4184038031
4184038032
4184039000
4184039021
4184039022
4184039023
4184039024
4184039025
4184039026
4184039027
4184039028
4184039029
4184039030
4185000000
4185003000
4185003001
4185003002
4185003003
4185003004
4185003005
4185003006
4185003007
4185003008
4185003009
4185003010
4185003011
4185003500
4185003501
4185003502
4185003503
4185003504
4185003505
4185003506
4185003507
4185003508
4185003509
4185003510
4185004000
4185004001
4185004002
4185004003
4185004004
4185004005
4185004006
4185004007
4185011000
4185011021
4185011022
4185011023
4185011024
4185011025
4185011026
4185011027
4185011028
4185011029
4185011030
4185012000
4185012021
4185012022
4185012023
4185012024
4185012025
4185012026
4185012027
4185012028
4185012029
4185012030
4185012031
4185031000
4185031021
4185031022
4185031023
4185031024
4185031025
4185031026
4185031027
4185031028
4185031029
4185032000
4185032021
4185032022
4185032023
4185032024
4185032025
4185032026
4185032027
4185032028
4185033000
4185033001
4185033021
4185033022
4185033023
4185033024
4185033025
4185033026
4185033027
4185034000
4185034001
4185034002
4185034021
4185034022
4185034023
4185034024
4185034025
4185034026
4185034027
4185035000
4185035021
4185035022
4185035023
4185035024
4185035025
4185035026
4185035027
4185035028
4185035029
4185035030
4185035031
4185036000
4185036021
4185036022
4185036023
4185036024
4185036025
4185036026
4185036027
4185036028
4185036029
4185037000
4185037001
4185037021
4185037022
4185037023
4185037024
4185037025
4185037026
4185037027
4185037028
4185037029
4185037030
4185037031
4185037032
4185038000
4185038021
4185038022
4185038023
4185038024
4185038025
4185038026
4185038027
4185038028
4185038029
4185038030
4185038031
4185038032
4185038033
4185039000
4185039021
4185039022
4185039023
4185039024
4185039025
4185039026
4185039027
4185039028
4185039029
4185039030
4186000000
4186011000
4186011021
4186011022
4186011023
4186011024
4186011025
4186011026
4186011027
4186011028
4186011029
4186011030
4186011031
4186011032
4186011033
4186011034
4186011035
4186011036
4186011037
4186011038
4186011039
4186011040
4186011041
4186011042
4186011043
4186011044
4186011045
4186011046
4186011047
4186011048
4186011049
4186011050
4186011051
4186011052
4186011053
4186011054
4186011055
4186011056
4186011057
4186011058
4186011059
4186011060
4186011061
4186011062
4186011063
4186011064
4186011065
4186011066
4186011067
4186011068
4186011069
4186011070
4186011071
4186011072
4186011073
4186011074
4186011075
4186011076
4186011077
4186031000
4186031021
4186031022
4186031023
4186031024
4186031025
4186031026
4186031027
4186031028
4186031029
4186031030
4186031031
4186031032
4186031033
4186031034
4186031035
4186031036
4186031037
4186031038
4186031039
4186031040
4186031041
4186032000
4186032021
4186032022
4186032023
4186032024
4186032025
4186032026
4186032027
4186032028
4186032029
4186032030
4186032031
4186032032
4186032033
4186032034
4186032035
4186032036
4186033000
4186033021
4186033022
4186033023
4186033024
4186033025
4186033026
4186033027
4186033028
4186033029
4186033030
4186033031
4186033032
4186033033
4186033034
4186033035
4186034000
4186034021
4186034022
4186034023
4186034024
4186034025
4186034026
4186034027
4186034028
4186034029
4186034030
4186034031
4186034032
4186034033
4186034034
4186034035
4186034036
4186034037
4186034038
4186035000
4186035021
4186035022
4186035023
4186035024
4186035025
4186035026
4186035027
4186035028
4186035029
4186035030
4186035031
4186035032
4186035033
4186035034
4186036000
4186036021
4186036022
4186036023
4186036024
4186036025
4186036026
4186036027
4186036028
4186036029
4186036030
4186036031
4186036032
4186036033
4186036034
4186036035
4186036036
4186036037
4186036038
4186037000
4186037001
4186037021
4186037022
4186037023
4186037024
4186037025
4186037026
4186037027
4186037028
4186037029
4186037030
4186037031
4186038000
4186038001
4186038002
4186038003
4186038004
4186038021
4186038022
4186038023
4186038024
4186038025
4186038026
4186038027
4186038028
4186039000
4186039021
4186039022
4186039023
4186039024
4186039025
4186039026
4186039027
4186039028
4186039029
4186039030
4186039031
4186039032
4186039033
4186039034
4186039035
4186040000
4186040021
4186040022
4186040023
4186040024
4186040025
4186040026
4186040027
4186040028
4186040029
4186040030
4186040500
4186040521
4186040522
4186040523
4186040524
4186040525
4186040526
4186040527
4186040528
4186040529
4186040530
4186041000
4186041001
4186041002
4186041003
4186041021
4186041022
4186041023
4186041024
4186041025
4186041026
4186041027
4186041028
4186041029
4186041030
4186042000
4186042021
4186042022
4186042023
4186042024
4186042025
4186042026
4186042027
4187000000
4187003000
4187003001
4187003002
4187003003
4187003004
4187003005
4187003006
4187003007
4187003500
4187003501
4187003502
4187003503
4187003504
4187003505
4187003506
4187003507
4187003508
4187003509
4187003510
4187003511
4187003512
4187003513
4187003514
4187003515
4187003516
4187003517
4187003518
4187003519
4187004000
4187004001
4187004002
4187004003
4187004004
4187004005
4187004006
4187004007
4187004008
4187004500
4187004501
4187004502
4187004503
4187004504
4187004505
4187004506
4187011000
4187011021
4187011022
4187011023
4187011024
4187011025
4187011026
4187011027
4187031000
4187031021
4187031022
4187031023
4187031024
4187031025
4187032000
4187032021
4187032022
4187032023
4187032024
4187032025
4187032026
4187032027
4187032028
4187032029
4187032030
4187032031
4187032032
4187032033
4187032034
4187032035
4187032036
4187032037
4187032038
4187032039
4187033000
4187033021
4187033022
4187033023
4187033024
4187033025
4187033026
4187033027
4187033028
4187034000
4187034001
4187034002
4187034003
4187034021
4187034022
4187034023
4187034024
4187034025
4187034026
4187034027
4187034028
4187034029
4187035000
4187035021
4187035022
4187035023
4187035024
4187035025
4187035026
4187035027
4187035028
4187035029
4187036000
4187036001
4187036021
4187036022
4187036023
4187036024
4187036025
4187036026
4187036027
4187036028
4187036029
4187036030
4187036031
4187036032
4187036033
4187037000
4187037001
4187037002
4187037003
4187037004
4187037005
4187037021
4187037022
4187037023
4187037024
4187037025
4187037026
4187037027
4187037028
4187037029
4187037030
4187038000
4187038021
4187038022
4187038023
4187038024
4187038025
4187038026
4187038027
4187038028
4187038029
4187038030
4187038031
4187038032
4187038033
4187039000
4187039021
4187039022
4187039023
4187039024
4187039025
4187039026
4187039027
4187039028
4187039029
4187039030
4187039031
4187039032
4187039033
4187040000
4187040021
4187040022
4187040023
4187040024
4187040025
4187040026
4187040027
4187040028
4187040029
4187040030
4188000000
4188003000
4188003001
4188003002
4188003003
4188003004
4188003005
4188003006
4188003007
4188003008
4188003009
4188011000
4188011021
4188011022
4188011023
4188011024
4188011025
4188011026
4188011027
4188011028
4188011029
4188031000
4188031021
4188031022
4188031023
4188031024
4188031025
4188031026
4188031027
4188032000
4188032021
4188032022
4188032023
4188032024
4188032025
4188032026
4188032027
4188032028
4188033000
4188033021
4188033022
4188033023
4188033024
4188033025
4188033026
4188034000
4188034021
4188034022
4188034023
4188034024
4188034025
4188034026
4188034027
4188034028
4188034029
4188035000
4188035021
4188035022
4188035023
4188035024
4188035025
4188035026
4188035027
4188035028
4188036000
4188036021
4188036022
4188036023
4188036024
4188036025
4188037000
4188037001
4188037021
4188037022
4188037023
4188037024
4188037025
4188037026
4188037027
4188037028
4188038000
4188038021
4188038022
4188038023
4188038024
4188038025
4188039000
4188039021
4188039022
4188039023
4188039024
4188039025
4188039026
4188039027
4188040000
4188040021
4188040022
4188040023
4188040024
4188040025
4188040026
4188040027
4188040028
4188040029
4188040030
4188040031
4188040032
4188040033
4188041000
4188041021
4188041022
4188041023
4188041024
4188041025
4188041026
4188041027
4188042000
4188042021
4188042022
4188042023
4188042024
4189000000
4189031000
4189031021
4189031022
4189031023
4189031024
4189032000
4189032021
4189032022
4189032023
4189032024
4189033000
4189033021
4189033022
4189033023
4189033024
4189034000
4189034001
4189034021
4189035000
4189035021
4189035022
4189035023
4189035024
4189035025
4189036000
4189036021
4189036022
4189037000
4189037001
4189037021
4189037022
4189037023
4189037024
4189037025
4189037026
4189037027
4189037028
4189038000
4189038001
4189038002
4189038021
4189038022
4189038023
4189039000
4189039021
4189039022
4189039023
4189039024
4189039025
4189040000
4189040021
4189040022
4189040023
4200000000
4205000000
4205003000
4205003001
4205003002
4205003003
4205003004
4205003005
4205003006
4205003007
4205003008
4205003009
4205003010
4205003011
4205003012
4205003013
4205003014
4205003500
4205003501
4205003502
4205003503
4205003504
4205003505
4205003506
4205003507
4205003508
4205003509
4205003510
4205003511
4205003512
4205003513
4205004000
4205004001
4205004002
4205004003
4205004004
4205004005
4205004006
4205004007
4205004008
4205004500
4205004501
4205004502
4205004503
4205004504
4205004505
4205004506
4205004507
4205005000
4205005001
4205005002
4205005003
4205005004
4205005005
4205005006
4205005007
4205005008
4205005009
4205005010
4205005011
4205005012
4205005500
4205005501
4205005502
4205005503
4205005504
4205005505
4205005506
4205005507
4205005508
4205005509
4205005510
4205006000
4205006001
4205006002
4205006003
4205006004
4205006005
4205006006
4205006007
4205006008
4205006009
4205006010
4210500000
4211000000
4211010100
4211010200
4211010300
4211010400
4211010500
4211010600
4211010700
4211010800
4211010900
4211011000
4211011100
4211011200
4211011300
4211011400
4211011500
4211011600
4211011700
4211011800
4211011900
4211012000
4211012100
4211012200
4211012300
4211012400
4211012500
4211012600
4211012700
4211012800
4211012900
4211025000
4211025021
4211025022
4211025023
4211025024
4211025025
4211025026
4211025027
4211031000
4211031021
4211031022
4211031023
4211031024
4211031025
4211031026
4211031027
4211031028
4211031029
4211031030
4211032000
4211032021
4211032022
4211032023
4211032024
4211033000
4211033021
4211033022
4211033023
4211033024
4211033025
4211034000
4211034021
4211034022
4211034023
4211034024
4211034025
4211034026
4211034027
4211035000
4211035021
4211035022
4211035023
4211035024
4211035025
4211035026
4211035027
4211035028
4211035029
4211035030
4211036000
4211036021
4211036022
4211036023
4211036024
4211036025
4211036026
4211036027
4211036028
4211036029
4211036030
4211037000
4211037021
4211037022
4211037023
4211037024
4211037025
4211037026
4211037027
4211038000
4211038021
4211038022
4211038023
4211038024
4211038025
4211038026
4211038027
4211038028
4211038029
4211038030
4211039000
4211039021
4211039022
4211039023
4211039024
4211039025
4211040000
4211040021
4211040022
4211040023
4211040024
4211040025
4211040026
4211040027
4211040028
4211040029
4211040030
4211040031
4211090100
4211090200
4211090300
4211090400
4211090500
4211090600
4211090700
4211090800
4211090900
4211091000
4211091100
4211091200
4213000000
4213010100
4213010200
4213010300
4213010400
4213010500
4213010600
4213010700
4213010800
4213010900
4213011000
4213011100
4213011200
4213011300
4213011400
4213011500
4213011600
4213011700
4213011800
4213025000
4213025021
4213025022
4213025023
4213025024
4213025025
4213025026
4213025027
4213025028
4213025029
4213025030
4213031000
4213031021
4213031022
4213031023
4213031024
4213031025
4213031026
4213031027
4213031028
4213032000
4213032021
4213032022
4213032023
4213032024
4213032025
4213032026
4213032027
4213032028
4213032029
4213032030
4213033000
4213033021
4213033022
4213033023
4213033024
4213033025
4213033026
4213033027
4213034000
4213034021
4213034022
4213034023
4213034024
4213034025
4213034026
4213034027
4213034028
4213034029
4213034030
4213035000
4213035021
4213035022
4213035023
4213035024
4213035025
4213035026
4213036000
4213036021
4213036022
4213036023
4213036024
4213036025
4213037000
4213037021
4213037022
4213037023
4213037024
4213038000
4213038021
4213038022
4213038023
4213039000
4213039021
4213039022
4213039023
4213039024
4213039025
4213039026
4213039027
4213090100
4213090200
4213090300
4213090400
4213090500
4213090600
4213090700
4213090800
4215000000
4215010100
4215010200
4215010300
4215010400
4215010500
4215010600
4215010700
4215010800
4215010900
4215011000
4215011100
4215011200
4215011300
4215011400
4215011500
4215011600
4215011700
4215011800
4215011900
4215012000
4215012100
4215012200
4215012300
4215012400
4215012500
4215012600
4215012700
4215012800
4215012900
4215013000
4215013100
4215013200
4215013300
4215013400
4215013500
4215013600
4215013700
4215013800
4215013900
4215025000
4215025021
4215025022
4215025023
4215025024
4215025025
4215031000
4215031021
4215031022
4215031023
4215031024
4215031025
4215031026
4215031027
4215031028
4215031029
4215032000
4215032021
4215032022
4215032023
4215032024
4215032025
4215032026
4215033000
4215033021
4215033022
4215033023
4215033024
4215033025
4215033026
4215033027
4215034000
4215034021
4215034022
4215034023
4215034024
4215034025
4215034026
4215034028
4215034029
4215034030
4215034031
4215035000
4215035021
4215035022
4215035023
4215035024
4215035025
4215035026
4215035027
4215035028
4215035029
4215035030
4215036000
4215036021
4215036022
4215036023
4215036024
4215036025
4215036026
4215036027
4215036028
4215036029
4215037000
4215037021
4215037022
4215037023
4215037024
4215037025
4215037026
4215037027
4215037028
4215037029
4215090100
4215090200
4215090300
4215090400
4217000000
4217010100
4217010200
4217010300
4217010400
4217010500
4217010600
4217010700
4217010800
4217010900
4217011000
4217011100
4217011200
4217011300
4217011400
4217011500
4217011600
4217011700
4217011800
4217011900
4217012000
4217012100
4217012200
4217012300
4217012400
4217012500
4217012600
4217012700
4217012800
4217012900
4217013000
4217013100
4217013200
4217013300
4217013400
4217013500
4217013600
4217090100
4217090200
4217090300
4217090400
4217090500
4217090600
4217090700
4219000000
4219010100
4219010200
4219010300
4219010400
4219010500
4219010600
4219010700
4219010800
4219010900
4219011000
4219011100
4219011200
4219011300
4219011400
4219011500
4219011600
4219011700
4219090100
4219090200
4219090300
4219090400
4219090500
4219090600
4219090700
4219090800
4219090900
4219091000
4219091100
4221000000
4221010100
4221010200
4221010300
4221010400
4221010500
4221010600
4221010700
4221010800
4221010900
4221011000
4221011100
4221011200
4221011300
4221011400
4221090100
4223000000
4223000100
4223010100
4223010200
4223010300
4223010400
4223010500
4223010600
4223010700
4223010800
4223010900
4223011000
4223011100
4223011200
4223011300
4223011400
4223011500
4223011600
4223011700
4223011800
4223011900
4223012000
4223012100
4223012200
4223012300
4223012400
4223012500
4223012600
4223012700
4223025000
4223025021
4223025022
4223025023
4223025024
4223025025
4223025026
4223025027
4223025028
4223025029
4223025030
4223025031
4223025032
4223025033
4223025034
4223025035
4223025036
4223025037
4223025300
4223025321
4223025322
4223025323
4223025324
4223025325
4223025326
4223025327
4223025328
4223025329
4223025330
4223025331
4223025332
4223025398
4223025399
4223031000
4223031021
4223031022
4223031023
4223031024
4223031025
4223031026
4223031027
4223031028
4223031029
4223031030
4223031031
4223031032
4223031033
4223031034
4223031075
4223031076
4223031077
4223031078
4223031079
4223031080
4223031081
4223031082
4223031083
4223031084
4223031085
4223031086
4223031087
4223031088
4223031089
4223031090
4223031091
4223031092
4223031093
4223031094
4223031095
4223031096
4223031097
4223031098
4223031099
4223032000
4223032021
4223032022
4223032023
4223032024
4223032025
4223032026
4223032027
4223032028
4223032029
4223032030
4223032031
4223032032
4223032033
4223032034
4223032035
4223032036
4223033000
4223033021
4223033022
4223033023
4223033024
4223033025
4223033026
4223033027
4223033028
4223033029
4223033030
4223033031
4223033032
4223033033
4223033034
4223033035
4223033036
4223034000
4223034021
4223034022
4223034023
4223034024
4223034025
4223034026
4223034027
4223034028
4223034029
4223034030
4223034031
4223034032
4223034033
4223034034
4223035000
4223035021
4223035022
4223035023
4223035024
4223035025
4223036000
4223036021
4223036022
4223036023
4223036024
4223036025
4223036026
4223036027
4223036028
4223090100
4223090200
4223090300
4271000000
4271031000
4271031021
4271031022
4271031023
4271031024
4271031025
4271031026
4271031027
4271031028
4271031029
4271031030
4271032000
4271032001
4271032002
4271032021
4271032022
4271032023
4271032024
4271033000
4271033001
4271033002
4271033003
4271033021
4271033022
4271033023
4271033024
4271033025
4271033026
4271033027
4271033028
4271033029
4271033030
4271034000
4271034001
4271034021
4271034022
4271034023
4271034024
4271034025
4271034026
4271034027
4271034028
4271034029
4271034030
4271034031
4271034032
4271034033
4271034034
4271034035
4271034036
4271034037
4271035000
4271035021
4271035022
4271035023
4271035024
4271035025
4271035026
4271035027
4271035028
4271035029
4271035030
4271036000
4271036021
4271036022
4271036023
4271036024
4271036025
4271036026
4271036027
4271036028
4271036029
4271036030
4271037000
4271037001
4271037021
4271037022
4271037023
4271037024
4271037025
4271037026
4271037027
4271038000
4271038001
4271038021
4271038022
4271038023
4271038024
4271038025
4271038026
4271038027
4271038028
4271038029
4271038030
4271039000
4271039021
4271039022
4271039023
4271039024
4271039025
4271040000
4271040021
4271040022
4271040023
4271040024
4271040025
4271040026
4271040027
4271040028
4271040029
4271040030
4271500000
4271531000
4271531021
4271531022
4271531023
4271531024
4271531025
4271531026
4271531027
4271531028
4271531029
4271531030
4271532000
4271532021
4271532022
4271532023
4271532024
4271533000
4271533021
4271533022
4271533023
4271533024
4271533025
4271534000
4271534021
4271534022
4271534023
4271534024
4271534025
4271534026
4271534027
4271535000
4271535021
4271535022
4271535023
4271535024
4271535025
4271535026
4271535027
4271535028
4271535029
4271535030
4271536000
4271536021
4271536022
4271536023
4271536024
4271536025
4271536026
4271536027
4271536028
4271536029
4271536030
4271537000
4271537021
4271537022
4271537023
4271537024
4271537025
4271537026
4271537027
4271538000
4271538021
4271538022
4271538023
4271538024
4271538025
4271538026
4271538027
4271538028
4271538029
4271538030
4271539000
4271539021
4271539022
4271539023
4271539024
4271539025
4271540000
4271540021
4271540022
4271540023
4271540024
4271540025
4271540026
4271540027
4271540028
4271540029
4271540030
4272000000
4272003000
4272003001
4272003002
4272003003
4272003004
4272003005
4272003006
4272003007
4272003008
4272003009
4272003010
4272003011
4272003012
4272003013
4272025000
4272025021
4272025022
4272025023
4272025024
4272025025
4272025026
4272025027
4272025028
4272025029
4272025030
4272025031
4272025032
4272025033
4272031000
4272031021
4272031022
4272031023
4272031024
4272031025
4272031026
4272031027
4272031028
4272031029
4272031030
4272031031
4272032000
4272032001
4272032021
4272032022
4272032023
4272032024
4272032025
4272032026
4272032027
4272033000
4272033021
4272033022
4272033023
4272033024
4272033025
4272033026
4272033027
4272033028
4272034000
4272034021
4272034022
4272034023
4272034024
4272034025
4272034026
4272034027
4272034028
4272035000
4272035001
4272035002
4272035021
4272035022
4272035023
4272035024
4272035025
4272035026
4272035027
4272035028
4272035029
4272035030
4272035031
4272035200
4272035221
4272035222
4272035223
4272035224
4272035225
4272035226
4272035227
4272035228
4272035229
4272035230
4272035231
4272036000
4272036001
4272036002
4272036003
4272036004
4272036005
4272036021
4272036022
4272036023
4272036024
4272036025
4272036026
4272036027
4272036028
4272036029
4272036030
4272036031
4272037000
4272037021
4272037022
4272037023
4272037024
4272037025
4272037026
4272037027
4272037028
4272037029
4272037030
4272037031
4272037032
4272038000
4272038021
4272038022
4272038023
4272038024
4272038025
4272038026
4272038027
4272038028
4272038029
4272038030
4272038031
4272038032
4272038033
4272038034
4272038035
4272038036
4272038037
4272038038
4272039000
4272039001
4272039021
4272039022
4272039023
4272039024
4272039025
4272039026
4273000000
4273003000
4273003001
4273003002
4273003003
4273003004
4273003005
4273003006
4273003007
4273003008
4273003009
4273003010
4273003011
4273003012
4273003013
4273003014
4273003015
4273003016
4273003017
4273003018
4273003019
4273003020
4273003021
4273003022
4273003023
4273003024
4273003025
4273003026
4273025000
4273025021
4273025022
4273025023
4273025024
4273025025
4273025026
4273025027
4273025028
4273025029
4273025030
4273025031
4273025032
4273025033
4273025034
4273025035
4273025036
4273025037
4273025038
4273025039
4273025040
4273025041
4273025042
4273025043
4273025044
4273025045
4273025046
4273031000
4273031001
4273031002
4273031003
4273031004
4273031005
4273031021
4273031022
4273031023
4273031024
4273031025
4273031026
4273031027
4273031028
4273031029
4273031030
4273031031
4273031032
4273031033
4273031034
4273032000
4273032001
4273032002
4273032003
4273032004
4273032005
4273032006
4273032007
4273032008
4273032021
4273032022
4273032023
4273032024
4273032025
4273032026
4273032027
4273032028
4273032029
4273032030
4273033000
4273033021
4273033022
4273033023
4273033024
4273033025
4273033026
4273033027
4273033028
4273033029
4273033030
4273033031
4273033032
4273033033
4273034000
4273034001
4273034002
4273034003
4273034004
4273034021
4273034022
4273034023
4273034024
4273034025
4273034026
4273034027
4273034028
4273034029
4273034030
4273034031
4273034032
4273034033
4273034034
4273035000
4273035001
4273035002
4273035003
4273035004
4273035005
4273035006
4273035007
4273035021
4273035022
4273035023
4273035024
4273035025
4273035026
4273035027
4273035028
4273035029
4273036000
4273036001
4273036021
4273036022
4273036023
4273036024
4273036025
4273036026
4273036027
4273036028
4273036029
4273036030
4273036031
4273036032
4273036033
4273036034
4273036035
4273036036
4273036037
4273036038
4273037000
4273037001
4273037002
4273037021
4273037022
4273037023
4273037024
4273037025
4273037026
4273038000
4273038021
4273038022
4273038023
4274000000
4274031000
4274031001
4274031002
4274031021
4274031022
4274031023
4274031024
4274031025
4274031026
4274031027
4274031028
4274032000
4274032001
4274032021
4274032022
4274032023
4274032024
4274032025
4274032026
4274032027
4274032028
4274032029
4274032030
4274033000
4274033001
4274033021
4274033022
4274033023
4274033024
4274033025
4274033026
4274033027
4274034000
4274034021
4274034022
4274034023
4274034024
4274034025
4274034026
4274034027
4274034028
4274034029
4274035000
4274035021
4274035022
4274035023
4274035024
4274035025
4274035026
4274036000
4274036021
4274036022
4274036023
4274036024
4274036025
4274037000
4274037001
4274037021
4274037022
4274037023
4274037024
4274038000
4274038001
4274038002
4274038021
4274038022
4274038023
4274039000
4274039021
4274039022
4274039023
4274039024
4274039025
4274039026
4274039027
4274500000
4274531000
4274531021
4274531022
4274531023
4274531024
4274531025
4274531026
4274531027
4274531028
4274532000
4274532021
4274532022
4274532023
4274532024
4274532025
4274532026
4274532027
4274532028
4274532029
4274532030
4274533000
4274533021
4274533022
4274533023
4274533024
4274533025
4274533026
4274533027
4274534000
4274534021
4274534022
4274534023
4274534024
4274534025
4274534026
4274534027
4274534028
4274534029
4274535000
4274535021
4274535022
4274535023
4274535024
4274535025
4274535026
4274536000
4274536021
4274536022
4274536023
4274536024
4274536025
4274537000
4274537021
4274537022
4274537023
4274537024
4274538000
4274538021
4274538022
4274538023
4274539000
4274539021
4274539022
4274539023
4274539024
4274539025
4274539026
4274539027
4275000000
4275003000
4275003001
4275003002
4275003003
4275003004
4275003005
4275003006
4275003007
4275003500
4275003501
4275003502
4275003503
4275003504
4275003505
4275003506
4275003507
4275003508
4275003509
4275003510
4275025000
4275025021
4275025022
4275025023
4275025024
4275025025
4275025026
4275025027
4275025028
4275025029
4275025030
4275025031
4275025300
4275025301
4275025302
4275025303
4275025304
4275025305
4275025306
4275025321
4275025322
4275025323
4275025324
4275031000
4275031021
4275031022
4275031023
4275031024
4275031025
4275031026
4275031200
4275031221
4275031222
4275031223
4275031224
4275031225
4275031226
4275032000
4275032001
4275032021
4275032022
4275032023
4275032024
4275032025
4275032026
4275032027
4275032028
4275032029
4275032500
4275032521
4275032522
4275032523
4275032524
4275032525
4275032526
4275032527
4275032528
4275032529
4275033000
4275033021
4275033022
4275033023
4275033024
4275033025
4275034000
4275034001
4275034002
4275034021
4275034022
4275034023
4275034024
4275034025
4275034026
4275035000
4275035001
4275035021
4275035022
4275035023
4275035024
4275035025
4275035500
4275035521
4275035522
4275035523
4275035524
4275035525
4275036000
4275036021
4275036022
4275036023
4275036024
4275036025
4275036026
4275037000
4275037001
4275037002
4275037003
4275037021
4275037022
4275037023
4275037024
4275037025
4275038000
4275038021
4275038022
4275038023
4275038024
4275038025
4276000000
4276003000
4276003001
4276003002
4276003003
4276003004
4276003005
4276003006
4276003007
4276003008
4276003009
4276003010
4276003011
4276003012
4276003013
4276003014
4276003015
4276003016
4276003017
4276003018
4276003019
4276003020
4276003021
4276003022
4276003023
4276003024
4276003025
4276003026
4276003027
4276003028
4276003029
4276003030
4276003031
4276025000
4276025021
4276025022
4276025023
4276025024
4276025025
4276025026
4276025027
4276025028
4276025029
4276025030
4276025031
4276025032
4276025033
4276025034
4276025035
4276025036
4276025037
4276025038
4276025039
4276025040
4276025041
4276025042
4276025043
4276025044
4276025045
4276025046
4276025047
4276025048
4276025049
4276025050
4276025051
4276031000
4276031021
4276031022
4276031023
4276031024
4276031025
4276031026
4276031027
4276031028
4276031029
4276032000
4276032021
4276032022
4276032023
4276033000
4276033021
4276033022
4276033023
4276033024
4276033025
4276034000
4276034001
4276034002
4276034021
4276034022
4276034023
4276034024
4276034025
4276034026
4276034027
4276034028
4276034029
4276035000
4276035021
4276035022
4276035023
4276035024
4276035025
4276035026
4276035027
4276035028
4276036000
4276036001
4276036002
4276036003
4276036004
4276036005
4276036006
4276036021
4276036022
4276036023
4276036024
4276036025
4276036026
4276036027
4276036028
4276036029
4276036030
4276036031
4276036032
4276036033
4276036034
4276036035
4276036036
4276036037
4276036038
4276037000
4276037001
4276037021
4276037022
4276037023
4276037024
4276037025
4276037026
4276037027
4276038000
4276038021
4276038022
4276038023
4276038024
4276038025
4276038026
4277000000
4277003000
4277003001
4277003002
4277003003
4277003004
4277003005
4277003006
4277003007
4277003008
4277003500
4277003501
4277003502
4277003503
4277003504
4277003505
4277003506
4277003507
4277003508
4277003509
4277003510
4277003511
4277003512
4277003513
4277025000
4277025021
4277025022
4277025023
4277025024
4277025025
4277025026
4277025027
4277025028
4277025029
4277025030
4277025031
4277025032
4277025300
4277025321
4277025600
4277025601
4277025621
4277025622
4277025900
4277025921
4277025922
4277025923
4277025924
4277025925
4277025926
4277025927
4277025928
4277031000
4277031001
4277031002
4277031003
4277031021
4277031022
4277031023
4277031024
4277031025
4277031026
4277031027
4277032000
4277032021
4277032022
4277032023
4277032024
4277032025
4277033000
4277033001
4277033002
4277033003
4277033004
4277033005
4277033006
4277033021
4277033022
4277033023
4277033024
4277033025
4277033026
4277034000
4277034021
4277034022
4277034023
4277034024
4277034025
4277034026
4277035000
4277035021
4277035022
4277035023
4277035024
4277035025
4277035026
4277035027
4277035028
4277035029
4277035030
4277035031
4277035032
4277035033
4277035034
4277036000
4277036021
4277036022
4277036023
4277036024
4277036025
4277036026
4277036027
4277037000
4277037021
4277037022
4277037023
4277037024
4277037025
4277037026
4278000000
4278003000
4278003001
4278003002
4278003003
4278003004
4278003005
4278003006
4278003007
4278003008
4278003009
4278003010
4278003011
4278003500
4278003501
4278003502
4278003503
4278003504
4278003505
4278003506
4278003507
4278003508
4278003509
4278003510
4278003511
4278003512
4278025000
4278025021
4278025022
4278025023
4278025024
4278025025
4278025026
4278025027
4278025028
4278025029
4278025030
4278025031
4278025032
4278025033
4278025034
4278025035
4278025300
4278025321
4278025322
4278025323
4278025324
4278025325
4278025326
4278025327
4278025328
4278025329
4278025330
4278025600
4278025621
4278025622
4278025623
4278025624
4278025625
4278025626
4278025627
4278025628
4278025629
4278025630
4278025631
4278025900
4278025921
4278025922
4278025923
4278025924
4278025925
4278025926
4278025927
4278025928
4278025929
4278025930
4278025931
4278025932
4278031000
4278031001
4278031002
4278031021
4278031022
4278032000
4278032021
4278032022
4278032023
4278032024
4278032025
4278032026
4278033000
4278033021
4278033022
4278033023
4278033024
4278034000
4278034021
4278034022
4278035000
4278035021
4278035022
4278035023
4278035024
4278036000
4278036021
4278036022
4278036023
4278036024
4278036025
4278036026
4278036027
4278036028
4278036029
4278036030
4278036031
4278037000
4278037021
4278037022
4278037023
4278037024
4278091000
4278091001
4278091021
4278096000
4278096021
4278096022
4278096023
4278096024
4278096025
4279000000
4279003000
4279003001
4279003002
4279003003
4279003004
4279003005
4279003006
4279003007
4279003008
4279025000
4279025021
4279025022
4279025023
4279025024
4279025025
4279025026
4279025027
4279025028
4279031000
4279031021
4279031022
4279031023
4279031024
4279031025
4279031026
4279031027
4279032000
4279032021
4279032022
4279032023
4279032024
4279032025
4279032026
4279032027
4279032028
4279032029
4279033000
4279033021
4279033022
4279033023
4279033024
4279033025
4279033026
4279033027
4279033028
4279033029
4279033030
4279033031
4279034000
4279034021
4279034022
4279034023
4279034024
4279034025
4280000000
4280003000
4280003001
4280003002
4280003003
4280003004
4280003005
4280003006
4280003007
4280003008
4280003009
4280003010
4280003011
4280003012
4280003013
4280003014
4280003015
4280003016
4280003017
4280003018
4280003019
4280003020
4280003021
4280025000
4280025021
4280025022
4280025023
4280025024
4280025025
4280025026
4280025027
4280025028
4280025029
4280025030
4280025031
4280025032
4280025033
4280025034
4280025035
4280025036
4280025037
4280025038
4280025039
4280025040
4280025041
4280031000
4280031001
4280031002
4280031021
4280031022
4280031023
4280031024
4280031025
4280031026
4280031027
4280031028
4280031029
4280031030
4280031031
4280031032
4280031033
4280031034
4280031035
4280031500
4280031521
4280031522
4280031523
4280031524
4280031525
4280031526
4280031527
4280031528
4280031529
4280031530
4280031531
4280031532
4280031533
4280031534
4280031535
4280032000
4280032001
4280032002
4280032003
4280032004
4280032005
4280032006
4280032021
4280032022
4280032023
4280032024
4280032025
4280032026
4280032027
4280032028
4280032029
4280033000
4280033021
4280033022
4280033023
4280033024
4280033025
4280033026
4280033027
4280033028
4280033029
4280034000
4280034021
4280034022
4280034023
4280034024
4280034025
4280034026
4281000000
4281003000
4281003001
4281003002
4281003003
4281003004
4281003005
4281003006
4281003007
4281003008
4281003009
4281003010
4281003011
4281025000
4281025001
4281025021
4281025022
4281025023
4281025024
4281025025
4281025026
4281025027
4281025028
4281025029
4281025030
4281025031
4281031000
4281031001
4281031002
4281031021
4281031022
4281031023
4281031024
4281031025
4281031026
4281031027
4281031028
4281031029
4281031030
4281031031
4281031032
4281031033
4281032000
4281032021
4281032022
4281032023
4281032024
4281033000
4281033001
4281033002
4281033003
4281033021
4281033022
4281033023
4281033024
4281033025
4281034000
4281034001
4281034002
4281034003
4281034004
4281034005
4281034006
4281034021
4281034022
4281034023
4281034024
4281034025
4281034026
4281034027
4281035000
4281035021
4281035022
4281035023
4281035024
4282000000
4282003000
4282003001
4282003002
4282003003
4282003004
4282003005
4282003006
4282003007
4282003008
4282003009
4282003010
4282003011
4282003012
4282003013
4282003014
4282003015
4282003016
4282003017
4282003500
4282003501
4282003502
4282003503
4282003504
4282003505
4282003506
4282003507
4282003508
4282003509
4282003510
4282003511
4282003512
4282003513
4282003514
4282003515
4282003516
4282003517
4282025000
4282025021
4282025022
4282025023
4282025024
4282025025
4282025026
4282025027
4282025028
4282025029
4282025030
4282025031
4282025032
4282025033
4282025034
4282025035
4282025036
4282025037
4282025300
4282025321
4282025322
4282025323
4282025324
4282025325
4282025326
4282025327
4282025328
4282025329
4282025330
4282025331
4282025332
4282025333
4282025334
4282025335
4282025336
4282025337
4282031000
4282031001
4282031021
4282031022
4282031023
4282031024
4282031025
4282031026
4282031027
4282031028
4282031029
4282031030
4282031031
4282031032
4282031033
4282031034
4282031035
4282031036
4282031037
4282031038
4282031099
4282032000
4282032021
4282032022
4282032023
4282032024
4282032025
4282032026
4282032027
4282032028
4282032029
4282032030
4282032031
4282032032
4282033000
4282033001
4282033002
4282033021
4282033022
4282033023
4282033024
4282033025
4282033026
4282033027
4282033028
4282033029
4282033030
4282033031
4282033032
4282033033
4282033034
4282033035
4282033036
4282033037
4282034000
4282034021
4282034022
4282034023
4282034024
4282034025
4282034026
4282034027
4282034028
4283000000
4283001000
4283001001
4283001002
4283001003
4283001004
4283001005
4283001006
4283001007
4283001008
4283001009
4283001010
4283001011
4283001012
4283001013
4283001014
4283001015
4283001016
4283003000
4283003001
4283003002
4283003003
4283003004
4283003005
4283003006
4283003007
4283003008
4283003009
4283003010
4283003011
4283003012
4283003013
4283003014
4283003015
4283003016
4283003017
4283003018
4283003019
4283025000
4283025021
4283025022
4283025023
4283025024
4283025025
4283025026
4283025027
4283025028
4283025029
4283025030
4283025031
4283025032
4283025033
4283025034
4283025035
4283025036
4283025037
4283025038
4283025039
4283025099
4283031000
4283031001
4283031002
4283031003
4283031004
4283031021
4283031022
4283031023
4283031024
4283031025
4283031026
4283031027
4283031028
4283031029
4283031030
4283031031
4283031032
4283031033
4283031034
4283031035
4283031036
4283031037
4283031038
4283031039
4283031040
4283032000
4283032021
4283032022
4283032023
4283032024
4283032025
4283032026
4283032027
4283032028
4283032029
4283032030
4283032031
4283032032
4283032033
4283032034
4283032035
4283032036
4283032037
4283032038
4283032039
4283032040
4283032041
4283032042
4283032043
4283032044
4283032099
4283033000
4283033021
4283033022
4283033023
4283033024
4283033025
4283033026
4283033027
4283033028
4283033029
4283033030
4283033031
4283033032
4283033033
4283033034
4283034000
4283034021
4283034022
4283034023
4283034024
4283034025
4283034026
4283034027
4283034028
4283034029
4283034030
4283034031
4283034032
4283034033
4283034034
4283034035
4283034036
4283034037
4283034038
4283034039
4283034040
4283034041
4283035000
4283035021
4283035022
4283035023
4283035024
4283035025
4283035026
4283035027
4283035028
4283035029
4283035030
4283035031
4283035032
4283035033
4283035034
4283035035
4283035036
4283035037
4283035038
4283035039
4283035040
4283035041
4283035042
4284000000
4284001000
4284001001
4284001002
4284001003
4284001004
4284001005
4284001006
4284001007
4284001008
4284001009
4284001010
4284011000
4284011021
4284011022
4284011023
4284011024
4284011025
4284031000
4284031021
4284031022
4284031023
4284031024
4284031025
4284031026
4284031027
4284031028
4284031029
4284032000
4284032001
4284032002
4284032021
4284032022
4284032023
4284032024
4284032025
4284032026
4284033000
4284033001
4284033002
4284033021
4284033022
4284033023
4284033024
4284033025
4284033026
4284033027
4284034000
4284034021
4284034022
4284034023
4284034024
4284034025
4284034026
4284034027
4284034028
4284034029
4284034030
4284034031
4284035000
4284035021
4284035022
4284035023
4284035024
4284035025
4284035026
4284035027
4284035028
4284035029
4284035030
4284036000
4284036021
4284036022
4284036023
4284036024
4284036025
4284036026
4284036027
4284036028
4284036029
4284037000
4284037021
4284037022
4284037023
4284037024
4284037025
4284037026
4284037027
4284037028
4284037029
4285000000
4285001000
4285001001
4285001002
4285001003
4285001004
4285001005
4285001006
4285001007
4285001008
4285001009
4285001010
4285001011
4285001012
4285001013
4285001014
4285001015
4285001016
4285001017
4285001018
4285001019
4285001020
4285001021
4285001022
4285001023
4285001024
4285001025
4285001026
4285001027
4285001500
4285001501
4285001502
4285001503
4285001504
4285001505
4285001506
4285001507
4285001508
4285001509
4285001510
4285001511
4285001512
4285001513
4285001514
4285001515
4285001516
4285001517
4285001518
4285001519
4285001520
4285001521
4285001522
4285001523
4285001524
4285001525
4285001526
4285002000
4285002001
4285002002
4285002003
4285002004
4285002005
4285002006
4285002007
4285002500
4285002501
4285002502
4285002503
4285002504
4285002505
4285002506
4285002507
4285002508
4285002509
4285002510
4285002511
4285002514
4285002515
4285003000
4285003001
4285003002
4285003003
4285003004
4285003005
4285003006
4285003007
4285003008
4285003009
4285003010
4285003011
4285003012
4285003013
4285003014
4285003015
4285003016
4285003017
4285003018
4285003019
4285003020
4285003021
4285003022
4285003023
4285003024
4285003025
4285003500
4285003501
4285003502
4285003503
4285003504
4285003505
4285003506
4285003507
4285003508
4285003509
4285003510
4285003511
4285003512
4285003513
4285003514
4285003515
4285003516
4285003517
4285003518
4285004000
4285004001
4285004002
4285004003
4285004004
4285004005
4285004006
4285004007
4285004008
4285004009
4285004010
4285004011
4285004012
4285004013
4285011000
4285011021
4285011022
4285011023
4285011024
4285011025
4285011026
4285011027
4285011028
4285011029
4285011030
4285011031
4285011032
4285011033
4285011034
4285011035
4285011036
4285011037
4285011038
4285011039
4285011040
4285011041
4285011042
4285011043
4285011044
4285011045
4285012000
4285012001
4285012002
4285012003
4285012004
4285012005
4285012006
4285012007
4285012021
4285012022
4285012023
4285012024
4285012025
4285012026
4285012027
4285012028
4285012029
4285012030
4285012031
4285012098
4285012099
4285031000
4285031021
4285031022
4285031023
4285031024
4285031025
4285031026
4285031027
4285031028
4285031029
4285031030
4285031031
4285031032
4285031033
4285031034
4285031075
4285031076
4285031077
4285031078
4285031079
4285031080
4285031081
4285031082
4285031083
4285031084
4285031085
4285031086
4285031087
4285031088
4285031089
4285031090
4285031091
4285031092
4285031093
4285031094
4285031095
4285031096
4285031097
4285031098
4285031099
4285032000
4285032001
4285032002
4285032021
4285032022
4285032023
4285032024
4285032025
4285032026
4285032027
4285032028
4285032029
4285032030
4285032031
4285032032
4285032033
4285032034
4285032035
4285032036
4285032037
4285032038
4285032039
4285032040
4285033000
4285033001
4285033021
4285033022
4285033023
4285033024
4285033025
4285033026
4285033027
4285033028
4285033029
4285033030
4285033031
4285033032
4285033033
4285033034
4285033035
4285033036
4285034000
4285034021
4285034022
4285034023
4285034024
4285034025
4285034026
4285034027
4285034028
4285034029
4285034030
4285034031
4285034032
4285034033
4285034034
4285035000
4285035021
4285035022
4285035023
4285035024
4285035025
4285036000
4285036021
4285036022
4285036023
4285036024
4285036025
4285036026
4285036027
4285036028
4300000000
4305000000
4305001000
4305001001
4305001002
4305001003
4305001004
4305001005
4305001006
4305001007
4305001008
4305001009
4305001010
4305001011
4305001012
4305001013
4305001014
4305001015
4305001016
4305001017
4305001018
4305001019
4305001020
4305001021
4305001022
4305001023
4305001024
4305001025
4305001026
4305001027
4305001028
4305001029
4305001030
4305003000
4305003001
4305003002
4305003003
4305003004
4305003005
4305003006
4305003007
4305003008
4305003009
4305003010
4305003011
4305003012
4305003013
4305003014
4305003015
4305003016
4305003017
4305003018
4305003500
4305003501
4305003502
4305003503
4305003504
4305003505
4305003506
4305003507
4305003508
4305003509
4305003510
4305003511
4305003512
4305003513
4305003514
4305003515
4305003516
4305003517
4305003518
4305003519
4305003520
4305003521
4305003522
4305003523
4305003524
4305003525
4305003526
4305003527
4305004000
4305004001
4305004002
4305004003
4305004004
4305004005
4305004006
4305004007
4305004008
4305004009
4305004010
4305004011
4305004012
4305004013
4305004014
4305004015
4305004016
4305004017
4305004018
4305004019
4305004020
4305004021
4305004022
4305004500
4305004501
4305004502
4305004503
4305004504
4305004505
4305004506
4305004507
4305004508
4305005000
4305005001
4305005002
4305005003
4305005004
4305005005
4305005006
4305005007
4305005008
4305005009
4305005010
4305005011
4305005012
4305005013
4305005014
4305005015
4305005016
4305005500
4305005501
4305005502
4305005503
4305005504
4305005505
4305005506
4305005507
4305005508
4305006000
4305006001
4305006002
4305006003
4305006004
4305006005
4305006006
4305006007
4305006008
4305006009
4305006010
4305006011
4305006012
4305006013
4305006014
4305006015
4305006016
4305006017
4305006018
4305006019
4305006500
4305006501
4305006502
4305006503
4305006504
4305006505
4305006506
4305006507
4305006508
4311000000
4311010100
4311010200
4311010300
4311010400
4311010500
4311010600
4311010700
4311010800
4311010900
4311011000
4311011100
4311011200
4311011300
4311011400
4311011500
4311011600
4311011700
4311011800
4311011900
4311012000
4311012100
4311012200
4311012300
4311012400
4311012500
4311012600
4311012700
4311012800
4311012900
4311013000
4311013100
4311013200
4311013300
4311013400
4311013500
4311013600
4311013700
4311013800
4311013900
4311014000
4311014100
4311014200
4311014300
4311014400
4311014500
4311014600
4311014700
4311014800
4311014900
4311015000
4311015100
4311015200
4311015300
4311015400
4311015500
4311015600
4311015700
4311015800
4311015900
4311016000
4311016100
4311016200
4311016300
4311016400
4311016500
4311016600
4311016700
4311016800
4311016900
4311017000
4311017100
4311017200
4311017300
4311017400
4311017500
4311017600
4311017700
4311017800
4311017900
4311018000
4311018100
4311018200
4311018300
4311090100
4311090200
4311090300
4311090400
4311090500
4311090600
4311100000
4311110100
4311110200
4311110300
4311110400
4311110500
4311110600
4311110700
4311110800
4311110900
4311111000
4311111100
4311111200
4311111300
4311111400
4311111500
4311111600
4311111700
4311111800
4311111900
4311112000
4311112100
4311112200
4311112300
4311112400
4311112500
4311112600
4311112700
4311112800
4311112900
4311113000
4311113100
4311113200
4311113300
4311113400
4311113500
4311113600
4311113700
4311113800
4311113900
4311131000
4311131021
4311131022
4311131023
4311131024
4311131025
4311131026
4311131027
4311131028
4311131029
4311131030
4311131031
4311131032
4311132000
4311132021
4311132022
4311132023
4311132024
4311132025
4311132026
4311132027
4311132028
4311132029
4311132030
4311132031
4311132032
4311132033
4311132034
4311132035
4311132036
4311132037
4311132038
4311132039
4311132040
4311132041
4311132042
4311132043
4311132044
4311133000
4311133021
4311133022
4311133023
4311133024
4311133025
4311133026
4311133027
4311133028
4311133029
4311133030
4311133031
4311133032
4311133033
4311133034
4311133035
4311134000
4311134021
4311134022
4311134023
4311134024
4311134025
4311134026
4311134027
4311134028
4311134029
4311134030
4311134031
4311134032
4311135000
4311135021
4311135022
4311135023
4311135024
4311135025
4311135026
4311135027
4311135028
4311135029
4311135030
4311135031
4311135032
4311135033
4311135034
4311135035
4311135036
4311135037
4311135038
4311135039
4311135040
4311135041
4311135042
4311200000
4311210100
4311210200
4311210300
4311210400
4311210500
4311210600
4311210700
4311210800
4311210900
4311211000
4311211100
4311211200
4311231000
4311231021
4311231022
4311231023
4311231024
4311231025
4311231026
4311231027
4311231028
4311231029
4311231030
4311231031
4311231032
4311231033
4311231034
4311231035
4311231036
4311231037
4311231038
4311231039
4311231040
4311232000
4311232021
4311232022
4311232023
4311232024
4311232025
4311232026
4311232027
4311232028
4311232029
4311232030
4311232031
4311232032
4311232033
4311232034
4311300000
4311310100
4311310200
4311310300
4311310400
4311310500
4311310600
4311310700
4311310800
4311310900
4311311000
4311311100
4311311200
4311311300
4311311400
4311311500
4311311600
4311311700
4311311800
4311311900
4311312000
4311312100
4311312200
4311312300
4311312400
4311312500
4311312600
4311312700
4311312800
4311312900
4311313000
4311313100
4311313200
4311313300
4311313400
4311313500
4311313600
4311313700
4311313800
4311313900
4311314000
4311314100
4311314200
4311314300
4311325000
4311325021
4311325022
4311325023
4311325024
4311325025
4311325026
4311325027
4311325028
4311325029
4311325030
4311325031
4311325032
4311325033
4311331000
4311331021
4311331022
4311331023
4311331024
4311331025
4311331026
4311331027
4311331028
4311331029
4311331030
4311331031
4311331032
4311331033
4311331034
4311331035
4311332000
4311332021
4311332022
4311332023
4311332024
4311332025
4311332026
4311332027
4311332028
4311332029
4311332030
4311332031
4311332032
4311332033
4311332034
4311332035
4311400000
4311410100
4311410200
4311410300
4311410400
4311410500
4311410600
4311410700
4311410800
4311410900
4311411000
4311411100
4311411200
4311411300
4311425000
4311425021
4311425022
4311425023
4311425024
4311425025
4311425026
4311425027
4311425028
4311425029
4311425030
4311425031
4311425032
4311425033
4311425034
4311425035
4311425036
4311425037
4311425038
4311425039
4311425040
4311425041
4311425300
4311425321
4311425322
4311425323
4311425324
4311425325
4311425326
4311425327
4311425328
4311425329
4311425330
4311425331
4311425332
4311425333
4311425334
4311425335
4311425336
4311425337
4311425338
4311425339
4311425340
4311425341
4311425342
4311425343
4311425344
4311425345
4311425346
4311425347
4311425348
4311425349
4311425350
4311425351
4311425352
4311425353
4311425354
4311431000
4311431021
4311431022
4311431023
4311431024
4311431025
4311431026
4311431027
4311431028
4311431029
4311431030
4311431031
4311431032
4311431033
4311431034
4311431035
4311431036
4311431037
4311431038
4311431039
4311431040
4311431041
4311431042
4311431043
4311431044
4311431045
4311431046
4311500000
4311600000
4313000000
4313010100
4313010200
4313010300
4313010400
4313010500
4313010600
4313010700
4313010800
4313010900
4313011000
4313011100
4313011200
4313011300
4313011400
4313011500
4313011600
4313011700
4313011800
4313011900
4313012000
4313012100
4313012200
4313012300
4313012400
4313012500
4313012600
4313012700
4313012800
4313025000
4313025021
4313025022
4313025023
4313025024
4313025025
4313025026
4313025027
4313025028
4313025029
4313025030
4313025031
4313031000
4313031021
4313031022
4313031023
4313031024
4313031025
4313031026
4313031027
4313031028
4313031029
4313031030
4313031031
4313031032
4313031033
4313032000
4313032021
4313032022
4313032023
4313032024
4313032025
4313032026
4313032027
4313032028
4313032500
4313032521
4313032522
4313032523
4313032524
4313032525
4313032526
4313032527
4313032528
4313033000
4313033021
4313033022
4313033023
4313033024
4313033025
4313033026
4313033027
4313033028
4313033029
4313033030
4313033031
4313033032
4313033500
4313033521
4313033522
4313033523
4313033524
4313033525
4313033526
4313033527
4313033528
4313033529
4313033530
4313033531
4313033532
4313034000
4313034021
4313034022
4313034023
4313034024
4313034025
4313034026
4313034027
4313034028
4313034029
4313034030
4313034031
4313035000
4313035021
4313035022
4313035023
4313035024
4313035025
4313035026
4313035027
4313035028
4313035029
4313035030
4313035031
4313035032
4313035033
4313035034
4313036000
4313036021
4313036022
4313036023
4313036024
4313036025
4313036026
4313036027
4313036028
4313037000
4313037021
4313037022
4313037023
4313037024
4313037025
4313037026
4313037027
4313037028
4313037029
4313037030
4313037031
4313037032
4313037033
4313037034
4313037035
4313038000
4313038021
4313038022
4313038023
4313038024
4313038025
4313038026
4313038027
4313038028
4313038500
4313038521
4313038522
4313038523
4313038524
4313038525
4313038526
4313038527
4313038528
4313039000
4313039021
4313039022
4313039023
4313039024
4313039025
4313039026
4313039027
4313039028
4313039029
4313039030
4313040000
4313040021
4313040022
4313040023
4313040024
4313040025
4313040026
4313040027
4313040028
4313040029
4313040030
4313040031
4313040032
4313040033
4313041000
4313041021
4313041022
4313041023
4313041024
4313042000
4313042021
4313042022
4313042023
4313042024
4313042025
4313042026
4313042027
4313042028
4313042029
4313042030
4313042031
4313043000
4313043021
4313043022
4313043023
4313043024
4313043025
4313043026
4313043027
4313043028
4313043029
4313090100
4313090200
4315000000
4315010100
4315010200
4315010300
4315010400
4315010500
4315010600
4315010700
4315010800
4315010900
4315011000
4315011100
4315011200
4315011300
4315011400
4315011500
4315011600
4315011700
4315011800
4315011900
4315012000
4315012100
4315012200
4315012300
4315012400
4315012500
4315012600
4315012700
4315012800
4315025000
4315025021
4315025022
4315025023
4315025024
4315025025
4315025026
4315025027
4315025028
4315025029
4315025030
4315025031
4315025032
4315025033
4315025034
4315025035
4315025036
4315031000
4315031021
4315031022
4315031023
4315031024
4315031025
4315031026
4315031027
4315031028
4315031029
4315031030
4315031031
4315031032
4315031033
4315031034
4315032000
4315032021
4315032022
4315032023
4315032024
4315032025
4315032026
4315032027
4315032028
4315032029
4315032030
4315032031
4315032032
4315032033
4315032034
4315032035
4315032036
4315032037
4315032038
4315032039
4315032040
4315032041
4315032042
4315032043
4315032044
4315032045
4315032046
4315032047
4315033000
4315033021
4315033022
4315033023
4315033024
4315033025
4315033026
4315033027
4315033028
4315033029
4315033030
4315033031
4315033032
4315033033
4315033034
4315033035
4315033036
4315033037
4315033038
4315033039
4315033040
4315033041
4315033042
4315034000
4315034021
4315034022
4315034023
4315034024
4315034025
4315034026
4315034027
4315035000
4315035021
4315035022
4315035023
4315035024
4315035025
4315035026
4315035027
4315035028
4315035029
4315035030
4315036000
4315036021
4315036022
4315036023
4315036024
4315036025
4315036026
4315036027
4315036028
4315036029
4315037000
4315037021
4315037022
4315037023
4315037024
4315037025
4315037026
4315037027
4315037028
4315037029
4315037030
4315037031
4315037032
4315037033
4315037034
4315037035
4315037036
4315038000
4315038021
4315038022
4315038023
4315038024
4315038025
4315038026
4315038027
4315038028
4315090100
4315090200
4315090300
4315090400
4315090500
4315090600
4315090700
4371000000
4371003000
4371003001
4371003002
4371003003
4371003004
4371003005
4371003006
4371003007
4371003008
4371003009
4371003010
4371003011
4371003012
4371003013
4371003014
4371003015
4371003016
4371003017
4371003018
4371003019
4371003020
4371003021
4371003022
4371003500
4371003501
4371003502
4371003503
4371003504
4371003505
4371003506
4371003507
4371003508
4371003509
4371003510
4371003511
4371003512
4371003513
4371003514
4371003515
4371003516
4371025000
4371025021
4371025022
4371025023
4371025024
4371025025
4371025026
4371025027
4371025028
4371025029
4371025030
4371025031
4371025032
4371025033
4371025034
4371025035
4371025036
4371025037
4371025038
4371025039
4371025040
4371025041
4371025300
4371025321
4371025322
4371025323
4371025324
4371025325
4371025326
4371025327
4371025328
4371025329
4371025330
4371025331
4371025332
4371025333
4371025334
4371025335
4371025336
4371025337
4371025338
4371025339
4371025340
4371025341
4371025342
4371025343
4371025344
4371025345
4371025346
4371025347
4371025348
4371025349
4371025350
4371025351
4371025352
4371025353
4371025354
4371025600
4371025621
4371025622
4371025623
4371025624
4371025625
4371025626
4371025627
4371025628
4371025629
4371025630
4371025631
4371025632
4371025633
4371031000
4371031001
4371031021
4371031022
4371031023
4371031024
4371031025
4371031026
4371031027
4371031028
4371031029
4371031030
4371031031
4371031032
4371031033
4371032000
4371032021
4371032022
4371032023
4371032024
4371032025
4371032026
4371032027
4371032028
4371032029
4371032030
4371032031
4371032032
4371032033
4371032034
4371032035
4371032036
4371032037
4371032038
4371032039
4371032040
4371032041
4371032042
4371032043
4371032044
4371033000
4371033021
4371033022
4371033023
4371033024
4371033025
4371033026
4371033027
4371033028
4371033029
4371033030
4371033031
4371033032
4371033033
4371033034
4371033035
4371033036
4371034000
4371034001
4371034021
4371034022
4371034023
4371034024
4371034025
4371034026
4371034027
4371034028
4371034029
4371034030
4371034031
4371034032
4371034033
4371034034
4371034035
4371034036
4371034037
4371035000
4371035001
4371035002
4371035003
4371035004
4371035021
4371035022
4371035023
4371035024
4371035025
4371035026
4371035027
4371035028
4371035029
4371035030
4371035031
4371035032
4371035033
4371035034
4371035035
4371035036
4371035037
4371035038
4371035039
4371035040
4371035041
4371036000
4371036001
4371036021
4371036022
4371036023
4371036024
4371036025
4371036026
4371036027
4371036028
4371036029
4371036030
4371036031
4371036032
4371036033
4371036034
4371036035
4371036036
4371036037
4371036038
4371036039
4371036040
4371036041
4371036042
4371037000
4371037021
4371037022
4371037023
4371037024
4371037025
4371037026
4371037027
4371037028
4371037029
4371037030
4371037031
4371037032
4371037033
4371037034
4371038000
4371038021
4371038022
4371038023
4371038024
4371038025
4371038026
4371038027
4371038028
4371038029
4371039000
4371039001
4371039002
4371039003
4371039004
4371039021
4371039022
4371039023
4371039024
4371039025
4371039026
4371039027
4371039028
4371039029
4371039030
4371039031
4371039032
4371039033
4371039034
4371039035
4371040000
4371040021
4371040022
4371040023
4371040024
4371040025
4371040026
4371040027
4371040028
4371040029
4371040030
4371040031
4371040032
4371040033
4371040034
4371041000
4371041021
4371041022
4371041023
4371041024
4371041025
4371041026
4371041027
4371041028
4371041029
4371041030
4371041031
4371041032
4371041033
4371041034
4371041035
4371042000
4371042021
4371042022
4371042023
4371042024
4371042025
4371042026
4371042027
4371042028
4371042029
4371042030
4371042031
4371042032
4371042033
4371042034
4371042035
4371042036
4371042037
4371042038
4371042039
4371042040
4371042041
4371042042
4371042043
4371042044
4371042045
4371042046
4371042047
4371042048
4371042049
4371042050
4371042051
4371042052
4371042053
4371042054
4371043000
4371043001
4371043002
4371043021
4371043022
4371043023
4371043024
4371043025
4371043026
4371043027
4371043028
4371043029
4371043030
4371043031
4371043032
4371043033
4371043034
4371043035
4371043036
4371043037
4371043038
4371043039
4371043040
4371043041
4371043042
4371043043
4371043044
4371043045
4371043046
4371044000
4371044021
4371044022
4371044023
4371044024
4371044025
4371044026
4371044027
4371044028
4371044029
4371044030
4371044031
4371044032
4371044033
4371044034
4371044035
4371044036
4371044037
4371044038
4371044039
4371044040
4371044041
4371044042
4371044043
4371044044
4371044045
4371044046
4371044047
4371044048
4371044049
4371044050
4372000000
4372003000
4372003001
4372003002
4372003003
4372003004
4372003005
4372003006
4372003007
4372003008
4372003009
4372003010
4372003011
4372003012
4372003013
4372003014
4372003015
4372003016
4372003017
4372003018
4372003019
4372003020
4372003021
4372003022
4372003023
4372003024
4372003025
4372003026
4372003027
4372003028
4372003029
4372025000
4372025001
4372025021
4372025022
4372025023
4372025024
4372025025
4372025026
4372025027
4372025028
4372025029
4372025030
4372025031
4372025032
4372025033
4372025034
4372025035
4372025036
4372025037
4372025038
4372025039
4372025040
4372025041
4372025042
4372025043
4372025044
4372025045
4372025046
4372025047
4372025048
4372031000
4372031001
4372031021
4372031022
4372031023
4372031024
4372031025
4372031026
4372031027
4372031028
4372031029
4372031030
4372031031
4372031500
4372031521
4372031522
4372031523
4372031524
4372031525
4372031526
4372031527
4372031528
4372031529
4372031530
4372031531
4372032000
4372032021
4372032022
4372032023
4372032024
4372032025
4372032026
4372032027
4372032028
4372032029
4372032500
4372032521
4372032522
4372032523
4372032524
4372032525
4372032526
4372032527
4372032528
4372032529
4372032530
4372033000
4372033021
4372033022
4372033023
4372033024
4372033025
4372033026
4372033027
4372033028
4372033029
4372033030
4372033031
4372033032
4372033033
4372033034
4372034000
4372034021
4372034022
4372034023
4372034024
4372034025
4372034026
4372034027
4372034028
4372034029
4372034030
4372034031
4372034032
4372034033
4372035000
4372035021
4372035022
4372035023
4372035024
4372035025
4372035026
4372035027
4372035028
4372035029
4372035030
4372035031
4372036000
4372036021
4372036022
4372036023
4372036024
4372036025
4372036026
4372036027
4372036028
4372036029
4372036030
4372036031
4372036032
4372036033
4372036034
4372036035
4372036036
4372036037
4372037000
4372037001
4372037021
4372037022
4372037023
4372037024
4372037025
4372037026
4372037027
4372037028
4372037029
4372037030
4372037031
4372037032
4372037033
4372037034
4372037035
4372037036
4372037037
4372037038
4372037039
4372037040
4372038000
4372038001
4372038002
4372038003
4372038021
4372038022
4372038023
4372038024
4372038025
4372038026
4372038027
4372038028
4372038029
4372038030
4372038031
4372038032
4372038033
4372038035
4372038036
4372038037
4372038038
4372038500
4372038521
4372038522
4372038523
4372038524
4372038525
4372038526
4372038527
4372038528
4372038529
4372038530
4372038531
4372038532
4372038533
4372038534
4372038535
4372039000
4372039001
4372039002
4372039003
4372039004
4372039005
4372039006
4372039021
4372039022
4372039023
4372039024
4372039025
4372039026
4372039027
4372039028
4372039029
4372039030
4372039031
4372039032
4372039033
4372039034
4372039035
4372039036
4372039037
4372039038
4372039039
4372039040
4372040000
4372040021
4372040022
4372040023
4372040024
4372040025
4372040026
4372040027
4372040028
4372040029
4372040030
4372040031
4372040032
4372040033
4372040034
4372040035
4372040036
4372040037
4372040038
4373000000
4373025000
4373025021
4373025022
4373025023
4373025024
4373025025
4373025026
4373025027
4373025028
4373025029
4373025030
4373025031
4373025032
4373025033
4373025034
4373025035
4373025036
4373025037
4373025038
4373025039
4373025040
4373025041
4373031000
4373031021
4373031022
4373031023
4373031024
4373031025
4373031026
4373031027
4373031028
4373031029
4373031030
4373032000
4373032001
4373032002
4373032021
4373032022
4373032023
4373032024
4373032025
4373032026
4373032027
4373032028
4373033000
4373033001
4373033002
4373033021
4373033022
4373033023
4373033024
4373033025
4373033026
4373033027
4373033028
4373033029
4373033030
4373033031
4373033032
4373033033
4373034000
4373034001
4373034021
4373034022
4373034023
4373034024
4373034025
4373034026
4373034027
4373034028
4373034029
4373034030
4373034031
4373034032
4373034033
4373034034
4373034035
4373034036
4373034037
4373035000
4373035021
4373035022
4373035023
4373035024
4373035025
4373035026
4373035027
4373035028
4373035029
4373035030
4373035031
4373035032
4373035033
4373035034
4373035035
4373035036
4373035037
4373035038
4373036000
4373036001
4373036021
4373036022
4373036023
4373036024
4373036025
4373036026
4373036027
4373036028
4373036029
4373036030
4373036031
4373036032
4373036033
4373036034
4373036035
4373037000
4373037021
4373037022
4373037023
4373037024
4373037025
4373037026
4373037027
4373037028
4373037029
4373037030
4373038000
4373038001
4373038021
4373038022
4373038023
4373038024
4373038025
4373038026
4373038027
4373038028
4373038029
4373038030
4373038031
4373038032
4373038033
4373038034
4373038035
4374000000
4374025000
4374025001
4374025021
4374025022
4374025023
4374025024
4374025025
4374025026
4374025027
4374025028
4374025029
4374025030
4374025031
4374025032
4374025033
4374025034
4374025035
4374025036
4374031000
4374031021
4374031022
4374031023
4374031024
4374031025
4374031026
4374031027
4374031028
4374031029
4374031030
4374031031
4374031032
4374031033
4374031034
4374031035
4374031036
4374031037
4374031038
4374031039
4374032000
4374032021
4374032022
4374032023
4374032024
4374032025
4374032026
4374032027
4374032028
4374032029
4374032030
4374032031
4374032032
4374032033
4374032034
4374033000
4374033021
4374033022
4374033023
4374033024
4374033025
4374033026
4374033027
4374033028
4374033029
4374033500
4374033521
4374033522
4374033523
4374033524
4374033525
4374033526
4374033527
4374033528
4374033529
4374034000
4374034001
4374034021
4374034022
4374034023
4374034024
4374034025
4374034026
4374034027
4374034028
4374034029
4374035000
4374035021
4374035022
4374035023
4374035024
4374035025
4374035026
4374035027
4374035028
4374035029
4374035030
4374035031
4374036000
4374036021
4374036022
4374036023
4374036024
4374036025
4374036026
4374036027
4374036028
4374036029
4374036030
4374036031
4374036032
4374036033
4374036034
4374037000
4374037021
4374037022
4374037023
4374037024
4374037025
4374037026
4374037027
4374038000
4374038021
4374038022
4374038023
4374038024
4374038025
4374038026
4374038027
4374038028
4374038029
4374038030
4374039000
4374039021
4374039022
4374039023
4374039024
4374039025
4374039026
4374039027
4374039028
4374039029
4374040000
4374040021
4374040022
4374040023
4374040024
4374040025
4374040026
4374040027
4374040028
4374040029
4374040030
4374040031
4374040032
4374040033
4374040034
4374500000
4374525000
4374525021
4374525022
4374525023
4374525024
4374525025
4374525026
4374525027
4374525028
4374525029
4374525030
4374525031
4374525032
4374525033
4374525034
4374525035
4374525036
4374525037
4374525038
4374525039
4374525040
4374531000
4374531021
4374531022
4374531023
4374531024
4374531025
4374531026
4374531027
4375000000
4375003000
4375003001
4375003002
4375003003
4375003004
4375003005
4375003006
4375003007
4375003008
4375003009
4375003010
4375003011
4375003012
4375003013
4375003014
4375003015
4375003016
4375003017
4375003018
4375003019
4375003020
4375025000
4375025021
4375025022
4375025023
4375025024
4375025025
4375025026
4375025027
4375025028
4375025029
4375025030
4375025031
4375025032
4375025033
4375025034
4375025035
4375025036
4375025037
4375025038
4375025039
4375025040
4375025300
4375025321
4375025322
4375025323
4375025324
4375025325
4375025326
4375025327
4375025328
4375025329
4375025330
4375025331
4375025332
4375031000
4375031001
4375031002
4375031003
4375031021
4375031022
4375031023
4375031024
4375031025
4375031026
4375031027
4375031028
4375031029
4375031030
4375031031
4375031032
4375032000
4375032021
4375032022
4375032023
4375032024
4375032025
4375032026
4375032027
4375032028
4375032029
4375032030
4375032031
4375032032
4375033000
4375033021
4375033022
4375033023
4375033024
4375033025
4375033026
4375033027
4375033028
4375033029
4375033030
4375033031
4375033032
4375034000
4375034021
4375034022
4375034023
4375034024
4375034025
4375034026
4375034027
4375034028
4375034029
4375035000
4375035001
4375035002
4375035003
4375035021
4375035022
4375035023
4375035024
4375035025
4375035026
4375035027
4375035028
4375035029
4375035030
4375035031
4375035032
4375036000
4375036001
4375036002
4375036021
4375036022
4375036023
4375036024
4375036025
4375036026
4375036027
4375037000
4375037021
4375037022
4375037023
4375037024
4375037025
4375037026
4375037027
4376000000
4376003000
4376003001
4376003002
4376003003
4376003004
4376003005
4376003006
4376003007
4376003008
4376003009
4376003010
4376003011
4376003500
4376003501
4376003502
4376003503
4376003504
4376003505
4376003506
4376003507
4376003508
4376003509
4376003510
4376012000
4376012001
4376012002
4376012003
4376025000
4376025021
4376025022
4376025023
4376025024
4376025025
4376025026
4376025027
4376025028
4376025029
4376025030
4376025031
4376025300
4376025321
4376025322
4376025323
4376025324
4376025325
4376025326
4376025327
4376025328
4376025329
4376025330
4376025331
4376025332
4376025333
4376025334
4376025335
4376025336
4376025337
4376025338
4376025339
4376025340
4376031000
4376031001
4376031021
4376031022
4376031023
4376031024
4376031025
4376031026
4376031027
4376032000
4376032021
4376032022
4376032023
4376032024
4376032025
4376032026
4376032027
4376032028
4376033000
4376033021
4376033022
4376033023
4376033024
4376033025
4376033026
4376033027
4376033028
4376033029
4376034000
4376034021
4376034022
4376034023
4376034024
4376034025
4376034026
4376034027
4376034028
4376034029
4376034030
4376034031
4376034032
4376035000
4376035021
4376035022
4376035023
4376035024
4376035025
4376035026
4376035027
4376035028
4376035029
4376035030
4376036000
4376036021
4376036022
4376036023
4376036024
4376036025
4376036026
4376036027
4376036028
4376036029
4376036030
4376036031
4376036032
4376036033
4376036034
4376036035
4376036036
4376036037
4376036038
4376036039
4376036040
4376036041
4376036042
4376036043
4376036044
4376036045
4376036046
4376036047
4376036048
4376036049
4376036050
4376036051
4376037000
4376037021
4376037022
4376037023
4376037024
4376037025
4376037026
4376037027
4376037028
4376037029
4376037030
4376037031
4376038000
4376038021
4376038022
4376038023
4376038024
4376038025
4376038026
4376038027
4376039000
4376039021
4376039022
4376039023
4376039024
4376039025
4376039026
4376039027
4376039028
4376040000
4376040021
4376040022
4376040023
4376040024
4376040025
4376040026
4376040027
4376040028
4376041000
4376041001
4376041021
4376041022
4376041023
4376041024
4376041025
4376041026
4376041027
4376041028
4376041029
4376041030
4376041031
4376041032
4377000000
4377003000
4377003001
4377003002
4377003003
4377003004
4377003005
4377003006
4377003007
4377003008
4377003009
4377003010
4377003011
4377003012
4377003013
4377003014
4377003015
4377003016
4377003017
4377003018
4377003019
4377003020
4377003021
4377003022
4377025000
4377025021
4377025022
4377025023
4377025024
4377025025
4377025026
4377025027
4377025028
4377025029
4377025030
4377025031
4377025032
4377025300
4377025301
4377025321
4377025322
4377025323
4377025324
4377025325
4377025326
4377025327
4377025328
4377025329
4377025330
4377025331
4377025332
4377025333
4377025334
4377025335
4377025336
4377025337
4377025338
4377025339
4377025340
4377025341
4377025342
4377031000
4377031021
4377031022
4377031023
4377031024
4377031025
4377031026
4377031027
4377031028
4377031029
4377032000
4377032021
4377032022
4377032023
4377032024
4377032025
4377032026
4377032027
4377032028
4377032029
4377032030
4377032031
4377032032
4377032033
4377033000
4377033021
4377033022
4377033023
4377033024
4377033025
4377033026
4377033027
4377033028
4377033029
4377033030
4377033031
4377034000
4377034021
4377034022
4377034023
4377034024
4377034025
4377034026
4377034027
4377034028
4377034029
4377034030
4377034031
4377034032
4377035000
4377035021
4377035022
4377035023
4377035024
4377035025
4377035026
4377035027
4377035028
4377035029
4377035030
4377035031
4377035032
4377036000
4377036021
4377036022
4377036023
4377036024
4377036025
4377036026
4377036027
4377036028
4377036029
4377036030
4377036031
4377036032
4377037000
4377037021
4377037022
4377037023
4377037024
4377037025
4377037026
4377037027
4377037028
4377037029
4377037030
4377037031
4377037032
4378000000
4378031000
4378031001
4378031002
4378031003
4378031004
4378031005
4378031006
4378031007
4378031021
4378031022
4378031023
4378031024
4378031025
4378031026
4378031027
4378031028
4378031029
4378031030
4378031031
4378031032
4378031033
4378032000
4378032021
4378032022
4378032023
4378032024
4378032025
4378032026
4378032027
4378032028
4378032029
4378032030
4378033000
4378033001
4378033002
4378033021
4378033022
4378033023
4378033024
4378033025
4378033026
4378033027
4378033028
4378033029
4378033030
4378033031
4378033032
4378034000
4378034021
4378034022
4378034023
4378034024
4378034025
4378034026
4378034027
4378034028
4378034029
4378034030
4378034031
4378035000
4378035021
4378035022
4378035023
4378035024
4378035025
4378035026
4378035027
4378035028
4378035029
4378035030
4378035031
4378035032
4378035033
4378035034
4378036000
4378036001
4378036002
4378036003
4378036004
4378036021
4378036022
4378036023
4378036024
4378036025
4378036026
4378036027
4378036028
4378037000
4378037001
4378037002
4378037021
4378037022
4378037023
4378037024
4378037025
4378037026
4378037027
4378037028
4378037029
4378037030
4378037031
4378037032
4378037033
4378037034
4378037035
4378038000
4378038001
4378038002
4378038021
4378038022
4378038023
4378038024
4378038025
4378038026
4378038027
4378038028
4378039000
4378039021
4378039022
4378039023
4378039024
4378039025
4378039026
4378039027
4378039028
4378039029
4378039030
4378040000
4378040001
4378040002
4378040003
4378040004
4378040021
4378040022
4378040023
4378040024
4378040025
4378040026
4378040027
4378040028
4378040029
4378040030
4378040031
4378040032
4378040033
4378041000
4378041021
4378041022
4378041023
4378041024
4378041025
4378042000
4378042001
4378042002
4378042021
4378042022
4378042023
4378042024
4378042025
4378042026
4378042027
4378042028
4378042029
4378042030
4378042031
4378043000
4378043001
4378043002
4378043003
4378043004
4378043005
4378043006
4378043021
4378043022
4378043023
4378043024
4378043025
4378043026
4378043027
4378043028
4378043029
4379000000
4379031000
4379031001
4379031002
4379031003
4379031021
4379031022
4379031023
4379031024
4379031025
4379031026
4379031027
4379031028
4379031029
4379031030
4379031031
4379031032
4379031033
4379031034
4379031035
4379032000
4379032021
4379032022
4379032023
4379032024
4379032025
4379032026
4379032027
4379032028
4379032029
4379032030
4379032031
4379032032
4379032033
4379032034
4379032035
4379032036
4379032037
4379032038
4379032039
4379032040
4379032041
4379032042
4379032043
4379032044
4379032045
4379032046
4379032047
4379033000
4379033021
4379033022
4379033023
4379033024
4379033025
4379033026
4379033027
4379033028
4379033029
4379033030
4379033031
4379033032
4379033033
4379033034
4379033035
4379033036
4379033037
4379033038
4379033039
4379033040
4379033041
4379033042
4379034000
4379034021
4379034022
4379034023
4379034024
4379034025
4379034026
4379034027
4379035000
4379035001
4379035002
4379035003
4379035004
4379035005
4379035006
4379035021
4379035022
4379035023
4379035024
4379035025
4379035026
4379035027
4379035028
4379035029
4379035030
4379036000
4379036021
4379036022
4379036023
4379036024
4379036025
4379036026
4379036027
4379036028
4379036029
4379037000
4379037001
4379037002
4379037003
4379037021
4379037022
4379037023
4379037024
4379037025
4379037026
4379037027
4379037028
4379037029
4379037030
4379037031
4379037032
4379037033
4379037034
4379037035
4379037036
4379038000
4379038021
4379038022
4379038023
4379038024
4379038025
4379038026
4379038027
4379038028
4379500000
4379531000
4379531021
4379531022
4379531023
4379531024
4379531025
4379531026
4379531027
4379531028
4379531029
4379531030
4379531031
4379531032
4379531033
4379531034
4379532000
4379532021
4379532022
4379532023
4379532024
4379532025
4379532026
4379532027
4379532028
4379532029
4379532030
4379532031
4379532032
4379532033
4379532034
4379532035
4379532036
4379532037
4379532038
4379532039
4379532040
4379532041
4379532042
4379532043
4379532044
4379532045
4379532046
4379532047
4379533000
4379533021
4379533022
4379533023
4379533024
4379533025
4379533026
4379533027
4379533028
4379533029
4379533030
4379533031
4379533032
4379533033
4379533034
4379533035
4379533036
4379533037
4379533038
4379533039
4379533040
4379533041
4379533042
4379534000
4379534021
4379534022
4379534023
4379534024
4379534025
4379534026
4379534027
4379535000
4379535021
4379535022
4379535023
4379535024
4379535025
4379535026
4379535027
4379535028
4379535029
4379535030
4379536000
4379536021
4379536022
4379536023
4379536024
4379536025
4379536026
4379536027
4379536028
4379536029
4379537000
4379537021
4379537022
4379537023
4379537024
4379537025
4379537026
4379537027
4379537028
4379537029
4379537030
4379537031
4379537032
4379537033
4379537034
4379537035
4379537036
4379538000
4379538021
4379538022
4379538023
4379538024
4379538025
4379538026
4379538027
4379538028
4380000000
4380003000
4380003001
4380003002
4380003003
4380003004
4380003005
4380003006
4380003007
4380003008
4380003009
4380003010
4380003011
4380003012
4380003013
4380003014
4380003015
4380003016
4380003017
4380003018
4380003020
4380003021
4380003022
4380003500
4380003501
4380003502
4380003503
4380003504
4380003505
4380003506
4380003507
4380003508
4380003509
4380003510
4380003511
4380003512
4380003513
4380003514
4380003515
4380003516
4380003517
4380003518
4380003519
4380025000
4380025001
4380025002
4380025003
4380025004
4380025005
4380025006
4380025007
4380025008
4380025009
4380025010
4380025011
4380025012
4380025013
4380025014
4380025021
4380025022
4380025023
4380025024
4380025025
4380025026
4380025027
4380025028
4380025029
4380025030
4380025031
4380025032
4380025033
4380025034
4380025035
4380025036
4380025037
4380025300
4380025301
4380025302
4380025303
4380025304
4380025321
4380025322
4380025323
4380025324
4380025325
4380025326
4380025327
4380025328
4380025329
4380025330
4380025331
4380025332
4380025333
4380025334
4380025335
4380025336
4380031000
4380031021
4380031022
4380031023
4380031024
4380031025
4380031026
4380031027
4380031028
4380031029
4380031030
4380031031
4380031032
4380031033
4380031034
4380031035
4380031036
4380031037
4380031038
4380031039
4380031040
4380031041
4380031042
4380031043
4380031044
4380031045
4380031046
4380031047
4380031048
4380032000
4380032021
4380032022
4380032023
4380032024
4380032025
4380032026
4380032027
4380032028
4380033000
4380033021
4380033022
4380033023
4380033024
4380033025
4380033026
4380033027
4380033028
4380033029
4380033030
4380033031
4380033032
4380033033
4380033034
4380034000
4380034001
4380034002
4380034021
4380034022
4380034023
4380034024
4380034025
4380034026
4380034027
4380034028
4380035000
4380035021
4380035022
4380035023
4380035024
4380035025
4380035026
4380035027
4380035028
4380035029
4380035030
4380035031
4380035032
4380035033
4380036000
4380036021
4380036022
4380036023
4380036024
4380036025
4380036026
4380036027
4380036028
4380036029
4380036030
4380036031
4380036032
4380036033
4380036034
4395000000
4400000000
4405000000
4405001000
4405001001
4405001002
4405001003
4405001004
4405001005
4405001006
4405001007
4405001008
4405001009
4405001010
4405001011
4405001012
4405001013
4405001014
4405003000
4405003001
4405003002
4405003003
4405003004
4405003005
4405003006
4405003007
4405003008
4405003009
4405003010
4405003011
4405003012
4405003013
4405003014
4405003015
4405003500
4405003501
4405003502
4405003503
4405003504
4405003505
4405003506
4405003507
4405003508
4405003509
4405004000
4405004001
4405004002
4405004003
4405004004
4405004005
4405004006
4405004007
4405004008
4405004009
4405004010
4405004011
4405004500
4405004501
4405004502
4405004503
4405004504
4405004505
4405004506
4405004507
4405004508
4405004509
4405004510
4405004511
4405004512
4405004513
4405004514
4405004515
4405004516
4405004517
4405004518
4405005000
4405005001
4405005002
4405005003
4405005004
4405005005
4405005006
4405005007
4405005008
4405005009
4405005010
4405005011
4405005012
4405005013
4405005500
4405005501
4405005502
4405005503
4405005504
4405005505
4405005506
4405005507
4405005508
4405005509
4405006000
4405006001
4405006002
4405006003
4405006004
4405006005
4405006006
4405006007
4405006500
4405006501
4405006502
4405006503
4405006504
4405006505
4405006506
4405006507
4405007000
4405007001
4405007002
4405007003
4405007004
4405007005
4405007006
4405007007
4405007008
4405007009
4405007010
4405007011
4405007012
4405007500
4405007501
4405007502
4405007503
4405007504
4405007505
4405007506
4405007507
4405007508
4405007509
4405007510
4405007511
4405007512
4405007513
4405007514
4405008000
4405008001
4405008002
4405008003
4405008004
4405008005
4405008006
4405008007
4405008008
4405008009
4411000000
4411000100
4411000200
4411000300
4411000400
4411000500
4411000600
4411000700
4411000800
4411000900
4411001000
4411001100
4411001200
4411001300
4411001400
4411001500
4411001600
4411001700
4411001800
4411001900
4411002000
4411002100
4411002200
4411002300
4411002400
4411002500
4411002600
4411002700
4411002800
4411002900
4411003000
4411003100
4411003200
4411003300
4411003400
4411003500
4411003600
4411003700
4411003800
4411003900
4411004000
4411004100
4411004200
4411004300
4411004400
4411004500
4411004600
4411004700
4411004800
4411004900
4411005000
4411005100
4411005200
4411005300
4411005400
4411005500
4411005600
4411005700
4411005800
4411005900
4411006000
4411006100
4411006200
4411006300
4411006400
4411006500
4411006600
4411006700
4411006800
4411006900
4411007000
4411007100
4411007200
4411007300
4411007400
4411007500
4411100000
4411110100
4411110200
4411110300
4411110400
4411110500
4411110600
4411110700
4411110800
4411110900
4411111000
4411111100
4411111200
4411111300
4411111400
4411111500
4411111600
4411111700
4411111800
4411111900
4411112000
4411112100
4411112200
4411112300
4411112400
4411112500
4411112600
4411112700
4411112800
4411112900
4411113000
4411190100
4411190200
4411190300
4411190400
4411190500
4411190600
4411190700
4411190800
4411190900
4411191000
4411300000
4411300100
4411300200
4411300300
4411300400
4411300500
4411300600
4411300700
4411300800
4411300900
4411301000
4411301100
4411301200
4411301300
4411301400
4411301500
4411301600
4411301700
4411301800
4411301900
4411302000
4411302100
4411302200
4411302300
4411302400
4411302500
4411302600
4411302700
4411302800
4411302900
4411303000
4411303100
4411303200
4411303300
4411303400
4411303500
4411303600
4411303700
4411303800
4411303900
4411304000
4411304100
4411304200
4411304300
4411304400
4411304500
4411304600
4411304700
4411304800
4411310100
4411310200
4411310300
4411310400
4411310500
4411310600
4411310700
4411310800
4411310900
4411311000
4411311100
4411311200
4411311300
4411311400
4411311500
4411311600
4411311700
4411311800
4411391100
4411391200
4411391300
4411391400
4411391500
4411391600
4411391700
4411391800
4411391900
4411392000
4411392100
4411392200
4411392300
4411392400
4411392500
4411392600
4411500000
4411510100
4411510200
4411510300
4411510400
4411510500
4411510600
4411510700
4411510800
4411510900
4411511000
4411511100
4411511200
4411511300
4411511400
4411511500
4411511600
4411511700
4411511800
4411511900
4411512000
4411512100
4411512200
4411512300
4411512400
4411512500
4411512600
4411512700
4411512800
4411512900
4411513000
4411513100
4411513200
4411513300
4411513400
4411513500
4411513600
4411513700
4411513800
4411513900
4411514000
4411514100
4411514200
4411514300
4411514400
4411514500
4411514600
4411514700
4411514800
4411592700
4411592800
4411592900
4411593000
4413000000
4413010100
4413010200
4413010300
4413010400
4413010500
4413010600
4413010700
4413010800
4413010900
4413011000
4413011100
4413011200
4413011300
4413011400
4413011500
4413011600
4413011700
4413011800
4413011900
4413012000
4413012100
4413012200
4413012300
4413012400
4413012500
4413012600
4413012700
4413012800
4413012900
4413013000
4413025000
4413025021
4413025022
4413025023
4413025024
4413025025
4413025026
4413025027
4413025028
4413025029
4413025030
4413025031
4413025032
4413025033
4413025034
4413025035
4413025036
4413025037
4413025038
4413025300
4413025321
4413025322
4413025323
4413025324
4413025325
4413025326
4413025327
4413025328
4413025329
4413025330
4413025331
4413025332
4413025333
4413025600
4413025621
4413025622
4413025623
4413025624
4413025625
4413025626
4413025627
4413025628
4413025629
4413025630
4413025631
4413025632
4413025633
4413025634
4413025900
4413025921
4413025922
4413025923
4413025924
4413025925
4413025926
4413025927
4413025928
4413025929
4413025930
4413025931
4413025932
4413025933
4413025934
4413025935
4413025936
4413025937
4413025938
4413031000
4413031021
4413031022
4413031023
4413031024
4413031025
4413031026
4413031027
4413031028
4413032000
4413032021
4413032022
4413032023
4413032024
4413032025
4413032026
4413032027
4413032028
4413032029
4413032030
4413032031
4413033000
4413033021
4413033022
4413033023
4413033024
4413033025
4413033026
4413033027
4413033028
4413033029
4413033030
4413033031
4413033032
4413033033
4413033034
4413033035
4413033036
4413033037
4413033038
4413034000
4413034021
4413034022
4413034023
4413034024
4413034025
4413034026
4413034027
4413034028
4413034029
4413034030
4413034031
4413034032
4413034033
4413035000
4413035021
4413035022
4413035023
4413035024
4413035025
4413035026
4413035027
4413035028
4413035029
4413036000
4413036021
4413036022
4413036023
4413036024
4413036025
4413036026
4413037000
4413037021
4413037022
4413037023
4413037024
4413037025
4413037026
4413037027
4413037028
4413037029
4413037030
4413038000
4413038021
4413038022
4413038023
4413038024
4413038025
4413038026
4413038027
4413038028
4413038029
4413038030
4413038031
4413039000
4413039021
4413039022
4413039023
4413039024
4413039025
4413039026
4413039027
4413039028
4413039029
4413039030
4413039031
4413039032
4413039033
4413039034
4413040000
4413040001
4413040021
4413040022
4413040023
4413040024
4413040025
4413040026
4413040027
4413040028
4413040029
4413040030
4413040031
4413040032
4413040033
4413040034
4413040035
4413040036
4413040037
4413040038
4413090100
4413090200
4413090300
4413090400
4413090500
4413090600
4413090700
4413090800
4413090900
4413091000
4413091100
4413100000
4413110100
4413110200
4413110300
4413110400
4413110500
4413110600
4413110700
4413110800
4413110900
4413111000
4413111100
4413111200
4413111300
4413111400
4413111500
4413111600
4413111700
4413111800
4413111900
4413112000
4413125000
4413125021
4413125022
4413125023
4413125024
4413125025
4413125026
4413125027
4413125028
4413125029
4413125030
4413125031
4413125032
4413125033
4413125034
4413125035
4413125036
4413125037
4413125038
4413131000
4413131021
4413131022
4413131023
4413131024
4413131025
4413131026
4413131027
4413131028
4413132000
4413132021
4413132022
4413132023
4413132024
4413132025
4413132026
4413132027
4413132028
4413132029
4413132030
4413132031
4413133000
4413133021
4413133022
4413133023
4413133024
4413133025
4413133026
4413133027
4413133028
4413133029
4413133030
4413133031
4413133032
4413133033
4413134000
4413134021
4413134022
4413134023
4413134024
4413134025
4413134026
4413134027
4413134028
4413134029
4413135000
4413135021
4413135022
4413135023
4413135024
4413135025
4413135026
4413136000
4413136021
4413136022
4413136023
4413136024
4413136025
4413136026
4413136027
4413136028
4413136029
4413137000
4413137021
4413137022
4413137023
4413137024
4413137025
4413137026
4413137027
4413137028
4413137029
4413137030
4413137031
4413300000
4413310100
4413310200
4413310300
4413310400
4413310500
4413310600
4413310700
4413310800
4413310900
4413311000
4413311100
4413325000
4413325021
4413325022
4413325023
4413325024
4413325025
4413325026
4413325027
4413325028
4413325029
4413325030
4413325031
4413325032
4413325033
4413325034
4413325035
4413325036
4413325037
4413325038
4413325300
4413325321
4413325322
4413325323
4413325324
4413325325
4413325326
4413325327
4413325328
4413325329
4413325330
4413325331
4413325332
4413325333
4413325600
4413325621
4413325622
4413325623
4413325624
4413325625
4413325626
4413325627
4413325628
4413325629
4413325630
4413325631
4413325632
4413325633
4413325634
4413331000
4413331021
4413331022
4413331023
4413331024
4413331025
4413331026
4413331027
4413331028
4413331029
4413331030
4413331031
4413331032
4413331033
4413331034
4413331035
4413331036
4413331037
4413331038
4415000000
4415010100
4415010200
4415010300
4415010400
4415010500
4415010600
4415010700
4415010800
4415010900
4415011000
4415011100
4415011200
4415011300
4415011400
4415011500
4415011600
4415011700
4415011800
4415011900
4415012000
4415012100
4415012200
4415012300
4415012400
4415012500
4415012600
4415012700
4415025000
4415025021
4415025022
4415025023
4415025024
4415025025
4415025026
4415025027
4415025028
4415025029
4415025030
4415025031
4415025032
4415025033
4415025034
4415025035
4415025036
4415025037
4415025038
4415031000
4415031021
4415031022
4415031023
4415031024
4415031025
4415031026
4415031027
4415031028
4415031029
4415031030
4415031031
4415031032
4415031033
4415031034
4415031035
4415031036
4415031037
4415032000
4415032021
4415032022
4415032023
4415032024
4415032025
4415032026
4415032027
4415032028
4415032029
4415032030
4415032031
4415032032
4415032033
4415032034
4415032035
4415032036
4415032037
4415033000
4415033021
4415033022
4415033023
4415033024
4415033025
4415033026
4415033027
4415033028
4415033029
4415033030
4415033031
4415033032
4415033033
4415033034
4415033035
4415033036
4415033037
4415034000
4415034021
4415034022
4415034023
4415034024
4415034025
4415034026
4415034027
4415034028
4415034029
4415034030
4415034031
4415034032
4415034033
4415035000
4415035021
4415035022
4415035023
4415035024
4415035025
4415035026
4415035027
4415035028
4415035029
4415035030
4415035031
4415035032
4415035033
4415035034
4415035035
4415036000
4415036021
4415036022
4415036023
4415036024
4415036025
4415036026
4415036027
4415036028
4415036029
4415036030
4415036031
4415036032
4415036033
4415036034
4415036035
4415036036
4415036037
4415037000
4415037021
4415037022
4415037023
4415037024
4415037025
4415037026
4415037027
4415037028
4415037029
4415037030
4415037031
4415037032
4415037033
4415037034
4415037035
4415037036
4415037037
4415037038
4415037039
4415037040
4415037041
4415037042
4415038000
4415038021
4415038022
4415038023
4415038024
4415038025
4415038026
4415038027
4415038028
4415038029
4415038030
4415038031
4415038032
4415038033
4415038034
4415038035
4415038036
4415038037
4415038038
4415038039
4415038040
4415038041
4415038042
4415038043
4415039000
4415039021
4415039022
4415039023
4415039024
4415039025
4415039026
4415039027
4415039028
4415039029
4415039030
4415039031
4415039032
4415039033
4415040000
4415040021
4415040022
4415040023
4415040024
4415040025
4415040026
4415040027
4415040028
4415040029
4415040030
4415040031
4415040032
4415040033
4415040034
4415041000
4415041021
4415041022
4415041023
4415041024
4415041025
4415041026
4415041027
4415041028
4415041029
4415041030
4415041031
4415041032
4415041033
4415041034
4415041035
4415041036
4415041037
4415041038
4417000000
4417010100
4417010200
4417010300
4417010400
4417010500
4417010600
4417010700
4417010800
4417010900
4417011000
4417090100
4417090200
4417090300
4417090400
4417090500
4417090600
4418000000
4418010100
4418010200
4418010300
4418010400
4418010500
4418010600
4418010700
4418010800
4418010900
4418011000
4418025000
4418025021
4418025022
4418025023
4418025024
4418025025
4418025026
4418025027
4418025028
4418025029
4418025030
4418025031
4418025032
4418025033
4418031000
4418031021
4418031022
4418031023
4418031024
4418031025
4418032000
4418032021
4418032022
4418032023
4418032024
4418032025
4418032026
4418032027
4418032028
4418032029
4418032030
4418033000
4418033021
4418033022
4418033023
4418033024
4418033025
4418033026
4418033027
4418033028
4418034000
4418034021
4418034022
4418034023
4418034024
4418034025
4418034026
4418034027
4418034028
4418035000
4418035021
4418035022
4418035023
4418035024
4418035025
4418035026
4418035027
4418035028
4418035029
4418035030
4418035031
4418036000
4418036021
4418036022
4418036023
4418036024
4418036025
4418036026
4418036027
4418036028
4418036029
4418036030
4418036031
4418036032
4418036033
4418037000
4418037021
4418037022
4418037023
4418037024
4418037025
4418037026
4418037027
4418037028
4418037029
4418037030
4418037031
4418037032
4418037033
4418038000
4418038021
4418038022
4418038023
4418038024
4418038025
4418038026
4418038027
4418038028
4418038029
4418038030
4418038031
4418039000
4418039021
4418039022
4418039023
4418039024
4418039025
4418039026
4418039027
4418039028
4418039029
4418039030
4418039031
4418039032
4418039033
4418039034
4418040000
4418040021
4418040022
4418041000
4418041021
4418041022
4418041023
4418041024
4418041025
4418041026
4419000000
4419010100
4419010200
4419010300
4419010400
4419010500
4419010600
4419010700
4419010800
4419010900
4419011000
4419011100
4419011200
4419011300
4419011400
4419011500
4419011600
4419011700
4419011800
4419011900
4419090100
4419090200
4419090300
4419090400
4420000000
4420010100
4420010200
4420010300
4420010400
4420010500
4420010600
4420010700
4420010800
4420010900
4420011000
4420011100
4420011200
4420011300
4420011400
4420011500
4420011600
4420011700
4420011800
4420011900
4420025000
4420025021
4420025022
4420025023
4420025024
4420025025
4420025026
4420025027
4420025028
4420025029
4420025030
4420025031
4420025032
4420025033
4420025034
4420025300
4420025321
4420025322
4420025323
4420025324
4420025325
4420025326
4420025327
4420025328
4420025329
4420025330
4420025331
4420025332
4420031000
4420031021
4420031022
4420031023
4420031024
4420031025
4420031026
4420031027
4420031028
4420031029
4420031030
4420031031
4420031032
4420031033
4420032000
4420032021
4420032022
4420032023
4420032024
4420032025
4420032026
4420032027
4420032028
4420032029
4420032030
4420032031
4420032032
4420033000
4420033021
4420033022
4420033023
4420033024
4420033025
4420033026
4420035000
4420035021
4420035022
4420035023
4420035024
4420035025
4420035026
4420035027
4420035028
4420035029
4420035030
4420035031
4420035032
4420035033
4420035034
4420035035
4420035036
4420036000
4420036021
4420036022
4420036023
4420036024
4420036025
4420036026
4420036027
4420036028
4420036029
4420036030
4420036031
4420036032
4420036033
4420036034
4420036035
4420037000
4420037021
4420037022
4420037023
4420037024
4420037025
4420037026
4420037027
4420037028
4420037029
4420037030
4420037031
4420037032
4420037033
4420038000
4420038021
4420038022
4420038023
4420038024
4420038025
4420038026
4420038027
4420038028
4420038029
4420038030
4420038031
4420038032
4420039000
4420039021
4420039022
4420039023
4420039024
4420039025
4420039026
4420039027
4420039028
4420039029
4420039030
4420039031
4420039032
4420039033
4420039034
4420039035
4420040000
4420040021
4420040022
4420040023
4420040024
4420040025
4420040026
4420040027
4420040028
4420040029
4420040030
4420040031
4420040032
4420040033
4420040034
4420040035
4420040036
4420041000
4420041021
4420041022
4420041023
4420041024
4420041025
4420041026
4420041027
4420041028
4420041029
4420041030
4420041031
4420041032
4421000000
4421010100
4421010200
4421010300
4421010400
4421010500
4421010600
4421010700
4421010800
4421010900
4421011000
4421011100
4421011200
4421011300
4421011400
4421025000
4421025021
4421025022
4421025023
4421025024
4421025025
4421025026
4421025027
4421025028
4421025029
4421025030
4421025031
4421031000
4421031021
4421031022
4421031023
4421031024
4421031025
4421031026
4421031027
4421031028
4421031029
4421031030
4421032000
4421032021
4421032022
4421032023
4421032024
4421032025
4421032026
4421032027
4421032028
4421032029
4421032030
4421032031
4421032032
4421032033
4421032034
4421033000
4421033021
4421033022
4421033023
4421033024
4421033025
4421033026
4421033027
4421033028
4421033029
4421034000
4421034021
4421034022
4421034023
4421034024
4421034025
4421034026
4421034027
4421034028
4421034029
4421036000
4421036021
4421036022
4421036023
4421036024
4421036025
4421036026
4421036027
4421036028
4421036029
4421037000
4421037021
4421037022
4421037023
4421037024
4421037025
4421037026
4421037027
4421037028
4421037029
4421037030
4421038000
4421038021
4421038022
4421038023
4421038024
4421038025
4421038026
4421038027
4421038028
4421038029
4421038030
4421038031
4421038032
4421038033
4421038034
4421038035
4421038036
4421038037
4421038038
4421038039
4421039000
4421039021
4421039022
4421039023
4421039024
4421039025
4421039026
4421039027
4421039028
4421039029
4421039030
4421039031
4421039032
4421039033
4421039034
4421039035
4421039036
4421039037
4421039038
4421039039
4421039040
4421039041
4421039042
4421040000
4421040021
4421040022
4421040023
4421040024
4421040025
4421040026
4421040027
4421040028
4421040029
4421040030
4421040031
4421040032
4421040033
4421090100
4421090200
4421090300
4423000000
4423010100
4423010200
4423010300
4423010400
4423010500
4423010600
4423010700
4423010800
4423010900
4423011000
4423011100
4423025000
4423025021
4423025022
4423025023
4423025024
4423025025
4423025026
4423025027
4423025028
4423025029
4423025030
4423025031
4423025032
4423025033
4423025300
4423025321
4423025322
4423025323
4423025324
4423025325
4423025326
4423025327
4423025328
4423025329
4423025330
4423025331
4423025332
4423025333
4423031000
4423031021
4423031022
4423031023
4423031024
4423031025
4423031026
4423031027
4423031028
4423031029
4423031030
4423031031
4423032000
4423032021
4423032022
4423032023
4423032024
4423032025
4423032026
4423032027
4423032028
4423032029
4423032030
4423032031
4423032032
4423032033
4423033000
4423033021
4423033022
4423033023
4423033024
4423033025
4423033026
4423033027
4423033028
4423033029
4423033030
4423033031
4423033032
4423033033
4423033034
4423034000
4423034021
4423034022
4423034023
4423034024
4423034025
4423034026
4423034027
4423034028
4423034029
4423034030
4423034031
4423034032
4423034033
4423035000
4423035021
4423035022
4423035023
4423035024
4423035025
4423035026
4423035027
4423035028
4423035029
4423035030
4423035031
4423035032
4423035033
4423035034
4423036000
4423036021
4423036022
4423036023
4423036024
4423036025
4423036026
4423036027
4423036028
4423036029
4423036030
4423036031
4423036032
4423036033
4423036034
4423036035
4423036036
4423036037
4423036038
4423036039
4423036040
4423037000
4423037021
4423037022
4423037023
4423037024
4423037025
4423037026
4423037027
4423037028
4423037029
4423037030
4423037031
4423037032
4423037033
4423037034
4423037035
4423038000
4423038021
4423038022
4423038023
4423038024
4423038025
4423038026
4423038027
4423038028
4423038029
4423038030
4423038031
4423038032
4423038033
4423038034
4423039000
4423039021
4423039022
4423039023
4423039024
4423039025
4423039026
4423039027
4423039028
4423039029
4423039030
4423039031
4423039032
4423039033
4423039034
4423039035
4423039036
4423039037
4423040000
4423040021
4423040022
4423040023
4423040024
4423040025
4423040026
4423040027
4423040028
4423040029
4423040030
4423040031
4423040032
4423040033
4423040034
4423040035
4423041000
4423041021
4423041022
4423041023
4423041024
4423041025
4423041026
4423041027
4423041028
4423041029
4423041030
4423042000
4423042021
4423042022
4423042023
4423042024
4423042025
4423042026
4423042027
4423042028
4425000000
4425010100
4425031000
4425031021
4425031022
4425031023
4425031024
4425031025
4425031026
4425031027
4425031028
4425031029
4425031500
4425031521
4425031522
4425031523
4425031524
4425031525
4425032000
4425032021
4425032022
4425032023
4425032024
4425032025
4425032026
4425032027
4425032028
4425032029
4425032030
4425033000
4425033021
4425033022
4425033023
4425033024
4425033025
4427000000
4427010100
4427010200
4427010300
4427010400
4427010500
4427010600
4427010700
4427010800
4427010900
4427011000
4427011100
4427025000
4427025021
4427025022
4427025023
4427025024
4427025025
4427025026
4427025027
4427025028
4427025029
4427025030
4427025031
4427025032
4427025033
4427025034
4427025300
4427025321
4427025322
4427025323
4427025324
4427025325
4427025326
4427025327
4427025328
4427025329
4427025330
4427025331
4427025332
4427025333
4427025334
4427025335
4427025336
4427025337
4427025338
4427025339
4427025340
4427025341
4427025342
4427031000
4427031021
4427031022
4427031023
4427031024
4427031025
4427031026
4427031027
4427031028
4427031029
4427032000
4427032021
4427032022
4427032023
4427032024
4427032025
4427032026
4427032027
4427033000
4427033021
4427033022
4427033023
4427033024
4427033025
4427033026
4427033027
4427033028
4427033029
4427034000
4427034021
4427034022
4427034023
4427034024
4427034025
4427034026
4427034027
4427034028
4427034029
4427034030
4427034031
4427034032
4427034033
4427034034
4427034035
4427034036
4427034037
4427035000
4427035021
4427035022
4427035023
4427035024
4427035025
4427035026
4427035027
4427035028
4427035029
4427035030
4427035031
4427036000
4427036021
4427036022
4427036023
4427036024
4427036025
4427036026
4427036027
4427036028
4427036029
4427036030
4427036031
4427037000
4427037021
4427037022
4427037023
4427037024
4427037025
4427037026
4427037027
4427037028
4427037029
4427037030
4427037031
4427037032
4427038000
4427038021
4427038022
4427038023
4427038024
4427038025
4427038026
4427038027
4427038028
4427038029
4427038030
4427038031
4427038032
4427038033
4427039000
4427039021
4427039022
4427039023
4427039024
4427039025
4427039026
4427039027
4427039028
4427039029
4427039030
4427039031
4427039032
4427039033
4471000000
4471025000
4471025021
4471025022
4471025023
4471025024
4471025025
4471025026
4471025027
4471025028
4471025029
4471031000
4471031021
4471031022
4471031023
4471031024
4471031025
4471031026
4471031027
4471031028
4471031029
4471031030
4471031031
4471032000
4471032021
4471032022
4471032023
4471032024
4471032025
4471032026
4471032027
4471032028
4471032029
4471032030
4471032031
4471032032
4471032033
4471033000
4471033021
4471033022
4471033023
4471033024
4471033025
4471033026
4471033027
4471033028
4471033029
4471033030
4471033031
4471033032
4471034000
4471034021
4471034022
4471034023
4471034024
4471034025
4471034026
4471034027
4471034028
4471034029
4471034030
4471035000
4471035021
4471035022
4471035023
4471035024
4471035025
4471035026
4471035027
4471035028
4471035029
4471036000
4471036021
4471036022
4471036023
4471036024
4471036025
4471036026
4471036027
4471036028
4471036029
4471036030
4471037000
4471037021
4471037022
4471037023
4471037024
4471037025
4471037026
4471037027
4471037028
4471037029
4471037030
4471037031
4471037032
4471037033
4471038000
4471038021
4471038022
4471038023
4471038024
4471038025
4471038026
4471038027
4471038028
4471038029
4471039000
4471039021
4471039022
4471039023
4471039024
4471039025
4471039026
4471039027
4471039028
4471039029
4471039030
4472000000
4472001000
4472001001
4472001002
4472001003
4472001004
4472001005
4472001006
4472001007
4472001008
4472001009
4472001010
4472001011
4472001012
4472001013
4472001014
4472003000
4472003001
4472003002
4472003003
4472003004
4472003005
4472003006
4472003007
4472003008
4472003009
4472003010
4472003011
4472003012
4472003013
4472003500
4472003501
4472003502
4472003503
4472003504
4472003505
4472003506
4472003507
4472003508
4472003509
4472003510
4472003511
4472003512
4472003513
4472003514
4472003515
4472004000
4472004001
4472004002
4472004003
4472004004
4472004005
4472004006
4472004007
4472004008
4472004009
4472004010
4472004011
4472004012
4472004013
4472004014
4472004500
4472004501
4472004502
4472004503
4472004504
4472004505
4472004506
4472004507
4472004508
4472004509
4472004510
4472004511
4472004512
4472004513
4472004514
4472004515
4472011000
4472011021
4472011022
4472011023
4472011024
4472011025
4472011026
4472011027
4472011028
4472011029
4472011030
4472011031
4472011032
4472011033
4472011034
4472011035
4472031000
4472031021
4472031022
4472031023
4472031024
4472031025
4472031026
4472031027
4472031028
4472031029
4472031030
4472031031
4472031032
4472031033
4472031034
4472031035
4472031036
4472031037
4472032000
4472032021
4472032022
4472032023
4472032024
4472032025
4472032026
4472032027
4472032028
4472032029
4472032030
4472032031
4472032032
4472032033
4472032034
4472032035
4472033000
4472033001
4472033002
4472033003
4472033021
4472033022
4472033023
4472033024
4472033025
4472033026
4472033027
4472033028
4472033029
4472033030
4472033031
4472034000
4472034001
4472034002
4472034003
4472034004
4472034005
4472034006
4472034007
4472034008
4472034021
4472034022
4472034023
4472034024
4472034025
4472034026
4472034027
4472035000
4472035001
4472035002
4472035003
4472035004
4472035005
4472035006
4472035021
4472035022
4472035023
4472035024
4472035025
4472036000
4472036001
4472036002
4472036003
4472036021
4472036022
4472036023
4472036024
4472036025
4472036026
4472036027
4472036028
4472036029
4472036030
4472036031
4473000000
4473011000
4473011021
4473011022
4473011023
4473011024
4473011025
4473011026
4473011027
4473011028
4473011029
4473011030
4473011031
4473011032
4473011033
4473011034
4473025000
4473025021
4473025022
4473025023
4473025024
4473025025
4473025026
4473025027
4473025028
4473025029
4473025030
4473025031
4473025032
4473025033
4473025034
4473031000
4473031021
4473031022
4473031023
4473031024
4473031025
4473031026
4473031027
4473031028
4473031029
4473031030
4473032000
4473032021
4473032022
4473032023
4473032024
4473032025
4473032026
4473032027
4473032028
4473032029
4473032030
4473032031
4473032032
4473032033
4473033000
4473033021
4473033022
4473033023
4473033024
4473033025
4473033026
4473033027
4473033028
4473033029
4473033030
4473033031
4473033032
4473033033
4473033034
4473034000
4473034021
4473034022
4473034023
4473034024
4473034025
4473034026
4473034027
4473034028
4473034029
4473034030
4473034031
4473034032
4473034033
4473034034
4473034035
4473034036
4473034037
4473034038
4473034039
4473034040
4473034041
4473034042
4473034043
4473034044
4473034045
4473034046
4473035000
4473035021
4473035022
4473035023
4473035024
4473035025
4473035026
4473035027
4473035028
4473035029
4473035030
4473035031
4473035032
4473035033
4473035034
4473035035
4473035036
4473035037
4473035038
4473035039
4473036000
4473036001
4473036002
4473036003
4473036004
4473036005
4473036006
4473036021
4473036022
4473036023
4473036024
4473036025
4473036026
4473036027
4473036028
4473036029
4473036030
4473036031
4473037000
4473037021
4473037022
4473037023
4473037024
4474000000
4474001000
4474001001
4474001002
4474001003
4474001004
4474001005
4474001006
4474001007
4474001008
4474001009
4474001010
4474001011
4474001012
4474001013
4474001014
4474001015
4474001016
4474001017
4474001018
4474001019
4474001020
4474001021
4474001022
4474001023
4474001024
4474001025
4474001026
4474001027
4474001028
4474001029
4474001030
4474001031
4474001032
4474001033
4474031000
4474031001
4474031002
4474031003
4474031004
4474031005
4474031021
4474031022
4474031023
4474031024
4474031025
4474031026
4474031027
4474031028
4474031029
4474031030
4474031031
4474031032
4474031033
4474031034
4474031035
4474031036
4474031037
4474032000
4474032001
4474032002
4474032003
4474032004
4474032005
4474032021
4474032022
4474032023
4474032024
4474032025
4474032026
4474032027
4474032028
4474032029
4474032030
4474032031
4474032032
4474032033
4474032034
4474032035
4474032036
4474032037
4474033000
4474033001
4474033002
4474033003
4474033021
4474033022
4474033023
4474033024
4474033025
4474033026
4474033027
4474033028
4474033029
4474033030
4474033031
4474033032
4474033033
4474033034
4474033035
4474033036
4474033037
4474034000
4474034001
4474034002
4474034003
4474034021
4474034022
4474034023
4474034024
4474034025
4474034026
4474034027
4474034028
4474034029
4474034030
4474034031
4474034032
4474034033
4474035000
4474035001
4474035002
4474035003
4474035004
4474035005
4474035006
4474035021
4474035022
4474035023
4474035024
4474035025
4474035026
4474035027
4474035028
4474035029
4474035030
4474035031
4474035032
4474035033
4474035034
4474036000
4474036021
4474036022
4474036023
4474036024
4474036025
4474036026
4474036027
4474036028
4474036029
4474036030
4474036031
4474036032
4474036033
4474036034
4474036035
4474036036
4474036037
4474037000
4474037021
4474037022
4474037023
4474037024
4474037025
4474037026
4474037027
4474037028
4474037029
4474037030
4474037031
4474037032
4474037033
4474037034
4474037035
4474037036
4474037037
4474037038
4474037039
4474037040
4474037041
4474037042
4474038000
4474038001
4474038002
4474038021
4474038022
4474038023
4474038024
4474038025
4474038026
4474038027
4474038028
4474038029
4474038030
4474038031
4474038032
4474038033
4474038034
4474038035
4474038036
4474038037
4474038038
4474038039
4474038040
4474038041
4474038042
4474038043
4474039000
4474039001
4474039002
4474039003
4474039004
4474039021
4474039022
4474039023
4474039024
4474039025
4474039026
4474039027
4474039028
4474039029
4474039030
4474039031
4474039032
4474039033
4474040000
4474040001
4474040002
4474040003
4474040021
4474040022
4474040023
4474040024
4474040025
4474040026
4474040027
4474040028
4474040029
4474040030
4474040031
4474040032
4474040033
4474040034
4474041000
4474041021
4474041022
4474041023
4474041024
4474041025
4474041026
4474041027
4474041028
4474041029
4474041030
4474041031
4474041032
4474041033
4474041034
4474041035
4474041036
4474041037
4474041038
4475000000
4475003000
4475003001
4475003002
4475003003
4475003004
4475003005
4475003006
4475003007
4475003008
4475003009
4475003010
4475003011
4475003012
4475011000
4475011001
4475011021
4475011022
4475011023
4475011024
4475011025
4475011026
4475011027
4475011028
4475011029
4475011030
4475011031
4475011032
4475011033
4475011034
4475011035
4475011036
4475011037
4475011038
4475011039
4475011040
4475011041
4475011042
4475012000
4475012021
4475012022
4475012023
4475012024
4475012025
4475012026
4475012027
4475012028
4475012029
4475012030
4475012031
4475012032
4475012033
4475012034
4475012035
4475012036
4475012037
4475012038
4475012039
4475012040
4475012041
4475012042
4475012043
4475012044
4475012045
4475012046
4475013000
4475013021
4475013022
4475013023
4475013024
4475013025
4475013026
4475013027
4475013028
4475013029
4475013030
4475013031
4475013032
4475013033
4475031000
4475031021
4475031022
4475031023
4475031024
4475031025
4475031026
4475031027
4475031028
4475031029
4475031030
4475031031
4475032000
4475032021
4475032022
4475032023
4475032024
4475032025
4475032026
4475032027
4475032028
4475032029
4475032030
4475032031
4475032032
4475032033
4475033000
4475033021
4475033022
4475033023
4475033024
4475033025
4475033026
4475033027
4475033028
4475033029
4475033030
4475033031
4475033032
4475033033
4475033034
4475034000
4475034021
4475034022
4475034023
4475034024
4475034025
4475034026
4475034027
4475034028
4475034029
4475034030
4475034031
