4801503100
4801503200
4801503300
4801503400
4801503500
4801503600
4801503700
4801503800
4801503900
4801504000
4801504100
4801504200
4801504300
4801504400
4801504500
4801504600
4801504700
4801600000
4801600100
4801600200
4801600300
4801600400
4801600500
4801600600
4801600700
4801600800
4801600900
4801601000
4801601100
4801601200
4801601300
4801601400
4801601500
4801601600
4801601700
4801601800
4801601900
4801602000
4801602100
4801602200
4801602300
4801602400
4801602500
4801602600
4801602700
4801602800
4801602900
4801603000
4801603100
4801603200
4801603300
4801603400
4801603500
4801603600
4801603700
4801603800
4801603900
4801604000
4801604100
4801604200
4801604300
4801604400
4801604500
4801604600
4801604700
4805000000
4805001000
4805001001
4805001002
4805001003
4805001004
4805001005
4805001006
4805001007
4805001008
4805001009
4805001010
4805001011
4805001012
4805003000
4805003001
4805003002
4805003003
4805003004
4805003005
4805003006
4805003007
4805003008
4805003009
4805003010
4805003011
4805003012
4805003013
4805003014
4805003500
4805003501
4805003502
4805003503
4805003504
4805003505
4805003506
4805003507
4805003508
4805003509
4805003510
4805003511
4805003512
4805003513
4805003514
4805003515
4805003516
4805003517
4805003518
4805003519
4805003520
4805003521
4805003522
4805003523
4805003524
4805004000
4805004001
4805004002
4805004003
4805004004
4805004005
4805004006
4805004007
4805004008
4805004009
4805004010
4805004011
4805004012
4805004013
4805004014
4805004015
4805004016
4805004017
4805004018
4805004500
4805004501
4805004502
4805004503
4805004504
4805004505
4805004506
4805004507
4805004508
4805005000
4805005001
4805005002
4805005003
4805005004
4805005005
4805005006
4805005007
4805005008
4805005009
4805005010
4805005011
4805005012
4805005013
4805005014
4805005500
4805005501
4805005502
4805005503
4805005504
4805005505
4805005506
4805005507
4805005508
4805005509
4805005510
4805006000
4805006001
4805006002
4805006003
4805006004
4805006005
4805006006
4805006007
4805006008
4805006009
4805006010
4805006011
4805006012
4805006013
4805006014
4805006015
4805006500
4805006501
4805006502
4805006503
4805006504
4805006505
4805006506
4805006507
4805006508
4805006509
4805006510
4805006511
4805006512
4805006513
4805007000
4805007001
4805007002
4805007003
4805007004
4805007005
4805007500
4805007501
4805007502
4805007503
4805007504
4805007505
4805007506
4805007507
4805007508
4805007509
4805007510
4805007511
4805007512
4805008000
4805008001
4805008002
4805008003
4805008004
4805008005
4805008006
4805008007
4805008008
4805008009
4805008010
4805008011
4805008012
4805008013
4805008014
4805008015
4805008500
4805008501
4805008502
4805008503
4805008504
4805008505
4805008506
4805008507
4805008508
4805008509
4805008510
4805008511
4805008512
4805008513
4805008514
4805008515
4805008516
4805008517
4805008518
4805008519
4805009000
4805009001
4805009002
4805009003
4805009004
4805009005
4805009006
4805009007
4805009008
4805009009
4805009010
4805009011
4805009500
4805009501
4805009502
4805009503
4805009504
4805009505
4805009506
4805009507
4805009508
4805009509
4806000000
4806001000
4806001001
4806001002
4806001003
4806001004
4806001005
4806001006
4806001007
4806001008
4806001009
4806001010
4806001011
4806001012
4806001013
4806001014
4806001015
4806001016
4806001017
4806001018
4806001019
4806001020
4806001021
4806001022
4806001023
4806001500
4806001501
4806001502
4806001503
4806001504
4806001505
4806001506
4806001507
4806001508
4806001509
4806003000
4806003001
4806003002
4806003003
4806003004
4806003005
4806003006
4806003007
4806003008
4806003009
4806003010
4806003011
4806003500
4806003501
4806003502
4806003503
4806003504
4806003505
4806003506
4806003507
4806003508
4806003509
4806003510
4806003511
4806003512
4806004000
4806004001
4806004002
4806004003
4806004004
4806004005
4806004006
4806004007
4806004008
4806004009
4806004500
4806004501
4806004502
4806004503
4806004504
4806004505
4806004506
4806004507
4806004508
4806004509
4806004510
4806004511
4806004512
4806004513
4806005000
4806005001
4806005002
4806005003
4806005004
4806005005
4806005006
4806005007
4806005008
4806005009
4806005010
4806005500
4806005501
4806005502
4806005503
4806005504
4806005505
4806005506
4806005507
4806005508
4806005509
4806005510
4806006000
4806006001
4806006002
4806006003
4806006004
4806006005
4806006006
4806006007
4806006008
4806006009
4806006010
4806006011
4806006500
4806006501
4806006502
4806006503
4806006504
4806006505
4806006506
4806006507
4806006508
4806006509
4806006510
4806006511
4806007000
4806007001
4806007002
4806007003
4806007004
4806007005
4806007006
4806007007
4806007008
4806007009
4806007500
4806007501
4806007502
4806007503
4806007504
4806007505
4806007506
4806007507
4806007508
4806007509
4806007510
4806007511
4806007512
4806008000
4806008001
4806008002
4806008003
4806008004
4806008005
4806008006
4806008007
4806008008
4806008500
4806008501
4806008502
4806008503
4806008504
4806008505
4806008506
4806008507
4806008508
4806008509
4806008510
4806009000
4806009001
4806009002
4806009003
4806009004
4806009005
4806009006
4806009007
4806009008
4806009009
4806009010
4806009011
4806009012
4806009013
4806009014
4806009500
4806009501
4806009502
4806009503
4806009504
4806009505
4806009506
4806009507
4806009508
4806009509
4806009510
4806009511
4806009512
4806010000
4806010001
4806010002
4806010003
4806010004
4806010005
4806010006
4806010007
4806010008
4806010009
4806010010
4806010011
4806010012
4806010013
4807000000
4807003000
4807003001
4807003002
4807003003
4807003004
4807003005
4807003006
4807003007
4807003008
4807003009
4807003010
4807003011
4807003012
4807003013
4807003014
4807003500
4807003501
4807003502
4807003503
4807003504
4807003505
4807003506
4807003507
4807003508
4807003509
4807003510
4807003511
4807003512
4807003513
4807004000
4807004001
4807004002
4807004003
4807004004
4807004005
4807004006
4807004007
4807004008
4807004009
4807004010
4807004011
4807004012
4807004013
4807004014
4807004500
4807004501
4807004502
4807004503
4807004504
4807004505
4807004506
4807004507
4807004508
4807004509
4807004510
4807005000
4807005001
4807005002
4807005003
4807005004
4807005005
4807005006
4807005007
4807005008
4807005009
4807005010
4807005011
4807005500
4807005501
4807005502
4807005503
4807005504
4807005505
4807005506
4807005507
4807005508
4807005509
4807005510
4811000000
4811010100
4811010200
4811010300
4811010400
4811010500
4811010600
4811010700
4811010800
4811010900
4811011000
4811011100
4811011200
4811011300
4811011400
4811011500
4811011600
4811011700
4811011800
4811011900
4811012000
4811012100
4811012200
4811012300
4811012400
4811012500
4811012600
4811012700
4811012800
4811012900
4811013000
4811013100
4811013200
4811013300
4811013400
4811013500
4811013600
4811013700
4811013800
4811013900
4811014000
4811014100
4811014200
4811014300
4811014400
4811014500
4811014600
4811014700
4811014800
4811014900
4811015000
4811015100
4811015200
4811015300
4811015400
4811015500
4811015600
4811015700
4811015800
4811015900
4811016000
4811016100
4811016200
4811016300
4811016400
4811025000
4811025021
4811025022
4811025023
4811025024
4811025025
4811025026
4811025027
4811025028
4811025029
4811025030
4811025031
4811025032
4811025033
4811025034
4811025035
4811025036
4811025037
4811025038
4811025039
4811025040
4811025041
4811025042
4811025043
4811025044
4811031000
4811031021
4811031022
4811031023
4811031024
4811031025
4811031026
4811031027
4811031028
4811031029
4811031030
4811031031
4811031032
4811031033
4811031034
4811031035
4811031036
4811031037
4811031038
4811031039
4811031040
4811031041
4811031042
4811031043
4811031044
4811032000
4811032021
4811032022
4811032023
4811032024
4811032025
4811032026
4811032027
4811032028
4811032029
4811032030
4811032031
4811032032
4811032033
4811032034
4811032035
4811032036
4811032037
4811032038
4811033000
4811033021
4811033022
4811033023
4811033024
4811033025
4811033026
4811033027
4811033028
4811033029
4811090100
4811090200
4811090300
4812000000
4812100000
4812110100
4812110200
4812110300
4812110400
4812110500
4812110600
4812110700
4812110800
4812110900
4812111000
4812111100
4812111200
4812111300
4812111400
4812111500
4812111600
4812111700
4812111800
4812111900
4812112000
4812112100
4812112200
4812112300
4812112400
4812112500
4812112600
4812112700
4812112800
4812112900
4812125000
4812125021
4812125022
4812125023
4812125024
4812125025
4812125026
4812125027
4812125028
4812125029
4812125030
4812125031
4812125032
4812125033
4812125034
4812125035
4812125036
4812125037
4812125038
4812125039
4812125040
4812125041
4812125042
4812125043
4812125044
4812131000
4812131021
4812131022
4812131023
4812131024
4812131025
4812131026
4812131027
4812131028
4812131029
4812131030
4812131031
4812131032
4812131033
4812131034
4812131035
4812131036
4812131037
4812131038
4812132000
4812132021
4812132022
4812132023
4812132024
4812132025
4812132026
4812132027
4812132028
4812132029
4812300000
4812310100
4812310200
4812310300
4812310400
4812310500
4812310600
4812310700
4812310800
4812310900
4812311000
4812311100
4812311200
4812311300
4812311400
4812311500
4812311600
4812311700
4812311800
4812311900
4812312000
4812312100
4812312200
4812312300
4812312400
4812312500
4812312600
4812312700
4812312800
4812312900
4812313000
4812313100
4812313200
4812313300
4812313400
4812313500
4812313600
4812313700
4812313800
4812313900
4812314000
4812314100
4812500000
4812510100
4812510200
4812510300
4812510400
4812510500
4812510600
4812510700
4812510800
4812510900
4812511000
4812511100
4812511200
4812511300
4812511400
4812511500
4812511600
4812511700
4812511800
4812511900
4812512000
4812512100
4812512200
4812512300
4812512400
4812512500
4812512600
4812512700
4812512800
4812512900
4812513000
4812513100
4812513200
4812513300
4812513400
4812513500
4812513600
4812513700
4812513800
4812513900
4812514000
4812514100
4812514200
4812514300
4812514400
4812514500
4812514600
4812514700
4812514800
4812514900
4812515000
4812515100
4812515200
4812515300
4812515400
4812515500
4812515600
4812515700
4812515800
4812515900
4812516000
4812531000
4812531021
4812531022
4812531023
4812531024
4812531025
4812531026
4812531027
4812531028
4812531029
4812531030
4812532000
4812532021
4812532022
4812532023
4812532024
4812532025
4812532026
4812532027
4812532028
4812532029
4812532030
4812533000
4812533021
4812533022
4812533023
4812533024
4812533025
4812533026
4812533027
4812533028
4812533029
4812533030
4812533031
4812533032
4812533033
4812533034
4812533035
4812534000
4812534021
4812534022
4812534023
4812534024
4812534025
4812534026
4812534027
4812534028
4812534029
4812534030
4812534031
4812534032
4812534033
4812534034
4812534035
4812534036
4812534037
4812700000
4812710100
4812710200
4812710300
4812710400
4812710500
4812710600
4812710700
4812710800
4812725000
4812725021
4812725022
4812725023
4812725024
4812725025
4812725026
4812725027
4812725028
4812725029
4812725030
4812900000
4812910100
4812910200
4812910300
4812910400
4812910500
4812910600
4812910700
4812910800
4812910900
4812911000
4812911100
4812911200
4812911300
4812911400
4812911500
4812911600
4812911700
4812911800
4812911900
4812912000
4812912100
4812912200
4812912300
4812912400
4812912500
4812912600
4812912700
4812912800
4812912900
4812913000
4812913100
4812913200
4812913300
4812913400
4812913500
4812913600
4812913700
4812913800
4812913900
4812914000
4812914100
4812914200
4812914300
4812914400
4812914500
4812914600
4812914700
4812914800
4812914900
4812915000
4812915100
4812915200
4812915300
4812915400
4812915500
4812915600
4812915700
4812915800
4812915900
4812916000
4812916100
4812916200
4812916300
4812916400
4812916500
4813000000
4813000100
4813000200
4813000300
4813000400
4813000500
4813000600
4813000700
4813000800
4813000900
4813001000
4813001100
4813001200
4813001300
4813001400
4813001500
4813001600
4813001700
4813001800
4813001900
4813002000
4813002100
4813002200
4813002300
4813002400
4813002500
4813002600
4813002700
4813002800
4813002900
4813003000
4813003100
4813003200
4813003300
4813003400
4813003500
4813003600
4813003700
4813003800
4813003900
4813004000
4813004100
4813004200
4813004300
4813004400
4813004500
4813004600
4813004700
4813004800
4813004900
4813005000
4813005100
4813005200
4813005300
4813005400
4813005500
4813005600
4813005700
4813005800
4813005900
4813006000
4813006100
4813006200
4813006300
4813006400
4813006500
4813006600
4813006700
4813006800
4813006900
4813007000
4813007100
4813007200
4813007300
4813007400
4813007500
4813007600
4813007700
4813007800
4813007900
4813008000
4813008100
4813008200
4813008300
4813008400
4813008500
4813008600
4813008700
4813008800
4813008900
4813009000
4813009100
4813009200
4813009300
4813009400
4813009500
4813009600
4813009700
4813009800
4813100000
4813100100
4813100200
4813100300
4813100400
4813100500
4813100600
4813100700
4813100800
4813110100
4813110200
4813110300
4813110400
4813110500
4813110600
4813110700
4813110800
4813110900
4813111000
4813111100
4813111200
4813111300
4813111400
4813111500
4813111600
4813111700
4813111800
4813111900
4813112000
4813112100
4813112200
4813112300
4813112400
4813112500
4813112600
4813190100
4813300000
4813310100
4813310200
4813310300
4813310400
4813310500
4813310600
4813310700
4813310800
4813310900
4813311000
4813311100
4813311200
4813311300
4813311400
4813311500
4813311600
4813311700
4813311800
4813311900
4813390200
4813390300
4813390400
4813390500
4813390600
4813390700
4813390800
4813500000
4813510100
4813510200
4813510300
4813510400
4813510500
4813510600
4813510700
4813510800
4813590900
4813591000
4813591100
4813591200
4813700000
4813725000
4813725021
4813725022
4813725023
4813725024
4813725025
4813725026
4813725027
4813725028
4813725029
4813725030
4813725300
4813725321
4813725322
4813725323
4813725324
4813725325
4813725326
4813725327
4813725328
4813725329
4813725330
4813725331
4813725332
4813725333
4813725600
4813725621
4813725622
4813725623
4813725624
4813725625
4813725626
4813725627
4813725628
4813725629
4813725630
4813725631
4813725632
4813725633
4813725634
4813725635
4813731000
4813731021
4813731022
4813731023
4813731024
4813731025
4813731026
4813731027
4813731028
4813731029
4813731030
4813732000
4813732021
4813732022
4813732023
4813732024
4813732025
4813732026
4813732027
4813732028
4813732029
4813733000
4813733021
4813733022
4813733023
4813733024
4813733025
4813733026
4813733027
4813733028
4813733029
4813733030
4813733031
4813733032
4813733033
4813734000
4813734021
4813734022
4813734023
4813734024
4813734025
4813734026
4813734027
4813734028
4813734029
4813734030
4813735000
4813735021
4813735022
4813735023
4813735024
4813735025
4813735026
4813735027
4813735028
4813735029
4813735030
4813736000
4813736021
4813736022
4813736023
4813736024
4813736025
4813736026
4813736027
4813736028
4813736029
4813737000
4813737021
4813737022
4813737023
4813737024
4813737025
4813737026
4813737027
4813737028
4813737029
4813738000
4813738021
4813738022
4813738023
4813738024
4813738025
4813738026
4813738027
4813738028
4813738029
4813738030
4813739000
4813739021
4813739022
4813739023
4813739024
4813739025
4813739026
4813739027
4813739028
4813740000
4813740021
4813740022
4813740023
4813740024
4813740025
4813740026
4813740027
4813740028
4813740029
4813741000
4813741021
4813741022
4813741023
4813741024
4813741025
4813741026
4813741027
4813741028
4813741029
4813741030
4813741031
4813741032
4813741033
4813741034
4813741035
4813742000
4813742021
4813742022
4813742023
4813742024
4813742025
4813742026
4813742027
4813742028
4813742029
4813742030
4813742031
4813742032
4813742033
4813743000
4813743021
4813743022
4813743023
4813743024
4813743025
4813744000
4813744021
4813744022
4813744023
4813744024
4813744025
4813744026
4813744027
4815000000
4815000100
4815000200
4815000300
4815000400
4815000500
4815000600
4815000700
4815000800
4815000900
4815001000
4815001100
4815001200
4815001300
4815001400
4815001500
4815001600
4815001700
4815001800
4815001900
4815002000
4815002100
4815002200
4815002300
4815002400
4815002500
4815002600
4815002700
4815002800
4815002900
4815003000
4815003100
4815003200
4815003300
4815003400
4815003500
4815003600
4815003700
4815003800
4815003900
4815004000
4815004100
4815004200
4815004300
4815004400
4815004500
4815004600
4815004700
4815004800
4815004900
4815005000
4815005100
4815005200
4815005300
4815005400
4815005500
4815005600
4815005700
4815010100
4815010200
4815010300
4815010400
4815010500
4815010600
4815010700
4815010800
4815010900
4815011000
4815011100
4815011200
4815011300
4815011400
4815011500
4815011600
4815011700
4815011800
4815011900
4815012000
4815012100
4815012200
4815012300
4815012400
4815012500
4815012600
4815012700
4815012800
4815012900
4815013000
4815013100
4815013200
4815013300
4815013400
4815013500
4815013600
4815013700
4815013800
4815013900
4815014000
4815014100
4815014200
4815014300
4815014400
4815014500
4815014600
4815014700
4815014800
4815014900
4815015000
4815015100
4815015200
4815015300
4815015400
4815015500
4815015600
4815015700
4815015800
4815015900
4815016000
4815016100
4815016200
4815016300
4815016400
4815016500
4815016600
4815016700
4815016800
4815090100
4815090200
4815090300
4815090400
4815090500
4815090600
4815090700
4815090800
4815090900
4815091000
4815091100
4815091200
4815091300
4815091400
4815091500
4815091600
4815091700
4815100000
4815110100
4815110200
4815110300
4815110400
4815110500
4815110600
4815110700
4815110800
4815110900
4815111000
4815111100
4815111200
4815111300
4815111400
4815111500
4815111600
4815111700
4815111800
4815111900
4815112000
4815112100
4815112200
4815112300
4815112400
4815112500
4815112600
4815112700
4815112800
4815112900
4815113000
4815113100
4815113200
4815113300
4815113400
4815113500
4815113600
4815113700
4815113800
4815113900
4815114000
4815114100
4815114200
4815114300
4815114400
4815114500
4815114600
4815114700
4815114800
4815114900
4815115000
4815115100
4815115200
4815115300
4815115400
4815115500
4815115600
4815115700
4815115800
4815115900
4815116000
4815135000
4815135021
4815135022
4815135023
4815135024
4815135025
4815135026
4815135027
4815135028
4815135029
4815135030
4815135031
4815136000
4815136021
4815136022
4815136023
4815136024
4815136025
4815136026
4815136027
4815136028
4815136029
4815136030
4815137000
4815137021
4815137022
4815137023
4815137024
4815137025
4815137026
4815137027
4815137028
4815137029
4815137030
4815137031
4815137032
4815137033
4815137034
4815137035
4815138000
4815138021
4815138022
4815138023
4815138024
4815138025
4815138026
4815138027
4815138028
4815138029
4815138030
4815138031
4815138032
4815138033
4815138034
4815138035
4815138036
4815138037
4815300000
4815310100
4815310200
4815310300
4815310400
4815310500
4815310600
4815310700
4815310800
4815325000
4815325021
4815325022
4815325023
4815325024
4815325025
4815325026
4815325027
4815325028
4815325029
4815325030
4815331000
4815331021
4815331022
4815331023
4815331024
4815331025
4815331026
4815331027
4815331028
4815331029
4815331030
4816000000
4816010100
4816010200
4816010300
4816010400
4816010500
4816010600
4816010700
4816010800
4816010900
4816011000
4816011100
4816011200
4816011300
4816011400
4816011500
4816011600
4816011700
4816011800
4816011900
4816012000
4816012100
4816012200
4816012300
4816012400
4816012500
4816012600
4816012700
4816012800
4816012900
4816013000
4816013100
4816013200
4816013300
4816013400
4816013500
4816013600
4816013700
4816013800
4816013900
4816014000
4816014100
4816014200
4816014300
4816014400
4816014500
4816014600
4816014700
4816014800
4816014900
4816015000
4816015100
4816015200
4816015300
4816015400
4816015500
4816015600
4816015700
4816015800
4816015900
4816016000
4816016100
4816016200
4816016300
4816016400
4816016500
4816016600
4816016700
4816016800
4816025000
4816025021
4816025022
4816025023
4816025024
4816025025
4816025026
4816025027
4816025028
4816025029
4816025030
4816031000
4816031021
4816031022
4816031023
4816031024
4816031025
4816031026
4816031027
4816031028
4816031029
4816031030
4816032000
4816032021
4816032022
4816032023
4816032024
4816032025
4816032026
4816032027
4816032028
4816032029
4816032030
4816033000
4816033021
4816033022
4816033023
4816033024
4816033025
4816033026
4816033027
4816033028
4816033029
4816033030
4816033031
4816033032
4816033033
4816033034
4816033035
4816034000
4816034021
4816034022
4816034023
4816034024
4816034025
4816034026
4816034027
4816034028
4816034029
4816034030
4816034031
4816034032
4816034033
4816034034
4816034035
4816034036
4816034037
4817000000
4817000100
4817000200
4817000300
4817000400
4817000500
4817000600
4817000700
4817000800
4817000900
4817001000
4817001100
4817001200
4817001300
4817001400
4817001500
4817001600
4817010100
4817010200
4817010300
4817010400
4817010500
4817010600
4817010700
4817010800
4817010900
4817011000
4817011100
4817011200
4817011300
4817011400
4817011500
4817011600
4817011700
4817011800
4817011900
4817012000
4817012100
4817012200
4817012300
4817012400
4817012500
4817012600
4817012700
4817012800
4817012900
4817013000
4817013100
4817013200
4817013700
4817025000
4817025021
4817025022
4817025023
4817025024
4817025025
4817025026
4817025027
4817025028
4817025029
4817025030
4817031000
4817031021
4817031022
4817031023
4817031024
4817031025
4817032000
4817032021
4817032022
4817032023
4817032024
4817032025
4817032026
4817033000
4817033021
4817033022
4817033023
4817033024
4817033025
4817033026
4817033027
4817033028
4817033029
4817034000
4817034021
4817034022
4817034023
4817034024
4817034025
4817034026
4817034027
4817034028
4817035000
4817035021
4817035022
4817035023
4817035024
4817035025
4817035026
4817035027
4817035028
4817035029
4817036000
4817036021
4817036022
4817036023
4817036024
4817036025
4817036026
4817037000
4817037021
4817037022
4817037023
4817037024
4817037025
4817037026
4817037027
4817037028
4817038000
4817038021
4817038022
4817038023
4817038024
4817038025
4817038026
4817039000
4817039021
4817039022
4817039023
4817039024
4817039025
4817039026
4817039027
4817040000
4817040021
4817040022
4817040023
4817040024
4817040025
4817040026
4817040027
4817040028
4817040029
4817040030
4817040031
4817040032
4817041000
4817041021
4817041022
4817041023
4817041024
4817041025
4817041026
4817041027
4817042000
4817042021
4817042022
4817042023
4817042024
4817042025
4817042026
4817042027
4817042028
4817042029
4817042030
4817043000
4817043021
4817043022
4817043023
4817043024
4817043025
4817043026
4817043027
4817043028
4817043029
4817044000
4817044021
4817044022
4817044023
4817044024
4817044025
4817044026
4817044027
4817044028
4817044029
4817044030
4817044031
4817045000
4817045021
4817045022
4817045023
4817045024
4817045025
4817045026
4817046000
4817046021
4817046022
4817046023
4817046024
4817046025
4817046026
4817046027
4817046028
4817090100
4817090200
4817090500
4817090600
4817090700
4817090800
4817090900
4817091000
4819000000
4819010100
4819010200
4819010300
4819010400
4819010500
4819010600
4819010700
4819010800
4819010900
4819011000
4819011100
4819011200
4819011300
4819011400
4819011500
4819011600
4819011700
4819011800
4819011900
4819012000
4819012100
4819012200
4819012300
4819012400
4819012500
4819012600
4819012700
4819012800
4819012900
4819013000
4819013100
4819013200
4819013300
4819013400
4819013500
4819013600
4819013700
4819013800
4819013900
4819014000
4819014100
4819014200
4819014300
4819014400
4819014500
4819014600
4819014700
4819014800
4819014900
4819015000
4819015100
4819015200
4819015300
4819015400
4819015500
4819015600
4819015700
4819015800
4819015900
4819016000
4819016100
4819016200
4819016300
4819016400
4819016500
4819090100
4819090200
4819090300
4819090400
4819090500
4819090600
4819090700
4819090800
4819090900
4819091000
4819091100
4819091200
4819091300
4819091400
4819091500
4819091600
4819500000
4819600000
4821000000
4821010100
4821010200
4821010300
4821010400
4821010500
4821010600
4821010700
4821010800
4821010900
4821011000
4821011100
4821011200
4821011300
4821011400
4821011500
4821011600
4821011700
4821090100
4821090200
4821090300
4821090400
4821090500
4821090600
4822000000
4822010100
4822010200
4822010300
4822010400
4822010500
4822010600
4822010700
4822010800
4822010900
4822011000
4822011100
4822011200
4822011300
4822011400
4822011500
4822011600
4822011700
4822025000
4822025021
4822025022
4822025023
4822025024
4822025025
4822025026
4822025027
4822025028
4822025029
4822025030
4822025031
4822031000
4822031021
4822031022
4822031023
4822031024
4822031025
4822031026
4822031027
4822031028
4822032000
4822032021
4822032022
4822032023
4822032024
4822032025
4822032026
4822032027
4822032028
4822032029
4822032030
4822032031
4822033000
4822033021
4822033022
4822033023
4822033024
4822033025
4822033026
4822033027
4822034000
4822034021
4822034022
4822034023
4822034024
4822034025
4822034026
4822034027
4822035000
4822035021
4822035022
4822035023
4822035024
4822035025
4822036000
4822036021
4822036022
4822036023
4822036024
4822036025
4822036026
4822036027
4822036028
4822037000
4822037021
4822037022
4822037023
4822037024
4823000000
4823010100
4823010200
4823010300
4823010400
4823010500
4823010600
4823010700
4823010800
4823010900
4823011000
4823011100
4823011200
4823011300
4823011400
4823011500
4823011600
4823011700
4823011800
4823011900
4823012000
4823012100
4823012200
4823012300
4823012400
4823012500
4823012600
4823012700
4823090100
4823090200
4823090300
4823090400
4823090500
4823090600
4823090700
4823090800
4823090900
4823500000
4824000000
4824010100
4824010200
4824010300
4824010400
4824010500
4824010600
4824010700
4824010800
4824010900
4824011000
4824011100
4824011200
4824011300
4824011400
4824011500
4824011600
4824011700
4824011800
4824011900
4824012000
4824012100
4824012200
4824012300
4824012400
4824012500
4824012600
4824012700
4824025000
4824025021
4824025022
4824025023
4824025024
4824025025
4824025026
4824025027
4824025028
4824025029
4824025030
4824025031
4824031000
4824031021
4824031022
4824031023
4824031024
4824031025
4824031026
4824031027
4824031028
4824031029
4824031030
4824032000
4824032021
4824032022
4824032023
4824032024
4824032025
4824032026
4824032027
4824032028
4824032029
4824032030
4824032031
4824033000
4824033021
4824033022
4824033023
4824033024
4824033025
4824033026
4824033027
4824033028
4824033029
4824033030
4824033031
4824033032
4824034000
4824034021
4824034022
4824034023
4824034024
4824034025
4824034026
4824034027
4824035000
4824035021
4824035022
4824035023
4824035024
4824035025
4824035026
4824035027
4824035028
4824035029
4824035030
4824035031
4824035032
4824035033
4824036000
4824036021
4824036022
4824036023
4824036024
4824036025
4824036026
4824036027
4824036028
4824036029
4824036030
4824036031
4824036032
4824036033
4824036034
4824036035
4824036036
4824037000
4824037021
4824037022
4824037023
4824037024
4824037025
4824037026
4824037027
4824037028
4824037029
4824037030
4824500000
4825000000
4825010100
4825010200
4825010300
4825010400
4825010500
4825010600
4825010700
4825010800
4825010900
4825011000
4825011100
4825011200
4825011300
4825011400
4825011500
4825011600
4825011700
4825011800
4825011900
4825012000
4825012100
4825012200
4825012300
4825012400
4825012500
4825012600
4825012700
4825012800
4825012900
4825013000
4825013100
4825013200
4825013300
4825013400
4825025000
4825025021
4825025022
4825025023
4825025024
4825025025
4825025026
4825025027
4825025028
4825025029
4825025030
4825025031
4825025032
4825025033
4825031000
4825031021
4825031022
4825031023
4825031024
4825031025
4825031026
4825031027
4825031028
4825031029
4825031030
4825031031
4825031032
4825032000
4825032021
4825032022
4825032023
4825032024
4825032025
4825032026
4825032027
4825032028
4825033000
4825033021
4825033022
4825033023
4825033024
4825033025
4825033026
4825033027
4825033028
4825033029
4825033030
4825034000
4825034021
4825034022
4825034023
4825034024
4825034025
4825034026
4825034027
4825034028
4825034029
4825034030
4825034031
4825034032
4825035000
4825035021
4825035022
4825035023
4825035024
4825035025
4825035026
4825035027
4825035028
4825036000
4825036021
4825036022
4825036023
4825036024
4825036025
4825036026
4825037000
4825037021
4825037022
4825037023
4825037024
4825037025
4825037026
4825037027
4825037028
4825037029
4825037030
4825090100
4825090200
4825090300
4825090400
4825090500
4825090600
4825090700
4827000000
4827010100
4827010200
4827010300
4827010400
4827010500
4827010600
4827010700
4827010800
4827025000
4827025021
4827025022
4827025023
4827025024
4827025025
4827025026
4827025027
4827025028
4827025029
4827025030
4827025031
4827025032
4827025033
4827025300
4827025321
4827025322
4827025323
4827025324
4827025325
4827025326
4827025327
4827025328
4827031000
4827031021
4827031022
4827031023
4827031024
4827031025
4827031026
4827031027
4827031028
4827031029
4827031030
4827031031
4827031032
4827031033
4827031034
4827031035
4827031036
4827032000
4827032021
4827032022
4827032023
4827032024
4827032025
4827032026
4827032027
4827032028
4827033000
4827033021
4827033022
4827033023
4827033024
4827033025
4827033026
4827034000
4827034021
4827034022
4827034023
4827034024
4827034025
4827034026
4827034027
4827034028
4827035000
4827035021
4827035022
4827035023
4827035024
4827035025
4827035026
4827035027
4827035028
4827035029
4827035030
4827035031
4827035032
4827036000
4827036021
4827036022
4827036023
4827036024
4827036025
4827036026
4827036027
4827036028
4827036029
4827037000
4827037021
4827037022
4827037023
4827037024
4827037025
4827037026
4827037027
4827037028
4827037029
4827037030
4827037031
4827037032
4827038000
4827038021
4827038022
4827038023
4827038024
4827038025
4827038026
4827038027
4827038028
4827038029
4827038030
4827038031
4827038032
4827038033
4827038034
4827038035
4827038036
4827038037
4827038038
4827038039
4827038040
4827039000
4827039021
4827039022
4827039023
4827039024
4827039025
4827039026
4827039027
4827090100
4829000000
4829010100
4829010200
4829010300
4829010400
4829010500
4829010600
4829010700
4829090100
4829090200
4829090300
4831000000
4831010100
4831010200
4831010300
4831010400
4831010500
4831010600
4831010700
4831010800
4831010900
4831011000
4831011100
4831011200
4831011300
4831011400
4831025000
4831025021
4831025022
4831025023
4831025024
4831025025
4831025026
4831025027
4831031000
4831031021
4831031022
4831031023
4831031024
4831031025
4831031026
4831032000
4831032021
4831032022
4831032023
4831032024
4831032025
4831032026
4831032027
4831032028
4831033000
4831033021
4831033022
4831033023
4831033024
4831033025
4831034000
4831034021
4831034023
4831034024
4831034025
4831034026
4831034027
4831034028
4831034029
4831034030
4831034031
4831034032
4831035000
4831035021
4831035022
4831035023
4831035024
4831035025
4831035026
4831035027
4831035028
4831035029
4831036000
4831036021
4831036022
4831036023
4831036024
4831036025
4831036026
4831036027
4831036028
4831037000
4831037021
4831037022
4831037023
4831037024
4831037025
4831037026
4831037027
4831037028
4831037029
4831037030
4831038000
4831038021
4831038022
4831038023
4831038024
4831038025
4831038026
4831038027
4831038028
4831039000
4831039021
4831039022
4831039023
4831039024
4831039025
4831039026
4831039027
4831039028
4831039029
4831039030
4833000000
4833010100
4833010200
4833010300
4833010400
4833010500
4833010600
4833010700
4833010800
4833010900
4833011000
4833011100
4833011200
4833011300
4833011400
4833011500
4833011600
4833011700
4833011800
4833011900
4833012000
4833012100
4833025000
4833025021
4833025022
4833025023
4833025024
4833025025
4833025026
4833025027
4833025028
4833025029
4833025300
4833025321
4833025322
4833025323
4833025324
4833031000
4833031021
4833031022
4833031023
4833031024
4833031025
4833031026
4833031027
4833031028
4833032000
4833032021
4833032022
4833032023
4833032024
4833032025
4833032026
4833032027
4833032028
4833033000
4833033021
4833033022
4833033023
4833033024
4833033025
4833033026
4833033027
4833033028
4833033029
4833034000
4833034021
4833034022
4833034023
4833034024
4833034025
4833034026
4833034027
4833034028
4871000000
4871031000
4871031001
4871031021
4871031022
4871031023
4871031024
4871031025
4871032000
4871032001
4871032002
4871032003
4871032004
4871032021
4871032022
4871032023
4871032024
4871032025
4871032026
4871033000
4871033021
4871033022
4871033023
4871033024
4871033025
4871033026
4871033027
4871033028
4871033029
4871034000
4871034021
4871034022
4871034023
4871034024
4871034025
4871034026
4871034027
4871034028
4871035000
4871035021
4871035022
4871035023
4871035024
4871035025
4871035026
4871035027
4871035028
4871036000
4871036021
4871036022
4871036023
4871036024
4871036025
4871036026
4871037000
4871037021
4871037022
4871037023
4871037024
4871037025
4871037026
4871037027
4871037028
4871038000
4871038021
4871038022
4871038023
4871038024
4871038025
4871038026
4871039000
4871039021
4871039022
4871039023
4871039024
4871039025
4871039026
4871040000
4871040021
4871040022
4871040023
4871040024
4871040025
4871040026
4871040027
4871040028
4871040029
4871040030
4871040031
4871040032
4871041000
4871041021
4871041022
4871041023
4871041024
4871041025
4871041026
4871041027
4871042000
4871042021
4871042022
4871042023
4871042024
4871042025
4871042026
4871042027
4871042028
4871042029
4871042030
4871043000
4871043001
4871043002
4871043021
4871043022
4871043023
4871043024
4871043025
4871043026
4871043027
4871043028
4871043029
4871044000
4871044021
4871044022
4871044023
4871044024
4871044025
4871044026
4871044027
4871044028
4871044029
4871044030
4871044031
4871045000
4871045021
4871045022
4871045023
4871045024
4871045025
4871045026
4871046000
4871046021
4871046022
4871046023
4871046024
4871046025
4871046026
4871046027
4871046028
4872000000
4872003000
4872003001
4872003002
4872003003
4872003004
4872003005
4872003006
4872003007
4872003008
4872003009
4872003010
4872011000
4872011001
4872011002
4872011003
4872025000
4872025021
4872025022
4872025023
4872025024
4872025025
4872025026
4872025027
4872025028
4872025029
4872025030
4872031000
4872031021
4872031022
4872031023
4872031024
4872031025
4872031026
4872031027
4872031028
4872031029
4872032000
4872032021
4872032022
4872032023
4872032024
4872032025
4872032026
4872033000
4872033021
4872033022
4872033023
4872033024
4872033025
4872033026
4872033027
4872033028
4872033029
4872034000
4872034001
4872034021
4872034022
4872034023
4872034024
4872034025
4872034026
4872034027
4872035000
4872035021
4872035022
4872035023
4872035024
4872035025
4872035026
4872035027
4872035028
4872035029
4872035030
4872035031
4872035032
4872036000
4872036021
4872036022
4872036023
4872036024
4872036025
4872036026
4872036027
4872036028
4872036029
4872036030
4872037000
4872037021
4872037022
4872037023
4872037024
4872037025
4872037026
4872037027
4872037028
4872037029
4872037030
4872038000
4872038021
4872038022
4872038023
4872038024
4872038025
4872038026
4872039000
4872039021
4872039022
4872039023
4872039024
4872039025
4872039026
4872039027
4872039028
4872039029
4872039030
4872039031
4872039032
4872040000
4872040021
4872040022
4872040023
4872040024
4872040025
4872040026
4872040027
4872041000
4872041021
4872041022
4872041023
4872041024
4872041025
4872041026
4872041027
4872041500
4872041521
4872041522
4872041523
4872041524
4872041525
4872041526
4872041527
4872042000
4872042021
4872042022
4872042023
4872042024
4872042025
4872042026
4872042027
4872042028
4872042029
4872042030
4872042031
4873000000
4873003000
4873003001
4873003002
4873003003
4873003004
4873003005
4873003006
4873003007
4873003008
4873003009
4873003010
4873003011
4873025000
4873025021
4873025022
4873025023
4873025024
4873025025
4873025026
4873025027
4873025028
4873025029
4873025030
4873025031
4873025300
4873025321
4873025322
4873025323
4873025324
4873025325
4873025326
4873025327
4873025328
4873025329
4873025330
4873031000
4873031001
4873031002
4873031021
4873031022
4873031023
4873031024
4873031025
4873031026
4873032000
4873032021
4873032022
4873032023
4873032024
4873032025
4873032026
4873032027
4873032028
4873032029
4873032030
4873032031
4873032032
4873032033
4873032034
4873032035
4873032036
4873032037
4873033000
4873033021
4873033022
4873033023
4873033024
4873033025
4873033026
4873033027
4873033028
4873033029
4873034000
4873034001
4873034021
4873034022
4873034023
4873034024
4873034025
4873034026
4873034027
4873034028
4873035000
4873035021
4873035022
4873035023
4873035024
4873035025
4873035026
4873035027
4873035028
4873035029
4873035030
4873036000
4873036001
4873036002
4873036021
4873036022
4873036023
4873036024
4873036025
4873036026
4873036027
4873037000
4873037021
4873037022
4873037023
4873037024
4873037025
4873037026
4873037027
4873037028
4873037029
4873037030
4873038000
4873038021
4873038022
4873038023
4873038024
4873038025
4873038026
4873038027
4873039000
4873039021
4873039022
4873039023
4873039024
4873039025
4873039026
4873039027
4873039028
4874000000
4874003000
4874003001
4874003002
4874003003
4874003004
4874003005
4874003006
4874003007
4874003008
4874003009
4874003010
4874003011
4874003012
4874003013
4874003014
4874011000
4874011001
4874011002
4874011003
4874011004
4874025000
4874025021
4874025022
4874025023
4874025024
4874025025
4874025026
4874025027
4874025028
4874025029
4874025030
4874025031
4874025032
4874025033
4874025034
4874025035
4874025036
4874025037
4874025300
4874025321
4874025322
4874025323
4874025324
4874025325
4874025326
4874025327
4874025328
4874025329
4874025330
4874025331
4874025332
4874025333
4874025334
4874031000
4874031021
4874031022
4874031023
4874031024
4874031025
4874031026
4874031027
4874031028
4874032000
4874032021
4874032022
4874032023
4874032024
4874032025
4874032026
4874032027
4874032028
4874032029
4874033000
4874033021
4874033022
4874033023
4874033024
4874033025
4874033026
4874033027
4874033028
4874033029
4874033030
4874033031
4874033032
4874033033
4874033034
4874033035
4874033036
4874034000
4874034021
4874034022
4874034023
4874034024
4874034025
4874034026
4874034027
4874034028
4874034029
4874034030
4874034031
4874034032
4874034033
4874035000
4874035021
4874035022
4874035023
4874035024
4874035025
4874035026
4874035027
4874035028
4874035029
4874036000
4874036021
4874036022
4874036023
4874036024
4874036025
4874036026
4874036027
4874036028
4874037000
4874037021
4874037022
4874037023
4874037024
4874037025
4874037026
4874038000
4874038021
4874038022
4874038023
4874038024
4874038025
4874038026
4874038027
4874038028
4874038029
4874039000
4874039021
4874039022
4874039023
4874039024
4874039025
4874039026
4874039027
4874039028
4874040000
4874040021
4874040022
4874040023
4874040024
4874040025
4874040026
4874040027
4874040028
4874041000
4874041021
4874041022
4874041023
4874041024
4874042000
4874042021
4874042022
4874042023
4874042024
4874042025
4874042026
4874042027
4874042028
4874042029
4874042030
4875000000
4875003000
4875003001
4875003002
4875003003
4875003004
4875003005
4875003006
4875003007
4875003008
4875003009
4875003010
4875003011
4875003012
4875003013
4875003500
4875003501
4875003502
4875003503
4875003504
4875003505
4875003506
4875003507
4875003508
4875011000
4875011001
4875011002
4875011003
4875011004
4875011005
4875011006
4875011007
4875011008
4875011021
4875011022
4875011023
4875011024
4875011025
4875011026
4875011027
4875011028
4875012000
4875012021
4875012022
4875012023
4875012024
4875012025
4875012026
4875012027
4875012028
4875012029
4875012030
4875012031
4875012032
4875012033
4875013000
4875013021
4875013022
4875013023
4875013024
4875013025
4875013026
4875013027
4875013028
4875031000
4875031021
4875031022
4875031023
4875031024
4875031025
4875031026
4875031027
4875031028
4875031029
4875031030
4875031031
4875031032
4875031033
4875031034
4875031035
4875031036
4875032000
4875032021
4875032022
4875032023
4875032024
4875032025
4875032026
4875032027
4875032028
4875033000
4875033021
4875033022
4875033023
4875033024
4875033025
4875033026
4875034000
4875034021
4875034022
4875034023
4875034024
4875034025
4875034026
4875034027
4875034028
4875035000
4875035021
4875035022
4875035023
4875035024
4875035025
4875035026
4875035027
4875035028
4875035029
4875035030
4875035031
4875035032
4875036000
4875036021
4875036022
4875036023
4875036024
4875036025
4875036026
4875036027
4875036028
4875036029
4875037000
4875037021
4875037022
4875037023
4875037024
4875037025
4875037026
4875037027
4875037028
4875037029
4875037030
4875037031
4875037032
4875038000
4875038021
4875038022
4875038023
4875038024
4875038025
4875038026
4875038027
4875038028
4875038029
4875038030
4875038031
4875038032
4875038033
4875038034
4875038035
4875038036
4875038037
4875038038
4875038039
4875038040
4875039000
4875039021
4875039022
4875039023
4875039024
4875039025
4875039026
4875039027
4876000000
4876003000
4876003001
4876003002
4876003003
4876003004
4876003005
4876003006
4876003007
4876003008
4876003009
4876003010
4876003011
4876003012
4876003500
4876003501
4876003502
4876003503
4876003504
4876003505
4876003506
4876003507
4876003508
4876003509
4876003510
4876003521
4876003522
4876003523
4876003524
4876004000
4876004001
4876004002
4876004003
4876004004
4876004005
4876004006
4876004007
4876004008
4876004009
4876004010
4876004500
4876004501
4876004502
4876004503
4876004504
4876004505
4876004506
4876004507
4876004508
4876004509
4876004510
4876004511
4876004512
4876004513
4876004514
4876011000
4876011001
4876011002
4876011003
4876011021
4876011022
4876011023
4876011024
4876011025
4876011026
4876011027
4876011028
4876011029
4876011030
4876011031
4876011032
4876012000
4876012021
4876012022
4876012023
4876012024
4876012025
4876012026
4876012027
4876012028
4876012029
4876012030
4876012031
4876012032
4876012033
4876012034
4876013000
4876013021
4876013022
4876013023
4876013024
4876013025
4876013026
4876013027
4876013028
4876013029
4876013030
4876013031
4876013032
4876013033
4876013034
4876014000
4876014021
4876014022
4876014023
4876014024
4876014025
4876014026
4876014027
4876014028
4876014029
4876031000
4876031021
4876031022
4876031023
4876031024
4876031025
4876031026
4876031027
4876031028
4876032000
4876032001
4876032002
4876032003
4876032004
4876032021
4876032022
4876032023
4876032024
4876033000
4876033021
4876033022
4876033023
4876033024
4876033025
4876033026
4876033027
4876033028
4876034000
4876034021
4876034022
4876034023
4876034024
4876034025
4876034026
4876034027
4876034028
4876034029
4876035000
4876035021
4876035022
4876035023
4876035024
4876035025
4876035026
4876035027
4876035028
4876036000
4876036021
4876036022
4876036023
4876036024
4876036025
4876036026
4876036027
4876036028
4876036029
4876037000
4876037021
4876037022
4876037023
4876037024
4876037025
4876037026
4876037027
4876037028
4876037029
4876037030
4876037031
4876037032
4876037033
4876038000
4876038021
4876038022
4876038023
4876038024
4876038025
4876038026
4876038027
4876038028
4876038029
4876038030
4876039000
4876039001
4876039021
4876039022
4876039023
4876039024
4876039025
4876039026
4876039027
4876039028
4876039029
4876039030
4876039031
4877000000
4877031000
4877031021
4877031022
4877031023
4877031024
4877031025
4877031026
4877031027
4877031028
4877031029
4877031030
4877032000
4877032021
4877032022
4877032023
4877032024
4877032025
4877032026
4877032027
4877032028
4877032029
4877033000
4877033001
4877033021
4877033022
4877033023
4877033024
4877033025
4877033026
4877033027
4877033028
4877033029
4877033030
4877033031
4877033032
4877033033
4877034000
4877034021
4877034022
4877034023
4877034024
4877034025
4877034026
4877034027
4877034028
4877034029
4877034030
4877035000
4877035001
4877035021
4877035022
4877035023
4877035024
4877035025
4877035026
4877035027
4877035028
4877035029
4877035030
4877036000
4877036001
4877036002
4877036021
4877036022
4877036023
4877036024
4877036025
4877036026
4877036027
4877036028
4877036029
4877037000
4877037021
4877037022
4877037023
4877037024
4877037025
4877037026
4877037027
4877037028
4877037029
4877038000
4877038021
4877038022
4877038023
4877038024
4877038025
4877038026
4877038027
4877038028
4877038029
4877038030
4877039000
4877039021
4877039022
4877039023
4877039024
4877039025
4877039026
4877039027
4877039028
4877040000
4877040001
4877040021
4877040022
4877040023
4877040024
4877040025
4877040026
4877040027
4877040028
4877040029
4877041000
4877041021
4877041022
4877041023
4877041024
4877041025
4877041026
4877041027
4877041028
4877041029
4877041030
4877041031
4877041032
4877041033
4877041034
4877041035
4877042000
4877042021
4877042022
4877042023
4877042024
4877042025
4877042026
4877042027
4877042028
4877042029
4877042030
4877042031
4877042032
4877042033
4877043000
4877043001
4877043021
4877043022
4877043023
4877043024
4877043025
4877043026
4877043027
4877043028
4877043029
4877043030
4877043031
4877043032
4877044000
4877044021
4877044022
4877044023
4877044024
4877044025
4877044026
4877044027
4877049100
4877500000
4877531000
4877531021
4877531022
4877531023
4877531024
4877531025
4877531026
4877531027
4877531028
4877531029
4877531030
4877532000
4877532021
4877532022
4877532023
4877532024
4877532025
4877532026
4877532027
4877532028
4877532029
4877533000
4877533021
4877533022
4877533023
4877533024
4877533025
4877533026
4877533027
4877533028
4877533029
4877533030
4877533031
4877533032
4877533033
4877534000
4877534021
4877534022
4877534023
4877534024
4877534025
4877534026
4877534027
4877534028
4877534029
4877534030
4877535000
4877535021
4877535022
4877535023
4877535024
4877535025
4877535026
4877535027
4877535028
4877535029
4877535030
4877536000
4877536021
4877536022
4877536023
4877536024
4877536025
4877536026
4877536027
4877536028
4877536029
4877537000
4877537021
4877537022
4877537023
4877537024
4877537025
4877537026
4877537027
4877537028
4877537029
4877538000
4877538021
4877538022
4877538023
4877538024
4877538025
4877538026
4877538027
4877538028
4877538029
4877538030
4877539000
4877539021
4877539022
4877539023
4877539024
4877539025
4877539026
4877539027
4877539028
4877540000
4877540021
4877540022
4877540023
4877540024
4877540025
4877540026
4877540027
4877540028
4877540029
4877541000
4877541021
4877541022
4877541023
4877541024
4877541025
4877541026
4877541027
4877541028
4877541029
4877541030
4877541031
4877541032
4877541033
4877541034
4877541035
4877542000
4877542021
4877542022
4877542023
4877542024
4877542025
4877542026
4877542027
4877542028
4877542029
4877542030
4877542031
4877542032
4877542033
4877543000
4877543021
4877543022
4877543023
4877543024
4877543025
4877544000
4877544021
4877544022
4877544023
4877544024
4877544025
4877544026
4877544027
4878000000
4878001000
4878001001
4878001002
4878001003
4878001004
4878001005
4878001006
4878001007
4878001008
4878001009
4878001010
4878001011
4878001012
4878001013
4878001014
4878001015
4878001016
4878001017
4878001018
4878001019
4878001020
4878001021
4878001022
4878001023
4878001024
4878001025
4878001026
4878001027
4878001028
4878001029
4878001030
4878001031
4878001032
4878001033
4878001034
4878001035
4878001036
4878001037
4878001038
4878001039
4878001040
4878001041
4878001042
4878001043
4878001044
4878001500
4878001501
4878001502
4878001503
4878001504
4878001505
4878001506
4878001507
4878001508
4878001509
4878001510
4878003000
4878003001
4878003002
4878003003
4878003004
4878003005
4878003006
4878003007
4878003008
4878003009
4878003010
4878003011
4878003012
4878003500
4878003501
4878003502
4878003503
4878003504
4878003505
4878003506
4878003507
4878004000
4878004001
4878004002
4878004003
4878004004
4878004005
4878004006
4878004007
4878004008
4878004009
4878004010
4878011000
4878011021
4878011022
4878011023
4878011024
4878011025
4878011026
4878011027
4878011028
4878011029
4878011030
4878011031
4878011032
4878011033
4878031000
4878031001
4878031002
4878031003
4878031004
4878031021
4878031022
4878031023
4878031024
4878032000
4878032021
4878032022
4878032023
4878032024
4878032025
4878032026
4878032027
4878032028
4878032029
4878033000
4878033021
4878033022
4878033023
4878033024
4878033025
4878033026
4878033027
4878033028
4878033029
4878033030
4878033031
4878033032
4878034000
4878034021
4878034022
4878034023
4878034024
4878034025
4878034026
4878034027
4878034028
4878035000
4878035021
4878035022
4878035023
4878035024
4878035025
4878035026
4878035027
4878035028
4878035029
4878035030
4878036000
4878036021
4878036022
4878036023
4878036024
4878036025
4878036026
4878036027
4878036028
4878036029
4878036030
4878036031
4878036032
4878037000
4878037001
4878037021
4878037022
4878037023
4878037024
4878037025
4878037026
4878037027
4878037028
4878038000
4878038021
4878038022
4878038023
4878038024
4878038025
4878038026
4878039000
4878039021
4878039022
4878039023
4878039024
4878039025
4878039026
4878039027
4878039028
4878039029
4878039030
4879000000
4879003000
4879003001
4879003002
4879003003
4879003004
4879003005
4879003006
4879003007
4879003008
4879003009
4879031000
4879031021
4879031022
4879031023
4879031024
4879031025
4879031026
4879031027
4879031028
4879031029
4879031030
4879032000
4879032001
4879032021
4879032022
4879032023
4879032024
4879032025
4879032026
4879032027
4879032028
4879032029
4879032030
4879032031
4879032032
4879032033
4879032034
4879032035
4879032036
4879032037
4879032038
4879032039
4879032040
4879032041
4879032042
4879032043
4879032044
4879033000
4879033001
4879033021
4879033022
4879033023
4879033024
4879033025
4879033026
4879033027
4879033028
4879033029
4879033030
4879033031
4879033032
4879033033
4879033034
4879033035
4879033036
4879033037
4879033038
4879034000
4879034021
4879034022
4879034023
4879034024
4879034025
4879034026
4879034027
4879034028
4879034029
4879035000
4879035021
4879035022
4879035023
4879035024
4879035025
4879035026
4879035027
4879035028
4879035029
4879035030
4879036000
4879036021
4879036022
4879036023
4879036024
4879036025
4879036026
4879036027
4879036028
4879036029
4879036030
4879037000
4879037021
4879037022
4879037023
4879037024
4879037025
4879037026
4879037027
4879037028
4879037029
4879037030
4879037031
4879037032
4879037033
4879037034
4879037035
4879038000
4879038021
4879038022
4879038023
4879038024
4879038025
4879038026
4879038027
4879038028
4879038029
4879038030
4879038031
4879038032
4879038033
4879038034
4879038035
4879038036
4879038037
4879039000
4879039021
4879039022
4879039023
4879039024
4879039025
4879500000
4879531000
4879531021
4879531022
4879531023
4879531024
4879531025
4879531026
4879531027
4879531028
4879531029
4879531030
4879532000
4879532021
4879532022
4879532023
4879532024
4879532025
4879532026
4879532027
4879532028
4879532029
4879532030
4879532031
4879532032
4879532033
4879532034
4879532035
4879532036
4879532037
4879532038
4879532039
4879532040
4879532041
4879532042
4879532043
4879532044
4879533000
4879533021
4879533022
4879533023
4879533024
4879533025
4879533026
4879533027
4879533028
4879533029
4879533030
4879533031
4879533032
4879533033
4879533034
4879533035
4879533036
4879533037
4879533038
4879534000
4879534021
4879534022
4879534023
4879534024
4879534025
4879534026
4879534027
4879534028
4879534029
4879535000
4879535021
4879535022
4879535023
4879535024
4879535025
4879535026
4879535027
4879535028
4879535029
4879535030
4879536000
4879536021
4879536022
4879536023
4879536024
4879536025
4879536026
4879536027
4879536028
4879536029
4879536030
4879537000
4879537021
4879537022
4879537023
4879537024
4879537025
4879537026
4879537027
4879537028
4879537029
4879537030
4879537031
4879537032
4879537033
4879537034
4879537035
4879538000
4879538021
4879538022
4879538023
4879538024
4879538025
4879538026
4879538027
4879538028
4879538029
4879538030
4879538031
4879538032
4879538033
4879538034
4879538035
4879538036
4879538037
4880000000
4880031000
4880031001
4880031021
4880031022
4880031023
4880031024
4880031025
4880031026
4880031027
4880031028
4880032000
4880032021
4880032022
4880032023
4880032024
4880032025
4880032026
4880032027
4880032028
4880032029
4880032030
4880032031
4880033000
4880033021
4880033022
4880033023
4880033024
4880033025
4880033026
4880033027
4880034000
4880034021
4880034022
4880034023
4880034024
4880034025
4880034026
4880034027
4880035000
4880035021
4880035022
4880035023
4880035024
4880035025
4880036000
4880036021
4880036022
4880036023
4880036024
4880036025
4880036026
4880036027
4880036028
4880037000
4880037021
4880037022
4880037023
4880037024
4881000000
4881003000
4881003001
4881003002
4881003003
4881003004
4881003005
4881003006
4881003007
4881011000
4881011021
4881011022
4881011023
4881011024
4881011025
4881011026
4881011027
4881012000
4881012001
4881012002
4881012021
4881012022
4881012023
4881012024
4881012025
4881012026
4881012027
4881031000
4881031001
4881031002
4881031003
4881031004
4881031005
4881031021
4881031022
4881031023
4881031024
4881031025
4881031026
4881032000
4881032001
4881032002
4881032003
4881032004
4881032005
4881032006
4881032021
4881032022
4881032023
4881032024
4881032025
4881032026
4881032027
4881032028
4881034000
4881034021
4881034022
4881034023
4881034024
4881034025
4881034026
4881034027
4881034028
4881034029
4881034030
4881034031
4881035000
4881035021
4881035022
4881035023
4881035024
4881035025
4881035026
4881035027
4881035028
4881035029
4881036000
4881036021
4881036022
4881036023
4881036024
4881036025
4881036026
4881036027
4881036028
4881037000
4881037021
4881037022
4881037023
4881037024
4881037025
4881037026
4881037027
4881037028
4881037029
4881037030
4881038000
4881038021
4881038022
4881038023
4881038024
4881038025
4881038026
4881038027
4881038028
4881039000
4881039021
4881039022
4881039023
4881039024
4881039025
4881039026
4881039027
4881039028
4881039029
4881039030
4881040000
4881040021
4881040022
4881040023
4881040024
4881040025
4882000000
4882011000
4882011001
4882011002
4882011003
4882011004
4882011005
4882025000
4882025021
4882025022
4882025023
4882025024
4882025025
4882025026
4882025027
4882025028
4882025029
4882025030
4882025031
4882025032
4882025033
4882025034
4882025035
4882025036
4882025037
4882031000
4882031001
4882031002
4882031021
4882031022
4882031023
4882031024
4882031025
4882031026
4882032000
4882032001
4882032021
4882032022
4882032023
4882032024
4882032025
4882032026
4882032027
4882033000
4882033021
4882033022
4882033023
4882033024
4882033025
4882033026
4882033027
4882033028
4882034000
4882034021
4882034022
4882034023
4882034024
4882034025
4882034026
4882034027
4882034028
4882034029
4882035000
4882035021
4882035022
4882035023
4882035024
4882035025
4882035026
4882035027
4882035028
4882035029
4882036000
4882036021
4882036022
4882036023
4882036024
4882036025
4882036026
4882036027
4882036028
4882037000
4882037021
4882037022
4882037023
4882037024
4882037025
4882037026
4882037027
4882038000
4882038021
4882038022
4882038023
4882038024
4882038025
4882038026
4882038027
4882038028
4882038029
4882039000
4882039021
4882039022
4882039023
4882039024
4882039025
4882039026
4882040000
4882040021
4882040022
4882040023
4882040024
4882040025
4882040026
4882041000
4882041001
4882041021
4882041022
4882041023
4882041024
4882041025
4882041026
4882041027
4882041028
4882041029
4882042000
4882042001
4882042021
4882042022
4882042023
4882042024
4882042025
4882042026
4882042027
4882042028
4882042029
4882043000
4882043021
4882043022
4882043023
4882043024
4882043025
4882043026
4882043027
4882043028
4882043029
4883000000
4883011000
4883011001
4883011002
4883011003
4883011004
4883011021
4883011022
4883011023
4883011024
4883011025
4883011026
4883011027
4883011028
4883011029
4883011030
4883011031
4883031000
4883031021
4883031022
4883031023
4883031024
4883031025
4883031026
4883031027
4883031028
4883031029
4883031030
4883032000
4883032021
4883032022
4883032023
4883032024
4883032025
4883032026
4883032027
4883032028
4883032029
4883032030
4883032031
4883033000
4883033021
4883033022
4883033023
4883033024
4883033025
4883033026
4883033027
4883033028
4883033029
4883033030
4883033031
4883033032
4883034000
4883034021
4883034022
4883034023
4883034024
4883034025
4883034026
4883034027
4883035000
4883035021
4883035022
4883035023
4883035024
4883035025
4883035026
4883035027
4883035028
4883035029
4883035030
4883035031
4883035032
4883035033
4883036000
4883036021
4883036022
4883036023
4883036024
4883036025
4883036026
4883036027
4883036028
4883036029
4883036030
4883036031
4883036032
4883036033
4883036034
4883036035
4883036036
4883037000
4883037001
4883037002
4883037021
4883037022
4883037023
4883037024
4883037025
4883037026
4883037027
4883037028
4883037029
4883037030
4884000000
4884003000
4884003001
4884003002
4884003003
4884003004
4884003005
4884003006
4884003007
4884003008
4884003009
4884003010
4884011000
4884011001
4884011002
4884011003
4884025000
4884025021
4884025022
4884025023
4884025024
4884025025
4884025026
4884025027
4884025028
4884025029
4884025030
4884031000
4884031001
4884031002
4884031021
4884031022
4884031023
4884031024
4884031025
4884031026
4884031027
4884031028
4884032000
4884032021
4884032022
4884033000
4884033001
4884033002
4884033003
4884033021
4884033022
4884033023
4884033024
4884033025
4884033026
4884034000
4884034021
4884034022
4884035000
4884035021
4884035022
4884035023
4884035024
4884035025
4884035026
4884035027
4884035028
4884035029
4884036000
4884036021
4884036022
4884036023
4884036024
4884036025
4884036026
4884036027
4884036028
4884036029
4884037000
4884037021
4884037022
4884037023
4884037024
4884037025
4884037026
4884037027
4884037028
4884037029
4884038000
4884038021
4884038022
4884038023
4884038024
4884038025
4884038026
4884038027
4884038028
4884039000
4884039021
4884039022
4884039023
4884039024
4884039025
4884039026
4884039027
4884039028
4884039029
4884039030
4884039031
4884039032
4884039033
4884039034
4884039035
4884039036
4885000000
4885011000
4885011001
4885025000
4885025021
4885025022
4885025023
4885025024
4885025025
4885025026
4885025027
4885025028
4885031000
4885031021
4885031022
4885031023
4885031024
4885031025
4885031026
4885031027
4885031028
4885031029
4885032000
4885032021
4885032022
4885032023
4885032024
4885032025
4885032026
4885032027
4885032028
4885032029
4885032030
4885032031
4885032032
4885032033
4885032034
4885033000
4885033021
4885033022
4885033023
4885033024
4885033025
4885033026
4885034000
4885034021
4885034022
4885034023
4885034024
4885034025
4885034026
4885034027
4885035000
4885035021
4885035022
4885035023
4885035024
4885035025
4885035026
4885035027
4885035028
4885036000
4885036021
4885036022
4885036023
4885036024
4885036025
4885036026
4885036027
4885036028
4885036029
4885036030
4885036031
4885036032
4885036033
4885036034
4885037000
4885037021
4885037022
4885037023
4885037024
4885037025
4885037026
4885037027
4885037028
4885037029
4885037030
4885038000
4885038021
4885038022
4885038023
4885038024
4885038025
4885038026
4885038027
4885039000
4885039021
4885039022
4885039023
4885039024
4885039025
4885039026
4885040000
4885040021
4885040022
4885040023
4885040024
4885040025
4885040026
4885040027
4885040028
4885041000
4885041001
4885041021
4885041022
4885041023
4885041024
4885041025
4885041026
4885041027
4885041028
4885041029
4885041030
4885041031
4885041032
4885041033
4885041034
4885041035
4885042000
4885042021
4885042022
4885042023
4885042024
4886000000
4886003000
4886003001
4886003002
4886003003
4886003004
4886003005
4886003006
4886003007
4886003008
4886003009
4886003010
4886003011
4886003012
4886003013
4886003014
4886003015
4886003016
4886025000
4886025001
4886025002
4886025003
4886025004
4886025021
4886025022
4886025023
4886025024
4886025025
4886025026
4886025027
4886025028
4886025029
4886025030
4886025031
4886025032
4886025033
4886025034
4886031000
4886031021
4886031022
4886031023
4886031024
4886031025
4886031026
4886031027
4886031028
4886031029
4886031030
4886031031
4886032000
4886032021
4886032022
4886032023
4886032024
4886032025
4886032026
4886032027
4886032028
4886033000
4886033001
4886033021
4886033022
4886033023
4886033024
4886033025
4886033026
4886033027
4886033028
4886033029
4886033030
4886033031
4886033032
4886034000
4886034021
4886034022
4886034023
4886034024
4886034025
4886034026
4886034027
4886034028
4886034029
4886034030
4886034031
4886034032
4886035000
4886035021
4886035022
4886035023
4886035024
4886035025
4886035026
4886035027
4886035028
4886036000
4886036021
4886036022
4886036023
4886036024
4886036025
4886036026
4886036027
4886036028
4886036029
4886036030
4886036031
4886037000
4886037021
4886037022
4886037023
4886037024
4886037025
4886037026
4886037027
4886037028
4886037029
4886037030
4886037031
4886037032
4886037033
4886037034
4886037035
4886037036
4886037037
4886038000
4886038021
4886038022
4886038023
4886038024
4886038025
4886038026
4886038027
4886038028
4886038029
4886038030
4886038031
4886038032
4886039000
4886039021
4886039022
4886039023
4886039024
4886039025
4886040000
4886040001
4886040002
4886040021
4886040022
4886040023
4886040024
4886040025
4886040026
4886040027
4886040028
4886040029
4887000000
4887011000
4887011021
4887011022
4887025000
4887025021
4887025022
4887025023
4887025024
4887025025
4887025026
4887025027
4887025028
4887025029
4887025030
4887025031
4887025032
4887025033
4887025034
4887025035
4887031000
4887031021
4887031022
4887031023
4887031024
4887031025
4887031026
4887031027
4887031028
4887031029
4887032000
4887032021
4887032022
4887032023
4887032024
4887032025
4887032026
4887032027
4887032028
4887032029
4887032030
4887032031
4887033000
4887033021
4887033022
4887033023
4887033024
4887033025
4887033026
4887033027
4887033028
4887033029
4887034000
4887034021
4887034022
4887034023
4887034024
4887034025
4887034026
4887034027
4887034028
4887035000
4887035021
4887035022
4887035023
4887035024
4887035025
4887035026
4887035027
4887035028
4887035029
4887035030
4887036000
4887036001
4887036002
4887036021
4887036022
4887036023
4887036024
4887036025
4887036026
4887036027
4887036028
4887036029
4887036030
4887036031
4887036032
4887036033
4887036034
4887036035
4887037000
4887037021
4887037022
4887037023
4887037024
4887037025
4887038000
4887038021
4887038022
4887038023
4887038024
4887038025
4887038026
4887039000
4887039021
4887039022
4887039023
4887039024
4887039025
4887039026
4887039027
4887039028
4887040000
4887040021
4887040022
4887040023
4887040024
4887040025
4887040026
4887040027
4888000000
4888011000
4888011021
4888011022
4888011023
4888011024
4888011025
4888025000
4888025021
4888025022
4888025023
4888025024
4888025025
4888025026
4888025027
4888025028
4888025029
4888025030
4888025031
4888025032
4888025033
4888031000
4888031021
4888031022
4888031023
4888031024
4888031025
4888031026
4888031027
4888032000
4888032021
4888032022
4888032023
4888032024
4888032025
4888032026
4888032027
4888033000
4888033021
4888033022
4888033023
4888033024
4888033025
4888034000
4888034021
4888034022
4888034023
4888034024
4888034025
4888034026
4888034027
4888035000
4888035021
4888035022
4888035023
4888035024
4888035025
4888035026
4888035027
4888035028
4888036000
4888036021
4888036022
4888036023
4888036024
4888036025
4888036026
4888036027
4888037000
4888037021
4888037022
4888037023
4888037024
4888037025
4888037026
4888037027
4888037028
4888037029
4888037030
4888038000
4888038021
4888038022
4888038023
4888038024
4888038025
4888039000
4888039021
4888039022
4888039023
4888039024
4888039025
4888039026
4888039027
4888039028
4888039029
4888040000
4888040021
4888040022
4888040023
4888040024
4888040025
4888040026
4888040027
4888040028
4888040029
4888040030
4888041000
4888041021
4888041022
4888041023
4888041024
4888041025
4888041026
4888041027
4889000000
4889003000
4889003001
4889003002
4889003003
4889003004
4889003005
4889003006
4889003007
4889003008
4889003009
4889011000
4889011001
4889025000
4889025021
4889025022
4889025023
4889025024
4889025025
4889025026
4889025027
4889025028
4889025029
4889031000
4889031001
4889031002
4889031003
4889031021
4889031022
4889031023
4889031024
4889031025
4889031026
4889031027
4889031028
4889031029
4889031030
4889031031
4889031032
4889031033
4889032000
4889032021
4889032022
4889032023
4889032024
4889032025
4889032026
4889032027
4889032028
4889032029
4889032030
4889032031
4889032032
4889033000
4889033021
4889033022
4889033023
4889033024
4889033025
4889033026
4889033027
4889033028
4889033029
4889033030
4889033031
4889033032
4889033033
4889033034
4889034000
4889034021
4889034022
4889034023
4889034024
4889034025
4889034026
4889034027
4889034028
4889034029
4889034030
4889034031
4889034032
4889035000
4889035021
4889035022
4889035023
4889035024
4889035025
4889035026
4889035027
4889035028
4889035029
4889035030
4889035031
4889035032
4889035033
4889035034
4889036000
4889036021
4889036022
4889036023
4889036024
4889036025
4889036026
4889036027
4889036028
4889036029
4889036030
4889036031
4889037000
4889037021
4889037022
4889037023
4889037024
4889037025
4889037026
4889037027
4889037028
4889037029
4889037030
4889038000
4889038021
4889038022
4889038023
4889038024
4889038025
4889038026
4889038027
4889039000
4889039021
4889039022
4889039023
4889039024
4889039025
4889039026
4889039027
4889039028
4889039029
4889039030
4889039031
4889039032
4889039033
4889040000
4889040001
4889040002
4889040021
4889040022
4889040023
4889040024
4889040025
4889040026
4889040027
4889040028
4889040029
4889040030
4889041000
4889041021
4889041022
4889041023
4889041024
4889041025
4889041026
4889041027
4889041028
4889041029
4889041030
4889041031
4889042000
4889042021
4889042022
4889042023
4889042024
4889042025
4889042026
4889042027
4889042028
4889042029
4889042030
4889042031
4889042032
4889042033
4889043000
4889043021
4889043022
4889043023
4889043024
4889043025
4889043026
4889043027
4889043028
4889043029
4889043030
4889043031
4889043032
4889043033
4889044000
4889044021
4889044022
4889044023
4889044024
4889044025
4889044026
4889044027
4889044028
4889044029
4889045000
4889045001
4889045021
4889045022
4889045023
4889045024
4889045025
4889045026
4889045027
4889045028
4889045029
4889046000
4889046021
4889046022
4889046023
4889046024
4889046025
4889046026
4889046027
4889046028
4889046029
4889046030
4889046031
4889046032
4889046033
4889046034
4889046035
4889046036
4889046037
4900000000
4911000000
4911010100
4911010200
4911010300
4911010400
4911010500
4911010600
4911010700
4911010800
4911010900
4911011000
4911011100
4911011200
4911011300
4911011400
4911011500
4911011600
4911011700
4911011800
4911011900
4911012000
4911012100
4911012200
4911012300
4911012400
4911012500
4911012600
4911012700
4911012800
4911012900
4911013000
4911013100
4911013200
4911013300
4911013400
4911013500
4911013600
4911013700
4911013800
4911013900
4911014000
4911090100
4911090200
4911090300
4911090400
4911090500
4911090600
4911090700
4913000000
4913010100
4913010200
4913010300
4913010400
4913010500
4913010600
4913010700
4913010800
4913010900
4913011000
4913011100
4913011200
4913011300
4913011400
4913011500
4913011600
4913011700
4913011800
4913011900
4913012000
4913012100
4913012200
4913090100
4913090200
4913090300
4913090400
4913090500
4913090600
4913090700
4913090800
4913090900
4971000000
4971003000
4971003001
4971003002
4971003003
4971003004
4971003005
4971003006
4971003007
4971003008
4971003009
4971003010
4971003500
4971003501
4971003502
4971003503
4971003504
4971003505
4971003506
4971003507
4971003508
4971003509
4971003510
4971003511
4971003512
4971003513
4971003514
4971003515
4971003516
4971003517
4971003518
4971003519
4971003520
4971003521
4971003522
4971003523
4971003524
4971003525
4971003526
4971003527
4971003528
4971004000
4971004001
4971004002
4971004003
4971004004
4971004005
4971004006
4971004007
4971004008
4971004009
4971004010
4971004011
4971004012
4971004013
4971004014
4971025000
4971025021
4971025022
4971025023
4971025024
4971025025
4971025026
4971025027
4971025028
4971025029
4971025030
4971025031
4971025032
4971025033
4971025034
4971025035
4971025300
4971025301
4971025302
4971025303
4971025304
4971025305
4971025306
4971025307
4971025321
4971025322
4971025323
4971025324
4971025325
4971025326
4971025327
4971025328
4971025329
4971025330
4971025331
4971025332
4971025333
4971025334
4971025335
4971025336
4971025337
4971025338
4971025339
4971025340
4971025341
4971025342
4971025391
4971025392
4971025393
4971025600
4971025601
4971025621
4971025622
4971025623
4971025624
4971025625
4971025626
4971025627
4971025628
4971025629
4971025630
4971025631
4971025632
4971025633
4971025634
4971025900
4971025921
4971025922
4971025923
4971025924
4971025925
4971025926
4971025927
4971025928
4971025929
4971025930
4971031000
4971031021
4971031022
4971031023
4971031024
4971031025
4971031026
4971031027
4971031028
4971031029
4971031030
4971031031
4971031032
4971031033
4971032000
4971032021
4971032022
4971032023
4971032024
4971032025
4971033000
4971033021
4971033022
4971033023
4971033024
4971033025
4972000000
4972001000
4972001001
4972001002
4972001003
4972001004
4972001005
4972001006
4972001007
4972001008
4972001009
4972001010
4972001011
4972003000
4972003001
4972003002
4972003003
4972003004
4972003005
4972003006
4972003007
4972003008
4972003009
4972003010
4972003011
4972003012
4972003500
4972003501
4972003502
4972003503
4972003504
4972003505
4972003506
4972003507
4972003508
4972003509
4972003510
4972003511
4972003512
4972004000
4972004001
4972004002
4972004003
4972004004
4972004005
4972004006
4972004007
4972004008
4972004009
4972025000
4972025021
4972025022
4972025023
4972025024
4972025025
4972025026
4972025027
4972025028
4972025029
4972025030
4972025031
4972025032
4972025033
4972025300
4972025321
4972025322
4972025323
4972025324
4972025325
4972025326
4972025327
4972025328
4972025329
4972025600
4972025601
4972025621
4972025622
4972025623
4972025624
4972025625
4972025626
4972025627
4972025628
4972025629
4972025630
4972025631
4972025900
4972025901
4972025921
4972025922
4972025923
4972025924
4972025925
4972025926
4972025927
4972025928
4972025929
4972025930
4972025931
4972031000
4972031001
4972031021
4972031022
4972031023
4972031024
4972031025
4972031026
4972031027
4972031028
4972031029
4972031030
4972032000
4972032021
4972032022
4972032023
4972032024
4972032025
4972032026
5000000000
5011000000
5011010100
5011010200
5011010300
5011010400
5011010500
5011010600
5011010700
5011010800
5011010900
5011011000
5011011100
5011011200
5011011300
5011011400
5011011500
5011011600
5011011700
5011011800
5011011900
5011012000
5011012100
5011012200
5011012300
5011012400
5011012500
5011012600
5011012700
5011012800
5011012900
5011013000
5011013100
5011013200
5011013300
5011013400
5011013500
5011013600
5011013700
5011013800
5011013900
5011014000
5011025000
5011025021
5011025022
5011025023
5011025024
5011025025
5011025026
5011025027
5011025028
5011025029
5011025030
5011025031
5011025032
5011025033
5011025034
5011025035
5011025300
5011025301
5011025302
5011025303
5011025304
5011025305
5011025306
5011025307
5011025321
5011025323
5011025324
5011025325
5011025326
5011025327
5011025328
5011025329
5011025330
5011025331
5011025333
5011025334
5011025335
5011025336
5011025337
5011025338
5011025339
5011025340
5011025341
5011025342
5011025391
5011025392
5011025393
5011025600
5011025621
5011025624
5011025625
5011025626
5011025627
5011025628
5011025629
5011025630
5011025631
5011025632
5011025633
5011025634
5011025900
5011025921
5011025922
5011025923
5011025924
5011025925
5011025926
5011025927
5011025928
5011025929
5011025930
5011031000
5011031021
5011031022
5011031023
5011031024
5011031025
5011031026
5011031027
5011031028
5011031029
5011031030
5011031031
5011031032
5011031033
5011032000
5011032021
5011032022
5011032023
5011032024
5011032025
5011033000
5011033021
5011033022
5011033023
5011033024
5011033025
5013000000
5013010100
5013010200
5013010300
5013010400
5013010500
5013010600
5013010700
5013010800
5013010900
5013011000
5013011100
5013011200
5013011300
5013011400
5013011500
5013011600
5013011700
5013011800
5013011900
5013012000
5013012100
5013012200
5013025000
5013025021
5013025022
5013025023
5013025024
5013025025
5013025026
5013025027
5013025028
5013025029
5013025030
5013025031
5013025032
5013025033
5013025300
5013025321
5013025322
5013025323
5013025324
5013025325
5013025326
5013025327
5013025328
5013025329
5013025900
5013025901
5013025921
5013025922
5013025923
5013025924
5013025925
5013025926
5013025927
5013025928
5013025929
5013025930
5013025931
5013031000
5013031001
5013031021
5013031022
5013031023
5013031024
5013031025
5013031026
5013031027
5013031028
5013031029
5013031030
5013032000
5013032021
5013032022
5013032023
5013032024
5013032025
5013032026
5100000000
5111000000
5111010100
5111010200
5111010300
5111010400
5111010500
5111010600
5111010700
5111010800
5111010900
5111011000
5111011100
5111011200
5111011300
5111011400
5111011500
5111011600
5111011700
5111011800
5111011900
5111012000
5111012100
5111012200
5111012300
5111012400
5111012500
5111012600
5111012700
5111012800
5111012900
5111025000
5111025021
5111025022
5111025023
5111025024
5111025025
5111025026
5111025027
5111031000
5111031021
5111031022
5111031023
5111031024
5111031025
5111031026
5111031027
5111031028
5111031029
5111031030
5111032000
5111032021
5111032022
5111032023
5111032024
5111033000
5111033021
5111033022
5111033023
5111033024
5111033025
5111034000
5111034021
5111034022
5111034023
5111034024
5111034025
5111034026
5111034027
5111035000
5111035021
5111035022
5111035023
5111035024
5111035025
5111035026
5111035027
5111035028
5111035029
5111035030
5111036000
5111036021
5111036022
5111036023
5111036024
5111036025
5111036026
5111036027
5111036028
5111036029
5111036030
5111038000
5111038021
5111038022
5111038023
5111038024
5111038025
5111038026
5111038027
5111038028
5111038029
5111038030
5111039000
5111039021
5111039022
5111039023
5111039024
5111039025
5111040000
5111040022
5111040023
5111040024
5111040025
5111040026
5111040027
5111040028
5111040029
5111040030
5111040031
5113000000
5113010100
5113010200
5113010300
5113010400
5113010500
5113010600
5113010700
5113010800
5113010900
5113011000
5113011100
5113011200
5113011300
5113011400
5113011500
5113011600
5113011700
5113011800
5113025000
5113025021
5113025022
5113025023
5113025024
5113025025
5113025026
5113025027
5113025028
5113025029
5113025030
5113031000
5113031021
5113031022
5113031023
5113031024
5113031025
5113031026
5113031027
5113031028
5113032000
5113032021
5113032022
5113032023
5113032024
5113032025
5113032026
5113032027
5113032028
5113032029
5113032030
5113033000
5113033021
5113033022
5113033023
5113033024
5113033025
5113033026
5113033027
5113035000
5113035021
5113035022
5113035023
5113035024
5113035025
5113035026
5113036000
5113036021
5113036022
5113036023
5113036024
5113036025
5113037000
5113037021
5113037022
5113037023
5113037024
5113038000
5113038021
5113038022
5113038023
5113039000
5113039021
5113039022
5113039023
5113039024
5113039025
5113039026
5113039027
5115000000
5115010100
5115010200
5115010300
5115010400
5115010500
5115010600
5115010700
5115010800
5115010900
5115011000
5115011100
5115011200
5115011300
5115011400
5115011500
5115011600
5115011700
5115011800
5115011900
5115012000
5115012100
5115012200
5115012300
5115012400
5115012500
5115012600
5115012700
5115012800
5115012900
5115013000
5115013100
5115013200
5115013300
5115013400
5115013500
5115013600
5115013700
5115013800
5115013900
5115025000
5115025021
5115025022
5115025023
5115025024
5115025025
5115031000
5115031021
5115031022
5115031023
5115031024
5115031025
5115031026
5115031027
5115031028
5115031029
5115032000
5115032021
5115032022
5115032023
5115032024
5115032025
5115032026
5115033000
5115033021
5115033022
5115033023
5115033024
5115033025
5115033026
5115033027
5115034000
5115034021
5115034022
5115034023
5115034024
5115034025
5115034026
5115034028
5115034029
5115034030
5115034031
5115035000
5115035021
5115035022
5115035023
5115035024
5115035025
5115035026
5115035027
5115035028
5115035029
5115035030
5115036000
5115036021
5115036022
5115036023
5115036024
5115036025
5115036026
5115036027
5115036028
5115036029
5115037000
5115037021
5115037022
5115037023
5115037024
5115037025
5115037026
5115037027
5115037028
5115037029
5117000000
5117010100
5117010200
5117010300
5117010400
5117010500
5117010600
5117010700
5117010800
5117010900
5117011000
5117011100
5117011200
5117011300
5117011400
5117011500
5117011600
5117011700
5117011800
5117011900
5117012000
5117012100
5117012200
5117012300
5117012400
5117012500
5117012600
5117012700
5117012800
5117012900
5117013000
5117013100
5117013200
5117013300
5117013400
5117013500
5117013600
5119000000
5119010100
5119010200
5119010300
5119010400
5119010500
5119010600
5119010700
5119010800
5119010900
5119011000
5119011100
5119011200
5119011300
5119011400
5119011500
5119011600
5119011700
5121000000
5121010100
5121010200
5121010300
5121010400
5121010500
5121010600
5121010700
5121010800
5121010900
5121011000
5121011100
5121011200
5121011300
5123000000
5123010100
5123010200
5123010300
5123010400
5123010500
5123010600
5123010700
5123010800
5123010900
5123011000
5123011100
5123011200
5123011300
5123011400
5123011500
5123011600
5123011700
5123011800
5123011900
5123012000
5123012100
5123012200
5123012300
5123012400
5123012500
5123012600
5123012700
5123025000
5123025021
5123025022
5123025023
5123025024
5123025025
5123025026
5123025027
5123025028
5123025029
5123025030
5123025031
5123025032
5123025033
5123025034
5123025035
5123025036
5123025037
5123025300
5123025321
5123025322
5123025323
5123025324
5123025325
5123025326
5123025327
5123025328
5123025330
5123025331
5123025332
5123031000
5123031021
5123031022
5123031023
5123031024
5123031025
5123031026
5123031027
5123031028
5123031029
5123031030
5123031031
5123031032
5123031033
5123031034
5123032000
5123032021
5123032022
5123032023
5123032024
5123032025
5123032026
5123032027
5123032028
5123032029
5123032030
5123032031
5123032032
5123032033
5123032034
5123032035
5123032036
5123033000
5123033021
5123033022
5123033023
5123033024
5123033025
5123033026
5123033027
5123033028
5123033029
5123033030
5123033031
5123033032
5123033033
5123033034
5123033035
5123033036
5123034000
5123034021
5123034022
5123034023
5123034024
5123034025
5123034026
5123034027
5123034028
5123034029
5123034030
5123034031
5123034032
5123034033
5123034034
5123035000
5123035021
5123035022
5123035023
5123035024
5123035025
5123036000
5123036021
5123036022
5123036023
5123036024
5123036025
5123036026
5123036027
5123036028
5172000000
5172025000
5172025021
5172025022
5172025023
5172025024
5172025025
5172025026
5172025027
5172025028
5172025029
5172025030
5172025031
5172025032
5172025033
5172031000
5172031021
5172031022
5172031023
5172031024
5172031025
5172031026
5172031027
5172031028
5172031029
5172031030
5172031031
5172032000
5172032021
5172032022
5172032023
5172032024
5172032025
5172032026
5172032027
5172033000
5172033021
5172033022
5172033023
5172033024
5172033025
5172033026
5172033027
5172033028
5172034000
5172034021
5172034022
5172034023
5172034024
5172034025
5172034026
5172034027
5172034028
5172035200
5172035221
5172035222
5172035223
5172035224
5172035225
5172035226
5172035227
5172035228
5172035229
5172035230
5172035231
5172036000
5172036021
5172036022
5172036023
5172036024
5172036025
5172036026
5172036027
5172036028
5172036029
5172036030
5172036031
5172037000
5172037021
5172037022
5172037023
5172037024
5172037025
5172037026
5172037027
5172037028
5172037029
5172037030
5172037031
5172037032
5172038000
5172038021
5172038022
5172038023
5172038024
5172038025
5172038026
5172038027
5172038028
5172038029
5172038030
5172038031
5172038032
5172038033
5172038034
5172038035
5172038036
5172038037
5172038038
5172039000
5172039021
5172039022
5172039023
5172039024
5172039025
5172039026
5173000000
5173025000
5173025021
5173025022
5173025023
5173025024
5173025025
5173025026
5173025027
5173025028
5173025029
5173025030
5173025031
5173025032
5173025033
5173025034
5173025035
5173025036
5173025037
5173025038
5173025039
5173025040
5173025041
5173025042
5173025043
5173025044
5173025045
5173025046
5173031000
5173031021
5173031022
5173031023
5173031024
5173031025
5173031026
5173031027
5173031028
5173031029
5173031030
5173031031
5173031032
5173031033
5173031034
5173032000
5173032021
5173032022
5173032023
5173032024
5173032025
5173032026
5173032027
5173033000
5173033021
5173033022
5173033023
5173033024
5173033025
5173033026
5173033027
5173033028
5173033029
5173033030
5173033031
5173033032
5173033033
5173034000
5173034021
5173034022
5173034023
5173034024
5173034025
5173034026
5173034027
5173034028
5173034029
5173034030
5173034031
5173034032
5173034033
5173034034
5173035000
5173035021
5173035022
5173035023
5173035024
5173035025
5173035026
5173035027
5173035028
5173035029
5173036000
5173036021
5173036022
5173036023
5173036024
5173036025
5173036026
5173036027
5173036028
5173036029
5173036030
5173036031
5173036032
5173036033
5173036034
5173036035
5173036036
5173036037
5173036038
5173037000
5173037021
5173037022
5173037023
5173037024
5173037025
5173037026
5173038000
5173038021
5173038022
5173038023
5175000000
5175025000
5175025021
5175025022
5175025023
5175025024
5175025025
5175025026
5175025027
5175025028
5175025029
5175025030
5175025031
5175025300
5175025321
5175025322
5175025323
5175025324
5175031200
5175031221
5175031222
5175031223
5175031224
5175031225
5175031226
5175032500
5175032521
5175032522
5175032523
5175032524
5175032525
5175032526
5175032527
5175032528
5175032529
5175033000
5175033021
5175033022
5175033023
5175033024
5175033025
5175034000
5175034021
5175034022
5175034023
5175034024
5175034025
5175034026
5175035500
5175035521
5175035522
5175035523
5175035524
5175035525
5175036000
5175036021
5175036022
5175036023
5175036024
5175036025
5175036026
5175038000
5175038021
5175038022
5175038023
5175038024
5175038025
5176000000
5176025000
5176025021
5176025022
5176025023
5176025024
5176025025
5176025026
5176025027
5176025028
5176025029
5176025030
5176025031
5176025032
5176025033
5176025034
5176025035
5176025036
5176025037
5176025038
5176025039
5176025040
5176025041
5176025042
5176025043
5176025044
5176025045
5176025046
5176025047
5176025048
5176025049
5176025050
5176025051
5176031000
5176031021
5176031022
5176031023
5176031024
5176031025
5176031026
5176031027
5176031028
5176031029
5176032000
5176032021
5176032022
5176032023
5176033000
5176033021
5176033022
5176033023
5176033024
5176033025
5176034000
5176034021
5176034022
5176034023
5176034024
5176034025
5176034026
5176034027
5176034028
5176034029
5176035000
5176035021
5176035022
5176035023
5176035024
5176035025
5176035026
5176035027
5176035028
5176036000
5176036021
5176036022
5176036023
5176036024
5176036025
5176036026
5176036027
5176036028
5176036029
5176036030
5176036031
5176036032
5176036033
5176036034
5176036035
5176036036
5176036037
5176036038
5176038000
5176038021
5176038022
5176038023
5176038024
5176038025
5176038026
5177000000
5177025000
5177025021
5177025022
5177025023
5177025024
5177025025
5177025026
5177025027
5177025028
5177025029
5177025030
5177025031
5177025032
5177025300
5177025321
5177025600
5177025621
5177025622
5177025900
5177025921
5177025922
5177025923
5177025924
5177025925
5177025926
5177025927
5177025928
5177032000
5177032021
5177032022
5177032023
5177032024
5177032025
5177034000
5177034021
5177034022
5177034023
5177034024
5177034025
5177034026
5177035000
5177035021
5177035022
5177035023
5177035024
5177035025
5177035026
5177035027
5177035028
5177035030
5177035031
5177035032
5177035034
5177036000
5177036021
5177036022
5177036023
5177036024
5177036025
5177036026
5177036027
5177037000
5177037021
5177037022
5177037023
5177037024
5177037025
5177037026
5178000000
5178025000
5178025021
5178025022
5178025023
5178025024
5178025025
5178025026
5178025027
5178025028
5178025029
5178025030
5178025031
5178025032
5178025033
5178025034
5178025035
5178025300
5178025321
5178025322
5178025323
5178025324
5178025325
5178025326
5178025327
5178025328
5178025329
5178025600
5178025621
5178025622
5178025623
5178025624
5178025625
5178025626
5178025627
5178025628
5178025629
5178025630
5178025631
5178025900
5178025921
5178025922
5178025923
5178025924
5178025925
5178025926
5178025927
5178025928
5178025929
5178025930
5178025931
5178025932
5178031000
5178031021
5178031022
5178032000
5178032021
5178032022
5178032023
5178032024
5178032025
5178032026
5178033000
5178033021
5178033022
5178033023
5178033024
5178034000
5178034021
5178034022
5178035000
5178035021
5178035022
5178035023
5178035024
5178036000
5178036021
5178036022
5178036023
5178036024
5178036025
5178036026
5178036027
5178036028
5178036029
5178036030
5178036031
5178037000
5178037021
5178037022
5178037023
5178037024
5179000000
5179025000
5179025021
5179025022
5179025023
5179025024
5179025025
5179025026
5179025027
5179025028
5179031000
5179031021
5179031022
5179031023
5179031024
5179031025
5179031026
5179031027
5179032000
5179032021
5179032022
5179032023
5179032024
5179032025
5179032026
5179032027
5179032028
5179032029
5179033000
5179033021
5179033022
5179033023
5179033024
5179033025
5179033026
5179033027
5179033028
5179033029
5179033030
5179033031
5179034000
5179034021
5179034022
5179034023
5179034024
5179034025
5180000000
5180025000
5180025021
5180025022
5180025023
5180025024
5180025025
5180025026
5180025027
5180025028
5180025029
5180025030
5180025031
5180025032
5180025033
5180025034
5180025035
5180025036
5180025037
5180025038
5180025039
5180025040
5180025041
5180031500
5180031521
5180031522
5180031523
5180031524
5180031525
5180031526
5180031527
5180031528
5180031529
5180031530
5180031531
5180031532
5180031533
5180031534
5180031535
5180032000
5180032021
5180032022
5180032023
5180032024
5180032025
5180032026
5180032027
5180032028
5180032029
5180033000
5180033021
5180033022
5180033023
5180033024
5180033025
5180033026
5180033027
5180033028
5180033029
5180034000
5180034021
5180034022
5180034023
5180034024
5180034025
5180034026
5181000000
5181025000
5181025021
5181025022
5181025023
5181025024
5181025025
5181025026
5181025027
5181025028
5181025029
5181025030
5181025031
5181031000
5181031021
5181031022
5181031023
5181031024
5181031025
5181031026
5181031027
5181031028
5181031029
5181031030
5181031031
5181031032
5181031033
5181032000
5181032021
5181032022
5181032023
5181032024
5181033000
5181033021
5181033022
5181033023
5181033024
5181033025
5181034000
5181034021
5181034022
5181034023
5181034024
5181034025
5181034026
5181034027
5181035000
5181035021
5181035022
5181035023
5181035024
5182000000
5182025000
5182025021
5182025022
5182025023
5182025024
5182025025
5182025026
5182025027
5182025028
5182025029
5182025030
5182025031
5182025032
5182025033
5182025034
5182025035
5182025036
5182025037
5182025300
5182025321
5182025322
5182025323
5182025324
5182025325
5182025326
5182025327
5182025328
5182025329
5182025330
5182025331
5182025332
5182025333
5182025334
5182025335
5182025336
5182025337
5182031000
5182031021
5182031022
5182031023
5182031024
5182031025
5182031026
5182031027
5182031028
5182031029
5182031030
5182031032
5182031033
5182031034
5182031035
5182031036
5182031037
5182031038
5182032000
5182032021
5182032022
5182032023
5182032024
5182032025
5182032026
5182032027
5182032028
5182032029
5182032030
5182032031
5182032032
5182033000
5182033021
5182033022
5182033023
5182033024
5182033025
5182033026
5182033027
5182033028
5182033029
5182033030
5182033031
5182033032
5182033033
5182033034
5182033035
5182033036
5182033037
5182034000
5182034021
5182034022
5182034023
5182034024
5182034025
5182034026
5182034027
5182034028
5183000000
5183025000
5183025021
5183025022
5183025023
5183025024
5183025025
5183025026
5183025027
5183025028
5183025029
5183025030
5183025031
5183025032
5183025033
5183025034
5183025035
5183025036
5183025037
5183025038
5183025039
5183031000
5183031021
5183031022
5183031023
5183031024
5183031025
5183031026
5183031027
5183031028
5183031029
5183031030
5183031031
5183031032
5183031033
5183031034
5183031035
5183031036
5183031037
5183031038
5183031039
5183031040
5183032000
5183032021
5183032022
5183032023
5183032024
5183032025
5183032026
5183032027
5183032028
5183032029
5183032030
5183032031
5183032032
5183032033
5183032034
5183032035
5183032036
5183032037
5183032038
5183032039
5183032040
5183032041
5183032042
5183032043
5183032044
5183033000
5183033021
5183033022
5183033023
5183033024
5183033025
5183033026
5183033027
5183033028
5183033029
5183033030
5183033031
5183033032
5183033033
5183033034
5183034000
5183034021
5183034022
5183034023
5183034024
5183034025
5183034026
5183034027
5183034028
5183034029
5183034030
5183034031
5183034032
5183034033
5183034034
5183034035
5183034036
5183034037
5183034038
5183034039
5183034040
5183034041
5183035000
5183035021
5183035022
5183035023
5183035024
5183035025
5183035026
5183035027
5183035028
5183035029
5183035030
5183035031
5183035032
5183035033
5183035034
5183035035
5183035036
5183035037
5183035038
5183035039
5183035040
5183035041
5183035042
5200000000
5211000000
5211100000
5211110100
5211110200
5211110300
5211110400
5211110500
5211110600
5211110700
5211110800
5211110900
5211111000
5211111100
5211111200
5211111300
5211111400
5211111500
5211111600
5211111700
5211111800
5211111900
5211112000
5211112100
5211112200
5211112300
5211112400
5211112500
5211112600
5211112700
5211112800
5211112900
5211113000
5211113100
5211113200
5211113300
5211113400
5211113500
5211113600
5211113700
5211113800
5211113900
5211114000
5211114100
5211114200
5211114300
5211114400
5211114500
5211114700
5211300000
5211310200
5211310300
5211310400
5211310500
5211310600
5211310700
5211310800
5211310900
5211311000
5211311100
5211311200
5211311300
5211311400
5211311500
5211311600
5211311700
5211311800
5211311900
5211312000
5211312100
5211312200
5211312300
5211312400
5211312500
5211312600
5211312700
5211312900
5211313000
5211313100
5211313200
5211313300
5211313400
5211313500
5211313600
5211313700
5211313800
5211313900
5213000000
5213010100
5213010200
5213010300
5213010400
5213010500
5213010600
5213010700
5213010800
5213010900
5213011000
5213011100
5213011200
5213011300
5213011400
5213011500
5213011600
5213011700
5213011800
5213011900
5213012000
5213012100
5213012200
5213012300
5213012400
5213012500
5213012600
5213012700
5213012800
5213012900
5213013000
5213013100
5213013200
5213013300
5213013400
5213013500
5213013600
5213013700
5213013800
5213013900
5213014000
5213014100
5213014200
5213014300
5213014400
5213014500
5213014600
5213014700
5213014800
5213014900
5213015000
5213015100
5213015200
5213025000
5213025021
5213025022
5213025023
5213025024
5213025025
5213025026
5213025027
5213031000
5213031021
5213031022
5213031023
5213031024
5213031025
5213032000
5213032021
5213032022
5213032023
5213032024
5213032025
5213032026
5213032027
5213032028
5213033000
5213033021
5213033022
5213033023
5213033024
5213033025
5213033026
5213033027
5213034000
5213034021
5213034022
5213034023
5213034024
5213034025
5213034026
5213035000
5213035021
5213035022
5213035023
5213035024
5213035025
5213035026
5213035027
5213036000
5213036021
5213036022
5213036023
5213036024
5213036025
5213036026
5213037000
5213037021
5213037022
5213037023
5213037024
5213037025
5213037026
5213037027
5213037028
5213038000
5213038021
5213038022
5213038023
5213038024
5213038025
5213038026
5213039000
5213039021
5213039022
5213039023
5213039024
5213039025
5213039026
5213039027
5213039028
5213039029
5213039030
5213039031
5213039032
5213039033
5213039034
5213040000
5213040021
5213040022
5214000000
5214010100
5214010200
5214010300
5214010400
5214010500
5214010600
5214010700
5214010800
5214010900
5214011000
5214011100
5214011200
5214011300
5214011400
5214011500
5214011600
5214011700
5214011800
5214011900
5214012000
5214012100
5214012200
5214012300
5214012400
5214012500
5214012600
5214012700
5214012800
5214012900
5214013000
5214013100
5214013200
5214013300
5214013400
5214013500
5214013600
5214025000
5214025021
5214025022
5214025023
5214025024
5214025025
5214025026
5214031000
5214031021
5214031022
5214031023
5214031024
5214031025
5214031026
5214031027
5214032000
5214032021
5214032022
5214032023
5214032024
5214032025
5214032026
5214032027
5214032028
5214033000
5214033021
5214033022
5214033023
5214033024
5214033025
5214033026
5214034000
5214034021
5214034022
5214034023
5214034024
5214034025
5214034026
5214034027
5214035000
5214035021
5214035022
5214035023
5214035024
5214035025
5214035026
5214035027
5214036000
5214036021
5214036022
5214036023
5214036024
5214036025
5214036026
5214036027
5214036028
5214036029
5214036030
5214036031
5214037000
5214037021
5214037022
5214037023
5214037024
5214037025
5214037026
5214037027
5214038000
5214038021
5214038022
5214038023
5214038024
5214038025
5214038026
5214039000
5214039021
5214039022
5214039023
5214039024
5214039025
5214039026
5214040000
5214040021
5214040022
5214040023
5214040024
5214040025
5214040026
5214040027
5214041000
5214041021
5214041022
5214041023
5214041024
5214041025
5214041026
5214041027
5214041028
5214041029
5214041030
5214041031
5214041032
5214041033
5214042000
5214042022
5214042023
5214042024
5214042025
5214042026
5214042027
5214042028
5214042029
5214042030
5214042031
5214042032
5214043000
5214043021
5214043022
5214043023
5214043024
5214043025
5214043026
5214044000
5214044021
5214044022
5214044023
5214044024
5214044025
5214044026
5218000000
5218010100
5218010200
5218010300
5218010400
5218010500
5218010600
5218010700
5218010800
5218010900
5218011000
5218011100
5218011200
5218011300
5218011400
5218011500
5218011600
5218011700
5218011800
5218011900
5218012000
5218012100
5218012200
5218012300
5218012400
5218012500
5218012600
5218012700
5218025000
5218025021
5218025022
5218025023
5218025024
5218025025
5218025026
5218025027
5218025028
5218025029
5218025030
5218025031
5218031000
5218031021
5218031022
5218031023
5218031024
5218031025
5218031026
5218031027
5218031028
5218031029
5218031030
5218032000
5218032021
5218032022
5218032023
5218032024
5218032025
5218032026
5218032027
5218032028
5218032029
5218032030
5218032031
5218033000
5218033021
5218033022
5218033023
5218033024
5218033025
5218033026
5218033027
5218033028
5218033029
5218033030
5218034000
5218034021
5218034022
5218034023
5218034024
5218034025
5218034026
5218034027
5218034028
5218034029
5218034030
5218034031
5218034032
5218034033
5218035000
5218035021
5218035022
5218035023
5218035024
5218035025
5218035026
5218035027
5218036000
5218036021
5218036022
5218036023
5218036024
5218036025
5218036026
5218037000
5218037021
5218037022
5218037023
5218037024
5218037025
5218037026
5218037027
5218037028
5218037029
5218037030
5218037031
5218038000
5218038021
5218038022
5218038023
5218038024
5218038025
5218038026
5218038027
5218038028
5218038030
5218038031
5218039000
5218039021
5218039022
5218039023
5218039024
5218039025
5218039026
5218039027
5218039028
5218039029
5218039030
5218039031
5218039032
5218039033
5218039034
5218040000
5218040021
5218040022
5218040023
5218040024
5218040025
5218040026
5218040027
5218040028
5218040029
5218040030
5218040031
5218041000
5218041021
5218041022
5218041023
5218041024
5218041025
5218041026
5218041027
5218042000
5218042021
5218042022
5218042023
5218042024
5218042025
5218042026
5218042027
5218043000
5218043021
5218043022
5218043023
5218043024
5218043025
5218043026
5218044000
5218044021
5218044022
5218044023
5218044024
5218044025
5218044026
5218044027
5218044028
5219000000
5219010100
5219010200
5219010300
5219010400
5219010500
5219010600
5219010700
5219010800
5219010900
5219011000
5219011100
5219011200
5219011300
5219011400
5219011500
5219011600
5219011700
5219011800
5219011900
5219012000
5219012100
5219012200
5219012300
5219025000
5219025021
5219025022
5219025023
5219025024
5219025025
5219025026
5219025027
5219025028
5219025029
5219025030
5219025031
5219025032
5219025033
5219025034
5219025035
5219025036
5219025037
5219031000
5219031021
5219031022
5219031023
5219031024
5219031025
5219031026
5219031027
5219031028
5219031029
5219031030
5219031031
5219032000
5219032021
5219032022
5219032023
5219032024
5219032025
5219032026
5219033000
5219033021
5219033022
5219033023
5219033024
5219033025
5219033026
5219033027
5219033028
5219033029
5219033030
5219033031
5219033032
5219033033
5219034000
5219034021
5219034022
5219034023
5219034024
5219034025
5219034026
5219034027
5219034028
5219034029
5219035000
5219035021
5219035022
5219035023
5219035024
5219035025
5219035026
5219035027
5219035028
5219035029
5219035030
5219035031
5219036000
5219036021
5219036022
5219036023
5219036024
5219036025
5219036026
5219036027
5219036028
5219036029
5219036030
5219036031
5219036032
5219036033
5219037000
5219037021
5219037022
5219037023
5219037024
5219037025
5219037026
5219037027
5219037028
5219038000
5219038021
5219038022
5219038023
5219038024
5219038025
5219038026
5219038027
5219038028
5219038029
5219039000
5219039021
5219039022
5219039023
5219039024
5219039025
5219039026
5219040000
5219040021
5219040022
5219040023
5219040024
5219040025
5219040026
5219040027
5219040028
5219040029
5219041000
5219041021
5219041022
5219041023
5219041024
5219041025
5219041026
5219041027
5219042000
5219042021
5219042022
5219042023
5219042024
5219042025
5219042026
5219042027
5219042028
5219042029
5219042030
5219045000
5219045021
5219045022
5219045023
5219045024
5219045025
5219045026
5219045027
5219045028
5219045029
5219045030
5219045031
5219046000
5219046021
5219046022
5219046023
5219046024
5219046025
5219046026
5219046027
5219046028
5219047000
5219047021
5219047022
5219047023
5219047024
5219047025
5219047026
5219047027
5219047028
5219047029
5221000000
5221010100
5221010200
5221010300
5221010400
5221010500
5221010600
5221010700
5221010800
5221010900
5221011000
5221011100
5221011200
5221011300
5221011400
5221011500
5221011600
5221011700
5221011800
5221011900
5221012000
5221012100
5221012200
5221012300
5221012400
5221012500
5221012600
5221012700
5221012800
5221012900
5221013000
5221025000
5221025021
5221025022
5221025023
5221025024
5221025025
5221025026
5221025027
5221032000
5221032021
5221032022
5221032023
5221032024
5221032025
5221032026
5221032027
5221032028
5221033000
5221033021
5221033025
5221033026
5221033027
5221033028
5221033029
5221033030
5221033031
5221034000
5221034021
5221034022
5221034023
5221034024
5221034025
5221034026
5221034027
5221034028
5221034029
5221034030
5221034031
5221034032
5221035000
5221035021
5221035022
5221035023
5221035024
5221035025
5221035026
5221035027
5221035028
5221035029
5221035030
5221036000
5221036021
5221036022
5221036023
5221036024
5221036025
5221036026
5221036027
5221038000
5221038021
5221038022
5221038023
5221038024
5221038025
5221038026
5221038027
5221039000
5221039021
5221039022
5221039023
5221039024
5221039025
5221040000
5221040021
5221040022
5221040023
5221040024
5221040025
5221040026
5221041000
5221041021
5221041022
5221041023
5221041024
5221041025
5221042000
5221042021
5221042023
5221042024
5221042025
5221042026
5221042027
5221042028
5221042029
5221042030
5221042031
5221042032
5221042033
5221042034
5221043000
5221043021
5221043022
5221043023
5221043024
5221043029
5221043030
5221043031
5221043032
5221043033
5221043034
5221043035
5221044000
5221044021
5221044022
5221044023
5221044026
5221044027
5221044028
5221045000
5221045021
5221045022
5221045023
5221045024
5221045025
5221045026
5221045027
5221045028
5221045029
5221045030
5221045031
5221045032
5221045033
5221046000
5221046021
5221046022
5221046023
5271000000
5271025000
5271025021
5271025022
5271025023
5271025024
5271025025
5271025026
5271025027
5271025028
5271025029
5271025030
5271025300
5271025321
5271025322
5271025323
5271025324
5271025325
5271025326
5271025327
5271025328
5271025329
5271025330
5271025331
5271025332
5271025333
5271025334
5271025600
5271025621
5271025622
5271025623
5271025624
5271025625
5271025626
5271025627
5271032000
5271032021
5271032022
5271032023
5271032024
5271032025
5271033000
5271033023
5271033024
5271033025
5271033026
5271033027
5271033028
5271033029
5271033030
5271033031
5271033032
5271034000
5271034021
5271034022
5271034023
5271034024
5271034025
5271034026
5271034027
5271034028
5271034029
5271035000
5271035021
5271035022
5271035023
5271035024
5271035025
5271035026
5271035027
5271035028
5271035029
5271036000
5271036021
5271036022
5271036023
5271036024
5271036025
5271036026
5271036027
5271036028
5271036029
5271036030
5271036031
5271037000
5271037021
5271037022
5271037023
5271037024
5271037025
5271037026
5271037027
5271038000
5271038021
5271038022
5271038023
5271038026
5271038027
5271038028
5271039000
5271039021
5271039022
5271039023
5271039024
5271039025
5271039026
5271039027
5271039028
5271039029
5271039030
5271039031
5271040000
5271040021
5271040022
5271040023
5271040024
5271041000
5271041021
5271041022
5271041023
5272000000
5272025000
5272025021
5272025022
5272025023
5272025024
5272025025
5272025026
5272025027
5272025028
5272025029
5272025030
5272025031
5272025032
5272025033
5272031000
5272031021
5272031022
5272031023
5272031024
5272031025
5272031026
5272032000
5272032021
5272032022
5272032023
5272032024
5272033000
5272033021
5272033022
5272033023
5272033024
5272033025
5272033026
5272034000
5272034021
5272034022
5272034023
5272034024
5272034025
5272034026
5272035000
5272035021
5272035022
5272035023
5272035024
5272035025
5272035026
5272035027
5272035028
5272035029
5272036000
5272036021
5272036022
5272036023
5272036024
5272036025
5272036026
5272036027
5272036028
5272037000
5272037021
5272037022
5272037023
5272037024
5272037025
5272038000
5272038021
5272038022
5272038023
5272038024
5272038025
5272038026
5272038027
5272038028
5272038029
5272039000
5272039021
5272039022
5272039023
5272039024
5272039025
5272040000
5272040021
5272040022
5272040023
5272040024
5272040025
5272040026
5273000000
5273025000
5273025021
5273025022
5273025023
5273025024
5273025025
5273025026
5273025027
5273025028
5273031000
5273031021
5273031022
5273031023
5273031024
5273031025
5273031026
5273031027
5273031028
5273032000
5273032021
5273032022
5273032023
5273032024
5273032025
5273032026
5273032027
5273032028
5273032029
5273032030
5273033000
5273033021
5273033022
5273033023
5273033024
5273033025
5273033026
5273033027
5273033028
5273034000
5273034021
5273034022
5273034023
5273034024
5273034025
5273034026
5273034027
5273034028
5273035000
5273035021
5273035022
5273035023
5273035024
5273035025
5273035026
5274000000
5274025000
5274025021
5274025022
5274025023
5274025024
5274025025
5274025026
5274025027
5274025028
5274025029
5274025030
5274025031
5274025032
5274025033
5274031000
5274031021
5274031022
5274031023
5274031024
5274031025
5274031026
5274031027
5274031028
5274031029
5274031030
5274031031
5274031032
5274031033
5274031034
5274032000
5274032021
5274032022
5274032023
5274032024
5274032025
5274032026
5274032027
5274032028
5274032029
5274032030
5274032031
5274033500
5274033521
5274033522
5274033523
5274033524
5274033525
5274033526
5274033527
5274033528
5274033529
5274033530
5274034000
5274034021
5274034022
5274034024
5274034025
5274034026
5274034027
5274034028
5274034029
5274034030
5274034031
5274035000
5274035021
5274035022
5274035023
5274035024
5274035025
5274035026
5274035027
5274035028
5274036000
5274036021
5274036022
5274036023
5274036024
5274036025
5274036026
5274036027
5275000000
5275025000
5275025021
5275025022
5275025023
5275025024
5275025025
5275025026
5275025027
5275025028
5275025029
5275025030
5275025031
5275025032
5275025033
5275025034
5275025035
5275025036
5275031000
5275031021
5275031022
5275031023
5275031024
5275031025
5275031026
5275031027
5275031028
5275032000
5275032021
5275032022
5275032023
5275032024
5275032025
5275032026
5275032027
5275032028
5275032029
5275032030
5275032031
5275032032
5275032033
5275032034
5275033000
5275033021
5275033022
5275033023
5275033024
5275033025
5275033026
5275033027
5275034000
5275034021
5275034022
5275034023
5275034024
5275034025
5275034026
5275034027
5275034028
5275034029
5275034030
5275034031
5275035500
5275035521
5275035522
5275035523
5275035524
5275035525
5275035526
5275035527
5275035528
5275035529
5275035530
5275035531
5275035532
5275035533
5275035534
5275036000
5275036021
5275036022
5275036023
5275036024
5275036025
5275036026
5275036027
5275036028
5275036029
5275037000
5275037021
5275037022
5275037023
5275037024
5275037025
5275037026
5275037027
5275037028
5275037031
5275037032
5275037033
5275037034
5275037035
5275037036
5275038000
5275038022
5275038023
5275038024
5275038025
5275038026
5275038027
5275038028
5275038029
5275038030
5275038031
5275038032
5275038033
5275038034
5275039000
5275039021
5275039022
5275039023
5275039024
5275039025
5275039026
5275039027
5275039028
5275039029
5275039030
5275040000
5275040021
5275040022
5275040023
5275040024
5275040025
5275040026
5275040027
5275040028
5275041000
5275041021
5275041022
5275041023
5275041024
5275041025
5275041026
5275041027
5277000000
5277025000
5277025021
5277025022
5277025023
5277025024
5277025025
5277025026
5277025027
5277025028
5277031000
5277031021
5277031022
5277031023
5277031024
5277031025
5277031026
5277031027
5277031028
5277031029
5277031030
5277031031
5277032000
5277032021
5277032022
5277032023
5277032024
5277032025
5277032026
5277032027
5277032028
5277032029
5277032030
5277032031
5277032032
5277032033
5277033000
5277033021
5277033022
5277033023
5277033024
5277033025
5277033026
5277033027
5277033028
5277033029
5277033030
5277033031
5277033032
5277034000
5277034021
5277034022
5277034023
5277034024
5277034025
5277034026
5277034027
5277034028
5277034030
5277034032
5277034033
5277034034
5277034035
5277035000
5277035021
5277035022
5277035023
5277035024
5277035025
5277035026
5277035027
5277035028
5277035029
5277035030
5277036000
5277036021
5277036023
5277036024
5277036025
5277036026
5277036027
5277036028
5277036029
5277036030
5277036031
5277036032
5277036033
5277036034
5277036035
5277036036
5277036037
5277036038
5277036039
5277036040
5277037000
5277037021
5277037022
5277037023
5277037024
5277037025
5277037026
5277037027
5277037028
5277037029
5277037030
5277037031
5277037032
5277037033
5277037034
5277037035
5277037036
5277037037
5277038000
5277038021
5277038022
5277038023
5277038024
5277038025
5277038026
5277038027
5277038028
5277039000
5277039021
5277039022
5277039023
5277039024
5277039025
5277039026
5277040000
5277040021
5277040022
5277040023
5277040024
5277040025
5277040026
5277040027
5277040028
5277040029
5277040030
5277040031
5277040032
5277040033
5277040034
5279000000
5279025000
5279025021
5279025022
5279025023
5279025024
5279025025
5279025026
5279025027
5279025028
5279025029
5279025030
5279025031
5279025032
5279025033
5279025034
5279025035
5279025036
5279025037
5279025038
5279031000
5279031021
5279031022
5279031023
5279031024
5279031025
5279031026
5279031027
5279031028
5279031029
5279031030
5279031031
5279031032
5279031033
5279031034
5279032000
5279032021
5279032022
5279032023
5279032024
5279032025
5279032026
5279032027
5279032028
5279032029
5279032030
5279032031
5279032032
5279032033
5279032034
5279032035
5279032036
5279033000
5279033021
5279033022
5279033023
5279033024
5279033025
5279033026
5279033027
5279033028
5279033029
5279033030
5279033031
5279033032
5279033033
5279033034
5279033035
5279033036
5279034000
5279034021
5279034022
5279034023
5279034024
5279034025
5279034026
5279034027
5279034028
5279034029
5279034030
5279034031
5279034032
5279035000
5279035021
5279035022
5279035023
5279035024
5279035025
5279035026
5279035027
5279035028
5279035029
5279036000
5279036021
5279036022
5279036023
5279036024
5279036025
5279036026
5279036027
5279036028
5279036029
5279036030
5279036031
5279036032
5279037000
5279037021
5279037022
5279037023
5279037024
5279037025
5279037026
5279037027
5279037028
5279037029
5279037030
5279037031
5279038000
5279038021
5279038022
5279038023
5279038024
5279038025
5279038026
5279038027
5279038028
5279038029
5279038030
5279038031
5279038032
5279038033
5279038034
5279038035
5279039000
5279039021
5279039022
5279039023
5279039024
5279039025
5279039026
5279039027
5279039028
5279039029
5279039030
5279040000
5279040021
5279040022
5279040023
5279040024
5279040025
5279040026
5279040027
5279040028
5279040029
5279040030
5279040031
5279040032
5279040033
5279040034
5279040035
5279040036
5279041000
5279041021
5279041022
5279041023
5279041024
5279041025
5279041026
5279041027
5279041028
5279041029
5279041030
5279041031
5279041032
5279041033
5279042000
5279042021
5279042022
5279042023
5279042024
5279042025
5279042026
5279042027
5279042028
5279042029
5279042030
5279042031
5279042032
5279042033
5279043000
5279043021
5279043022
5279043023
5279043024
5279043025
5279043026
5279043027
5279043028
5279043029
5279043030
5279043031
5279043032
5279043033
5279043034
5280000000
5280025000
5280025021
5280025022
5280025023
5280025024
5280025025
5280025026
5280025027
5280025028
5280025029
5280025030
5280025031
5280025032
5280031000
5280031021
5280031022
5280031023
5280031024
5280031025
5280031026
5280031027
5280031028
5280032000
5280032021
5280032022
5280032023
5280032024
5280032025
5280032026
5280032027
5280032028
5280032029
5280033000
5280033021
5280033022
5280033023
5280033024
5280033025
5280034000
5280034021
5280034022
5280034023
5280034024
5280034025
5280035000
5280035021
5280035022
5280035023
5280035024
5280035025
5280035026
5280035027
5280035028
5280035029
5280035030
5280036000
5280036021
5280036022
5280036023
5280036024
5280036025
5280036026
5280036027
5280037000
5280037021
5280037022
5280037023
5280037024
5280038000
5280038021
5280038022
5280038023
5280038024
5280038025
5280038026
5280038027
5280038028
5280038029
5280038030
5280038031
5280038032
5280039000
5280039021
5280039022
5280039023
5280039024
5280039025
5280039026
5280039027
5280040000
5280040021
5280040022
5280040023
5280040024
5280040025
5280041000
5280041021
5280041022
5280041023
5280041024
5280041025
5280041026
5280041027
5280042000
5280042021
5280042022
5280042023
5280042024
5280042025
5280042026
5280042027
5280042028
