4475034032
4475034033
4475035000
4475035001
4475035021
4475035022
4475035023
4475035024
4475035025
4475035026
4475035027
4475035028
4475035029
4475035030
4475035031
4475035032
4475035033
4475036000
4475036021
4475036022
4475036023
4475036024
4475036025
4475036026
4475036027
4475036028
4475036029
4475036030
4475036031
4475036032
4475036033
4475036034
4475036035
4475036036
4475036037
4475036038
4475036039
4475036040
4475037000
4475037021
4475037022
4475037023
4475037024
4475037025
4475037026
4475037027
4475037028
4475037029
4475037030
4475037031
4475037032
4475037033
4475037034
4475037035
4475038000
4475038021
4475038022
4475038023
4475038024
4475038025
4475038026
4475038027
4475038028
4475038029
4475038030
4475038031
4475038032
4475038033
4475038034
4475039000
4475039001
4475039021
4475039022
4475039023
4475039024
4475039025
4475039026
4475039027
4475039028
4475039029
4475039030
4475039031
4475039032
4475039033
4475039034
4475039035
4475039036
4475039037
4475040000
4475040001
4475040002
4475040021
4475040022
4475040023
4475040024
4475040025
4475040026
4475040027
4475040028
4475040029
4475040030
4475040031
4475040032
4475040033
4475040034
4475040035
4475041000
4475041001
4475041002
4475041003
4475041021
4475041022
4475041023
4475041024
4475041025
4475041026
4475041027
4475041028
4475041029
4475041030
4475042000
4475042021
4475042022
4475042023
4475042024
4475042025
4475042026
4475042027
4475042028
4476000000
4476003000
4476003001
4476003002
4476003003
4476003004
4476003005
4476003006
4476003007
4476003008
4476003009
4476003010
4476003011
4476003012
4476003013
4476003014
4476003015
4476003016
4476003017
4476003018
4476003019
4476003020
4476003021
4476025000
4476025021
4476025022
4476025023
4476025024
4476025025
4476025026
4476025027
4476025028
4476025029
4476025030
4476025031
4476025032
4476025033
4476025034
4476025035
4476025036
4476025037
4476025038
4476025039
4476025040
4476025041
4476025042
4476031000
4476031021
4476031022
4476031023
4476031024
4476031025
4476031026
4476031027
4476031028
4476031029
4476031030
4476031031
4476031032
4476031033
4476031034
4476031035
4476031036
4476031037
4476031038
4476031039
4476032000
4476032021
4476032022
4476032023
4476032024
4476032025
4476032026
4476032027
4476032028
4476032029
4476032030
4476032031
4476032032
4476032033
4476032034
4476032035
4476032036
4476032037
4476033000
4476033021
4476033022
4476033023
4476033024
4476033025
4476033026
4476033027
4476033028
4476033029
4476033030
4476033031
4476033032
4476033033
4476034000
4476034021
4476034022
4476034023
4476034024
4476034025
4476034026
4476034027
4476034028
4476034029
4476034030
4476035000
4476035021
4476035022
4476035023
4476035024
4476035025
4476035026
4476035027
4476035028
4476035029
4476035030
4476036000
4476036021
4476036022
4476036023
4476036024
4476036025
4476036026
4476036027
4476036028
4476036029
4476036030
4476037000
4476037021
4476037022
4476037023
4476037024
4476037025
4476037026
4476037027
4476037028
4476037029
4476037030
4476037031
4476038000
4476038021
4476038022
4476038023
4476038024
4476038025
4476038026
4476038027
4476038028
4476038029
4476039000
4476039021
4476039022
4476039023
4476039024
4476039025
4476039026
4476039027
4476039028
4476039029
4476040000
4476040021
4476040022
4476040023
4476040024
4476040025
4476040026
4476040027
4476040028
4476040029
4476040030
4476040031
4476040032
4476041000
4476041021
4476041022
4476041023
4476041024
4476041025
4476041026
4476041027
4476041028
4476041029
4476041030
4476041031
4476042000
4476042001
4476042021
4476042022
4476042023
4476042024
4476042025
4476042026
4476042027
4476042028
4476042029
4476042030
4476043000
4476043021
4476043022
4476043023
4476043024
4476043025
4476043026
4476043027
4476043028
4476043029
4476043030
4476043031
4476044000
4476044001
4476044021
4476044022
4476044023
4476044024
4476044025
4476044026
4476045000
4476045021
4476045022
4476045023
4476045024
4476045025
4476045026
4476045027
4476045028
4476045029
4476045030
4476045031
4477000000
4477003000
4477003001
4477003002
4477003003
4477003004
4477003005
4477003006
4477003007
4477003008
4477003009
4477003010
4477003011
4477003012
4477003013
4477011000
4477011001
4477011021
4477011022
4477011023
4477011025
4477011026
4477011027
4477011028
4477011029
4477011030
4477025000
4477025021
4477025022
4477025023
4477025024
4477025025
4477025026
4477025027
4477025028
4477025029
4477025030
4477025300
4477025321
4477025322
4477025323
4477025324
4477025325
4477025326
4477025327
4477025328
4477025329
4477025330
4477025331
4477025332
4477025333
4477031000
4477031001
4477031021
4477031022
4477031023
4477031024
4477031025
4477031026
4477031027
4477031028
4477031029
4477031030
4477031031
4477031032
4477031033
4477031034
4477031035
4477031036
4477031037
4477032000
4477032001
4477032021
4477032022
4477032023
4477032024
4477032025
4477032026
4477032027
4477032028
4477032029
4477032030
4477032031
4477032032
4477032033
4477032034
4477032035
4477032036
4477032037
4477032038
4477032039
4477033000
4477033001
4477033021
4477033022
4477033023
4477033024
4477033025
4477033026
4477033027
4477033028
4477033029
4477033030
4477033031
4477033032
4477033033
4477034000
4477034001
4477034021
4477034022
4477034023
4477034024
4477034025
4477034026
4477034027
4477034028
4477034029
4477034030
4477034031
4477034032
4477034033
4477034034
4477034035
4477034036
4477034037
4477034038
4477034039
4477034040
4477034041
4477035000
4477035021
4477035022
4477035023
4477035024
4477035025
4477035026
4477035027
4477035028
4477035029
4477035030
4477035031
4477035032
4477035033
4477035034
4477035035
4477035036
4477036000
4477036021
4477036022
4477036023
4477036024
4477036025
4477036026
4477036027
4477036028
4477036029
4477036030
4477037000
4477037001
4477037002
4477037021
4477037022
4477037023
4477037024
4477037025
4477037026
4477037027
4477037028
4477038000
4477038021
4477038022
4477038023
4477038024
4477038025
4477038026
4477038027
4477038028
4477038029
4477038030
4477038031
4477038032
4477038033
4477038034
4477038035
4477039000
4477039001
4477039021
4477039022
4477039023
4477039024
4477039025
4477039026
4477039027
4477039028
4477039029
4477039030
4477040000
4477040021
4477040022
4477040023
4477040024
4477040025
4477040026
4477040027
4477040028
4477040029
4477040030
4477040031
4477041000
4477041021
4477041022
4477041023
4477041024
4477041025
4477041026
4477041027
4477041028
4477041029
4478000000
4478001000
4478001001
4478001002
4478001003
4478001004
4478001005
4478001006
4478001007
4478001008
4478001009
4478001010
4478003000
4478003001
4478003002
4478003003
4478003004
4478003005
4478003006
4478003007
4478003008
4478003009
4478003020
4478031000
4478031021
4478031022
4478031023
4478031024
4478031025
4478031026
4478031027
4478031028
4478031029
4478031030
4478031031
4478032000
4478032021
4478032022
4478032023
4478032024
4478032025
4478032026
4478032027
4478032028
4478032029
4478032030
4478033000
4478033021
4478033022
4478033023
4478033024
4478033025
4478033026
4478033027
4478033028
4478034000
4478034021
4478034022
4478034023
4478034024
4478034025
4478034026
4478034027
4478034028
4478035000
4478035021
4478035022
4478035023
4478035024
4478035025
4478035026
4478035027
4478035028
4478035029
4478035030
4478035031
4478036000
4478036021
4478036022
4478036023
4478036024
4478036025
4478036026
4478036027
4478036028
4478036029
4478036030
4478036031
4478036032
4478036033
4478037000
4478037021
4478037022
4478037023
4478037024
4478037025
4478037026
4478037027
4478037028
4478037029
4478037030
4478037031
4478037032
4478037033
4478038000
4478038021
4478038022
4478038023
4478038024
4478038025
4478038026
4478038027
4478038028
4478038029
4478038030
4478038031
4478039000
4478039001
4478039002
4478039021
4478039022
4478039023
4478039024
4478039025
4478039026
4478039027
4478039028
4478039029
4478039030
4478039031
4478039032
4478039033
4478039034
4478040000
4478040021
4478040022
4478041000
4478041021
4478041022
4478041023
4478041024
4478041025
4478041026
4479000000
4479003000
4479003001
4479003002
4479003003
4479003004
4479003005
4479003006
4479003007
4479003008
4479003009
4479003010
4479003011
4479003500
4479003501
4479003502
4479003503
4479003504
4479003505
4479003506
4479003507
4479003508
4479003509
4479003510
4479003511
4479003512
4479004000
4479004001
4479004002
4479004003
4479004004
4479004005
4479004006
4479004007
4479004008
4479004009
4479004010
4479004011
4479025000
4479025021
4479025022
4479025023
4479025024
4479025025
4479025026
4479025027
4479025028
4479025029
4479025030
4479025031
4479031000
4479031021
4479031022
4479031023
4479031024
4479031025
4479031026
4479031027
4479031028
4479031029
4479032000
4479032021
4479032022
4479032023
4479032024
4479032025
4479032026
4479032027
4479032028
4479032029
4479032030
4479032031
4479032032
4479032033
4479032034
4479032035
4479032036
4479033000
4479033021
4479033022
4479033023
4479033024
4479033025
4479033026
4479033027
4479033028
4479033029
4479033030
4479033031
4479033032
4479033033
4479033034
4479033035
4479033036
4479034000
4479034021
4479034022
4479034023
4479034024
4479034025
4479034026
4479034027
4479035000
4479035021
4479035022
4479035023
4479035024
4479035025
4479035026
4479035027
4479035028
4479035029
4479035030
4479035031
4479036000
4479036021
4479036022
4479036023
4479036024
4479036025
4479036026
4479036027
4479036028
4479036029
4479036030
4479036031
4479037000
4479037021
4479037022
4479037023
4479037024
4479037025
4479037026
4479037027
4479037028
4479037029
4479037030
4479037031
4479037032
4479038000
4479038021
4479038022
4479038023
4479038024
4479038025
4479038026
4479038027
4479038028
4479038029
4479038030
4479038031
4479038032
4479039000
4479039001
4479039002
4479039021
4479039022
4479039023
4479039024
4479039025
4479039026
4479039027
4479039028
4479039029
4479039030
4480000000
4480003000
4480003001
4480003002
4480003003
4480003004
4480003005
4480003006
4480003007
4480003008
4480003009
4480003010
4480003011
4480003012
4480003013
4480003014
4480003015
4480025000
4480025021
4480025022
4480025023
4480025024
4480025025
4480025026
4480025027
4480025028
4480025029
4480025030
4480025031
4480025032
4480025300
4480025321
4480025322
4480025323
4480025324
4480025325
4480025326
4480025327
4480025328
4480025329
4480025330
4480025331
4480025332
4480025333
4480025600
4480025621
4480025622
4480025623
4480025624
4480025625
4480025626
4480025627
4480025628
4480025629
4480025630
4480025631
4480025632
4480025633
4480031000
4480031001
4480031021
4480031022
4480031023
4480031024
4480031025
4480031026
4480031027
4480031028
4480031029
4480031030
4480031031
4480031032
4480031033
4480032000
4480032021
4480032022
4480032023
4480032024
4480032025
4480032026
4480032027
4480032028
4480032029
4480032030
4480032031
4480032032
4480032033
4480033000
4480033001
4480033002
4480033003
4480033004
4480033021
4480033022
4480033023
4480033024
4480033025
4480033026
4480033027
4480033028
4480033029
4480033030
4480033031
4480033032
4480033033
4480033034
4480034000
4480034021
4480034022
4480034023
4480034024
4480034025
4480034026
4480034027
4480034028
4480034029
4480034030
4480034031
4480034032
4480034033
4480034034
4480034035
4480034036
4480035000
4480035021
4480035022
4480035023
4480035024
4480035025
4480035026
4480035027
4480035028
4480035029
4480035030
4480035031
4480036000
4480036001
4480036002
4480036021
4480036022
4480036023
4480036024
4480036025
4480036026
4480036027
4480036028
4480036029
4480037000
4480037021
4480037022
4480037023
4480037024
4480037025
4480037026
4480037027
4480037028
4480037029
4480037030
4480037031
4480037032
4480038000
4480038001
4480038021
4480038022
4480038023
4480038024
4480038025
4480038026
4480038027
4480038028
4480038029
4480038030
4480038031
4480038032
4480038033
4480038034
4480038035
4480038036
4480039000
4480039021
4480039022
4480039023
4480039024
4480039025
4480039026
4480039027
4480039028
4480039029
4480039030
4480039031
4480039032
4481000000
4481003000
4481003001
4481003002
4481003003
4481003004
4481003005
4481003006
4481003007
4481003008
4481003009
4481003010
4481003011
4481003012
4481003013
4481003014
4481003015
4481003016
4481003017
4481003018
4481003019
4481003020
4481003021
4481025000
4481025021
4481025022
4481025023
4481025024
4481025025
4481025026
4481025027
4481025028
4481025029
4481025030
4481025031
4481025032
4481025033
4481025300
4481025321
4481025322
4481025323
4481025324
4481025325
4481025326
4481025327
4481025328
4481025329
4481025330
4481025331
4481025332
4481025333
4481025334
4481025335
4481025336
4481025337
4481025338
4481025339
4481025340
4481025341
4481031000
4481031021
4481031022
4481031023
4481031024
4481031025
4481031026
4481031027
4481031028
4481031029
4481031030
4481031031
4481031032
4481032000
4481032021
4481032022
4481032023
4481032024
4481032025
4481032026
4481032027
4481032028
4481032029
4481032030
4481032031
4481032032
4481032033
4481032034
4481032035
4481032036
4481033000
4481033021
4481033022
4481033023
4481033024
4481033025
4481033026
4481033027
4481033028
4481033029
4481033030
4481033031
4481033032
4481033033
4481033034
4481033035
4481033036
4481033037
4481033038
4481033039
4481033040
4481034000
4481034021
4481034022
4481034023
4481034024
4481034025
4481034026
4481034027
4481034028
4481034029
4481034030
4481034031
4481034032
4481034033
4481034034
4481035000
4481035021
4481035022
4481035023
4481035024
4481035025
4481035026
4481035027
4481035028
4481035029
4481035030
4481035031
4481035032
4481035033
4481036000
4481036021
4481036022
4481036023
4481036024
4481036025
4481036026
4481036027
4481036028
4481036029
4481036030
4481036031
4481036032
4481036033
4481036034
4481036035
4481036036
4481037000
4481037021
4481037022
4481037023
4481037024
4481037025
4481037026
4481037027
4481037028
4481037029
4481037030
4481037031
4481037032
4481037033
4481037034
4481037035
4481038000
4481038021
4481038022
4481038023
4481038024
4481038025
4481038026
4481038027
4481038028
4481038029
4481038030
4481038031
4481038032
4481039000
4481039021
4481039022
4481039023
4481039024
4481039025
4481039026
4481039027
4481039028
4481039029
4481039030
4481039031
4481039032
4481039033
4481040000
4481040001
4481040021
4481040022
4481040023
4481040024
4481040025
4481040026
4481040027
4481040028
4481040029
4481040030
4481040031
4481040032
4482000000
4482003000
4482003001
4482003002
4482003003
4482003004
4482003005
4482003006
4482003007
4482003008
4482003009
4482003010
4482003011
4482003012
4482003013
4482003014
4482003500
4482003501
4482003502
4482003503
4482003504
4482003505
4482003506
4482003507
4482003508
4482003509
4482003510
4482003511
4482004000
4482004001
4482004002
4482004003
4482004004
4482004005
4482004006
4482004007
4482011000
4482011021
4482011022
4482011023
4482011024
4482011025
4482011026
4482011027
4482011028
4482011029
4482011030
4482011031
4482011032
4482011033
4482011034
4482012000
4482012021
4482012022
4482012023
4482012024
4482012025
4482012026
4482012027
4482012028
4482012029
4482012030
4482012031
4482012032
4482012033
4482013000
4482013001
4482013002
4482013003
4482013021
4482013022
4482013023
4482013024
4482013025
4482013026
4482013027
4482014000
4482014021
4482014022
4482014023
4482014024
4482014025
4482014026
4482014027
4482014028
4482014029
4482014030
4482031000
4482031001
4482031021
4482031022
4482031023
4482031024
4482031025
4482031026
4482031027
4482031028
4482031029
4482031030
4482032000
4482032021
4482032022
4482032023
4482032024
4482032025
4482032026
4482032027
4482032028
4482032029
4482032030
4482032031
4482032032
4482032033
4482032034
4482033000
4482033021
4482033022
4482033023
4482033024
4482033025
4482033026
4482033027
4482033028
4482033029
4482034000
4482034021
4482034022
4482034023
4482034024
4482034025
4482034026
4482034027
4482034028
4482034029
4482035000
4482035021
4482035022
4482035023
4482035024
4482035025
4482035026
4482035027
4482035028
4482035029
4482035030
4482036000
4482036021
4482036022
4482036023
4482036024
4482036025
4482036026
4482036027
4482036028
4482036029
4482037000
4482037001
4482037021
4482037022
4482037023
4482037024
4482037025
4482037026
4482037027
4482037028
4482037029
4482037030
4482038000
4482038021
4482038022
4482038023
4482038024
4482038025
4482038026
4482038027
4482038028
4482038029
4482038030
4482038031
4482038032
4482038033
4482038034
4482038035
4482038036
4482038037
4482038038
4482038039
4482039000
4482039021
4482039022
4482039023
4482039024
4482039025
4482039026
4482039027
4482039028
4482039029
4482039030
4482039031
4482039032
4482039033
4482039034
4482039035
4482039036
4482039037
4482039038
4482039039
4482039040
4482039041
4482039042
4482040000
4482040001
4482040021
4482040022
4482040023
4482040024
4482040025
4482040026
4482040027
4482040028
4482040029
4482040030
4482040031
4482040032
4482040033
4482041000
4482041021
4482041022
4482041023
4482042000
4482042021
4482042022
4482042023
4482042024
4482042025
4482042026
4482042027
4482042028
4482042029
4482043000
4482043021
4482043022
4482043023
4482043024
4482043025
4482043026
4482043027
4482043028
4482043029
4482044000
4482044021
4482044022
4482044023
4482044024
4482044025
4482044026
4482044027
4482044028
4482044029
4482045000
4482045021
4482045022
4482045023
4482045024
4482045025
4482045026
4482045027
4482045028
4482045029
4482045030
4482045031
4482046000
4482046021
4482046022
4482046023
4482046024
4482046025
4482500000
4482525000
4482525021
4482525022
4482525023
4482525024
4482525025
4482525026
4482525027
4482525028
4482525029
4482525030
4482525031
4482525032
4482525033
4482525300
4482525321
4482525322
4482525323
4482525324
4482525325
4482525326
4482525327
4482531000
4482531021
4482531022
4482531023
4482532000
4482532021
4482532022
4482532023
4482532024
4482532025
4482532026
4482532027
4482532028
4482532029
4482533000
4482533021
4482533022
4482533023
4482533024
4482533025
4482533026
4482533027
4482533028
4482533029
4482534000
4482534021
4482534022
4482534023
4482534024
4482534025
4482534026
4482534027
4482534028
4482534029
4482535000
4482535021
4482535022
4482535023
4482535024
4482535025
4482535026
4482535027
4482535028
4482535029
4482535030
4482535031
4482536000
4482536021
4482536022
4482536023
4482536024
4482536025
4483000000
4483003000
4483003001
4483003002
4483003003
4483003004
4483003005
4483003006
4483003007
4483003008
4483003009
4483003010
4483003011
4483003500
4483003501
4483003502
4483003503
4483003504
4483003505
4483003506
4483003507
4483003508
4483003509
4483003510
4483003511
4483003512
4483003513
4483003514
4483025000
4483025021
4483025022
4483025023
4483025024
4483025025
4483025026
4483025027
4483025028
4483025029
4483025030
4483025031
4483025300
4483025321
4483025322
4483025323
4483025324
4483025325
4483025326
4483025327
4483025328
4483025329
4483025330
4483025331
4483025332
4483025333
4483025334
4483025600
4483025621
4483025622
4483025623
4483025624
4483025625
4483025626
4483025627
4483025628
4483025629
4483025630
4483025631
4483025632
4483025633
4483025634
4483025635
4483025636
4483025637
4483025638
4483025639
4483025640
4483025641
4483025642
4483031000
4483031021
4483031022
4483031023
4483031024
4483031025
4483031026
4483031027
4483031028
4483031029
4483032000
4483032021
4483032022
4483032023
4483032024
4483032025
4483032026
4483032027
4483033000
4483033021
4483033022
4483033023
4483033024
4483033025
4483033026
4483033027
4483033028
4483033029
4483034000
4483034001
4483034021
4483034022
4483034023
4483034024
4483034025
4483034026
4483034027
4483034028
4483034029
4483034030
4483034031
4483034032
4483034033
4483034034
4483034035
4483034036
4483034037
4483035000
4483035021
4483035022
4483035023
4483035024
4483035025
4483035026
4483035027
4483035028
4483035029
4483035030
4483035031
4483036000
4483036021
4483036022
4483036023
4483036024
4483036025
4483036026
4483036027
4483036028
4483036029
4483036030
4483036031
4483037000
4483037021
4483037022
4483037023
4483037024
4483037025
4483037026
4483037027
4483037028
4483037029
4483037030
4483037031
4483037032
4483038000
4483038021
4483038022
4483038023
4483038024
4483038025
4483038026
4483038027
4483038028
4483038029
4483038030
4483038031
4483038032
4483038033
4483039000
4483039021
4483039022
4483039023
4483039024
4483039025
4483039026
4483039027
4483039028
4483039029
4483039030
4483039031
4483039032
4483039033
4483039034
4483039035
4483039036
4483039037
4483039038
4483039039
4483039040
4483039041
4483039042
4483040000
4483040021
4483040022
4483040023
4483040024
4483040025
4483040026
4483040027
4483040028
4483040029
4483040030
4483040031
4483040032
4483040033
4484000000
4484001000
4484001001
4484001002
4484001003
4484001004
4484001005
4484001006
4484001007
4484001008
4484001009
4484001010
4484001011
4484001012
4484001013
4484001014
4484001015
4484001016
4484001017
4484001018
4484001019
4484011000
4484011021
4484011022
4484011023
4484011024
4484011025
4484011026
4484011027
4484011028
4484011029
4484011030
4484011031
4484011032
4484011033
4484011034
4484031000
4484031021
4484031022
4484031023
4484031024
4484031025
4484031026
4484031027
4484031028
4484031029
4484031030
4484031031
4484031032
4484031033
4484032000
4484032001
4484032021
4484032022
4484032023
4484032024
4484032025
4484032026
4484032027
4484032028
4484032029
4484032030
4484032031
4484032032
4484033000
4484033001
4484033002
4484033003
4484033004
4484033021
4484033022
4484033023
4484033024
4484033025
4484033026
4484034000
4484034001
4484034021
4484034022
4484034023
4484034024
4484034025
4484034026
4484034027
4484034028
4484034029
4484034030
4484034031
4484034032
4484034033
4484034034
4484035000
4484035021
4484035022
4484035023
4484035024
4484035025
4484035026
4484035027
4484035028
4484035029
4484035030
4484035031
4484035032
4484035033
4484035034
4484035035
4484035036
4484036000
4484036021
4484036022
4484036023
4484036024
4484036025
4484036026
4484036027
4484036028
4484036029
4484036030
4484036031
4484036032
4484036033
4484036034
4484036035
4484037000
4484037021
4484037022
4484037023
4484037024
4484037025
4484037026
4484037027
4484037028
4484037029
4484037030
4484037031
4484037032
4484037033
4484038000
4484038021
4484038022
4484038023
4484038024
4484038025
4484038026
4484038027
4484038028
4484038029
4484038030
4484038031
4484038032
4484039000
4484039001
4484039021
4484039022
4484039023
4484039024
4484039025
4484039026
4484039027
4484039028
4484039029
4484039030
4484039031
4484039032
4484039033
4484039034
4484039035
4484040000
4484040021
4484040022
4484040023
4484040024
4484040025
4484040026
4484040027
4484040028
4484040029
4484040030
4484040031
4484040032
4484040033
4484040034
4484040035
4484040036
4484041000
4484041001
4484041002
4484041003
4484041021
4484041022
4484041023
4484041024
4484041025
4484041026
4484041027
4484041028
4484041029
4484041030
4484041031
4484041032
4485000000
4485003000
4485003001
4485003002
4485003003
4485003004
4485003005
4485003006
4485003007
4485003008
4485003009
4485003010
4485003011
4485003012
4485003013
4485003500
4485003501
4485003502
4485003503
4485003504
4485003505
4485003506
4485003507
4485003508
4485003509
4485003510
4485003511
4485003512
4485003513
4485003514
4485003515
4485003516
4485003517
4485011000
4485011021
4485011022
4485011023
4485011024
4485011025
4485011026
4485011027
4485011028
4485011029
4485011030
4485011031
4485011032
4485011033
4485011034
4485011035
4485011036
4485011037
4485011038
4485012000
4485012021
4485012022
4485012023
4485012024
4485012025
4485012026
4485012027
4485012028
4485012029
4485012030
4485012031
4485012032
4485012033
4485031000
4485031001
4485031021
4485031022
4485031023
4485031024
4485031025
4485031026
4485031027
4485031028
4485032000
4485032021
4485032022
4485032023
4485032024
4485032025
4485032026
4485032027
4485032028
4485032029
4485032030
4485032031
4485033000
4485033021
4485033022
4485033023
4485033024
4485033025
4485033026
4485033027
4485033028
4485033029
4485033030
4485033031
4485033032
4485033033
4485033034
4485033035
4485033036
4485033037
4485033038
4485034000
4485034021
4485034022
4485034023
4485034024
4485034025
4485034026
4485034027
4485034028
4485034029
4485034030
4485034031
4485034032
4485034033
4485035000
4485035021
4485035022
4485035023
4485035024
4485035025
4485035026
4485035027
4485035028
4485035029
4485036000
4485036001
4485036021
4485036022
4485036023
4485036024
4485036025
4485036026
4485037000
4485037001
4485037021
4485037022
4485037023
4485037024
4485037025
4485037026
4485037027
4485037028
4485037029
4485038000
4485038001
4485038021
4485038022
4485038023
4485038024
4485038025
4485038026
4485038027
4485038028
4485038029
4485038030
4485038031
4485039000
4485039021
4485039022
4485039023
4485039024
4485039025
4485039026
4485039027
4485039028
4485039029
4485039030
4485039031
4485039032
4485039033
4485039034
4485040000
4485040021
4485040022
4485040023
4485040024
4485040025
4485040026
4485040027
4485040028
4485040029
4485040030
4485040031
4485040032
4485040033
4485040034
4485040035
4485040036
4485040037
4485040038
4485040039
4485049100
4486000000
4486011000
4486011021
4486011022
4486011023
4486011024
4486011025
4486011026
4486011027
4486011028
4486011029
4486011030
4486011031
4486011032
4486011033
4486011034
4486011035
4486011036
4486011037
4486011038
4486012000
4486012021
4486012022
4486012023
4486012024
4486012025
4486012026
4486012027
4486012028
4486012029
4486012030
4486012031
4486012032
4486012033
4486031000
4486031021
4486031022
4486031023
4486031024
4486031025
4486031026
4486031027
4486031028
4486032000
4486032021
4486032022
4486032023
4486032024
4486032025
4486032026
4486032027
4486032028
4486032029
4486032030
4486032031
4486033000
4486033021
4486033022
4486033023
4486033024
4486033025
4486033026
4486033027
4486033028
4486033029
4486033030
4486033031
4486033032
4486033033
4486033034
4486033035
4486033036
4486033037
4486033038
4486034000
4486034021
4486034022
4486034023
4486034024
4486034025
4486034026
4486034027
4486034028
4486034029
4486034030
4486034031
4486034032
4486034033
4486035000
4486035021
4486035022
4486035023
4486035024
4486035025
4486035026
4486035027
4486035028
4486035029
4486036000
4486036021
4486036022
4486036023
4486036024
4486036025
4486036026
4486037000
4486037021
4486037022
4486037023
4486037024
4486037025
4486037026
4486037027
4486037028
4486037029
4486038000
4486038021
4486038022
4486038023
4486038024
4486038025
4486038026
4486038027
4486038028
4486038029
4486038030
4486038031
4486039000
4486039021
4486039022
4486039023
4486039024
4486039025
4486039026
4486039027
4486039028
4486039029
4486039030
4486039031
4486039032
4486039033
4486039034
4486040000
4486040021
4486040022
4486040023
4486040024
4486040025
4486040026
4486040027
4486040028
4486040029
4486040030
4486040031
4486040032
4486040033
4486040034
4486040035
4486040036
4486040037
4486040038
4486040039
4500000000
4505000000
4505001000
4505001001
4505001002
4505001003
4505001004
4505001005
4505001006
4505001007
4505001008
4505001009
4505003000
4505003001
4505003002
4505003003
4505003004
4505003005
4505003006
4505003007
4505003008
4505003009
4505003010
4505003011
4505003500
4505003501
4505003502
4505003503
4505003504
4505003505
4505003506
4505003507
4505003508
4505003509
4505003510
4505003511
4505003512
4505003513
4505004000
4505004001
4505004002
4505004003
4505004004
4505004005
4505004006
4505004007
4505004008
4505004009
4505004010
4505004011
4505004012
4505004500
4505004501
4505004502
4505004503
4505004504
4505004505
4505004506
4505004507
4505004508
4505004509
4505004510
4505005000
4505005001
4505005002
4505005003
4505005004
4505005005
4505005006
4505005007
4505005008
4505005009
4505005500
4505005501
4505005502
4505005503
4505005504
4505005505
4505005506
4505005507
4505005508
4505005509
4505005510
4505006000
4505006001
4505006002
4505006003
4505006004
4505006005
4505006006
4505006007
4505006008
4505006009
4505006010
4505006011
4505006012
4505006013
4505006500
4505006501
4505006502
4505006503
4505006504
4505006505
4505006506
4505006507
4505006508
4505006509
4505006510
4505007000
4505007001
4505007002
4505007003
4505007004
4505007005
4505007006
4505007007
4505007008
4511000000
4511000100
4511000200
4511000300
4511000400
4511000500
4511000600
4511000700
4511000800
4511000900
4511001000
4511001100
4511001200
4511001300
4511001400
4511001500
4511001600
4511001700
4511001800
4511001900
4511002000
4511002100
4511002200
4511002300
4511002400
4511002500
4511002600
4511002700
4511002800
4511002900
4511003000
4511003100
4511003200
4511003300
4511003400
4511003500
4511003600
4511003700
4511003800
4511003900
4511004000
4511004100
4511004200
4511004300
4511004400
4511004500
4511004600
4511004700
4511004800
4511004900
4511005000
4511005100
4511005200
4511005300
4511005400
4511010100
4511010200
4511010300
4511010400
4511010500
4511010600
4511010700
4511010800
4511010900
4511011000
4511011100
4511011200
4511011300
4511011400
4511011500
4511011600
4511011700
4511011800
4511011900
4511012000
4511012100
4511012200
4511012300
4511012400
4511012500
4511012600
4511012700
4511012800
4511012900
4511013000
4511013100
4511013200
4511013300
4511013400
4511013500
4511013600
4511013700
4511013800
4511013900
4511014000
4511014100
4511014200
4511014300
4511014400
4511014500
4511014600
4511014700
4511014800
4511014900
4511015000
4511015100
4511090100
4511090200
4511090300
4511090400
4511100000
4511100100
4511100200
4511100300
4511100400
4511100500
4511100600
4511100700
4511100800
4511100900
4511101000
4511101100
4511101200
4511101300
4511101400
4511101500
4511101600
4511101700
4511101800
4511101900
4511102000
4511102100
4511110100
4511110200
4511110300
4511110400
4511110500
4511110600
4511110700
4511110800
4511110900
4511111000
4511111100
4511111200
4511111300
4511111400
4511111500
4511111600
4511111700
4511111800
4511111900
4511112000
4511112100
4511112200
4511112300
4511112400
4511112500
4511112600
4511112700
4511112800
4511112900
4511113000
4511113100
4511113200
4511113300
4511113400
4511113500
4511113600
4511113700
4511113800
4511113900
4511114000
4511114100
4511114200
4511114300
4511114400
4511114500
4511114600
4511114700
4511138000
4511300000
4511310100
4511310200
4511310300
4511310400
4511310500
4511310600
4511310700
4511310800
4511310900
4511311000
4511311100
4511311200
4511311300
4511311400
4511311500
4511311600
4511311700
4511311800
4511311900
4511312000
4511312100
4511312200
4511312300
4511312400
4511312500
4511312600
4511312700
4511312800
4511312900
4511313000
4511313100
4511313200
4511313300
4511313400
4511313500
4511313600
4511313700
4511313800
4511313900
4511315000
4511317000
4511320000
4511321000
4511322000
4511323000
4511800000
4513000000
4513010100
4513010200
4513010300
4513010400
4513010500
4513010600
4513010700
4513010800
4513010900
4513011000
4513011100
4513011200
4513011300
4513011400
4513011500
4513011600
4513011700
4513011800
4513011900
4513012000
4513012100
4513012200
4513012300
4513012400
4513012500
4513012600
4513012700
4513012800
4513012900
4513013000
4513013100
4513013200
4513013300
4513013400
4513013500
4513013600
4513013700
4513013800
4513013900
4513014000
4513014100
4513014200
4513014300
4513014400
4513014500
4513014600
4513014700
4513014800
4513014900
4513015000
4513015100
4513015200
4513025000
4513025021
4513025022
4513025023
4513025024
4513025025
4513025026
4513025027
4513031000
4513031021
4513031022
4513031023
4513031024
4513031025
4513032000
4513032021
4513032022
4513032023
4513032024
4513032025
4513032026
4513032027
4513032028
4513033000
4513033021
4513033022
4513033023
4513033024
4513033025
4513033026
4513033027
4513034000
4513034021
4513034022
4513034023
4513034024
4513034025
4513034026
4513035000
4513035021
4513035022
4513035023
4513035024
4513035025
4513035026
4513035027
4513036000
4513036021
4513036022
4513036023
4513036024
4513036025
4513036026
4513037000
4513037021
4513037022
4513037023
4513037024
4513037025
4513037026
4513037027
4513037028
4513038000
4513038021
4513038022
4513038023
4513038024
4513038025
4513038026
4513039000
4513039021
4513039022
4513039023
4513039024
4513039025
4513039026
4513039027
4513039028
4513039029
4513039030
4513039031
4513039032
4513039033
4513039034
4513040000
4513040021
4513040022
4513090100
4513090200
4513090300
4513090400
4513090500
4514000000
4514010100
4514010200
4514010300
4514010400
4514010500
4514010600
4514010700
4514010800
4514010900
4514011000
4514011100
4514011200
4514011300
4514011400
4514011500
4514011600
4514011700
4514011800
4514011900
4514012000
4514012100
4514012200
4514012300
4514012400
4514012500
4514012600
4514012700
4514012800
4514012900
4514013000
4514013100
4514013200
4514013300
4514013400
4514013500
4514013600
4514025000
4514025021
4514025022
4514025023
4514025024
4514025025
4514025026
4514031000
4514031021
4514031022
4514031023
4514031024
4514031025
4514031026
4514031027
4514032000
4514032021
4514032022
4514032023
4514032024
4514032025
4514032026
4514032027
4514032028
4514033000
4514033021
4514033022
4514033023
4514033024
4514033025
4514033026
4514034000
4514034021
4514034022
4514034023
4514034024
4514034025
4514034026
4514034027
4514035000
4514035021
4514035022
4514035023
4514035024
4514035025
4514035026
4514035027
4514036000
4514036021
4514036022
4514036023
4514036024
4514036025
4514036026
4514036027
4514036028
4514036029
4514036030
4514036031
4514037000
4514037021
4514037022
4514037023
4514037024
4514037025
4514037026
4514037027
4514038000
4514038021
4514038022
4514038023
4514038024
4514038025
4514038026
4514039000
4514039021
4514039022
4514039023
4514039024
4514039025
4514039026
4514040000
4514040021
4514040022
4514040023
4514040024
4514040025
4514040026
4514040027
4514041000
4514041021
4514041022
4514041023
4514041024
4514041025
4514041026
4514041027
4514041028
4514041029
4514041030
4514041031
4514041032
4514041033
4514042000
4514042021
4514042022
4514042023
4514042024
4514042025
4514042026
4514042027
4514042028
4514042029
4514042030
4514042031
4514042032
4514043000
4514043021
4514043022
4514043023
4514043024
4514043025
4514043026
4514044000
4514044021
4514044022
4514044023
4514044024
4514044025
4514044026
4514500000
4515000000
4515000100
4515000200
4515000300
4515000400
4515000500
4515000600
4515000700
4515000800
4515000900
4515001000
4515010100
4515010200
4515010300
4515010400
4515010500
4515010600
4515010700
4515010800
4515010900
4515011000
4515011100
4515011200
4515011300
4515011400
4515011500
4515011600
4515011700
4515011800
4515011900
4515012000
4515012100
4515012200
4515012300
4515012400
4515012500
4515012600
4515012700
4515012800
4515012900
4515013000
4515013100
4515013200
4515090100
4515090200
4515090300
4517000000
4517010100
4517010200
4517010300
4517010400
4517010500
4517010600
4517010700
4517010800
4517010900
4517011000
4517011100
4517011200
4517011300
4517011400
4517011500
4517011600
4517011700
4517011800
4517011900
4517012000
4517012100
4517012200
4517012300
4517012400
4517012500
4517012600
4517012700
4517090100
4517090200
4517090300
4517090400
4518000000
4518010100
4518010200
4518010300
4518010400
4518010500
4518010600
4518010700
4518010800
4518010900
4518011000
4518011100
4518011200
4518011300
4518011400
4518011500
4518011600
4518011700
4518011800
4518011900
4518012000
4518012100
4518012200
4518012300
4518012400
4518012500
4518012600
4518012700
4518025000
4518025021
4518025022
4518025023
4518025024
4518025025
4518025026
4518025027
4518025028
4518025029
4518025030
4518025031
4518031000
4518031021
4518031022
4518031023
4518031024
4518031025
4518031026
4518031027
4518031028
4518031029
4518031030
4518032000
4518032021
4518032022
4518032023
4518032024
4518032025
4518032026
4518032027
4518032028
4518032029
4518032030
4518032031
4518033000
4518033021
4518033022
4518033023
4518033024
4518033025
4518033026
4518033027
4518033028
4518033029
4518033030
4518034000
4518034021
4518034022
4518034023
4518034024
4518034025
4518034026
4518034027
4518034028
4518034029
4518034030
4518034031
4518034032
4518034033
4518035000
4518035021
4518035022
4518035023
4518035024
4518035025
4518035026
4518035027
4518036000
4518036021
4518036022
4518036023
4518036024
4518036025
4518036026
4518037000
4518037021
4518037022
4518037023
4518037024
4518037025
4518037026
4518037027
4518037028
4518037029
4518037030
4518037031
4518038000
4518038021
4518038022
4518038023
4518038024
4518038025
4518038026
4518038027
4518038028
4518038030
4518038031
4518039000
4518039021
4518039022
4518039023
4518039024
4518039025
4518039026
4518039027
4518039028
4518039029
4518039030
4518039031
4518039032
4518039033
4518039034
4518040000
4518040021
4518040022
4518040023
4518040024
4518040025
4518040026
4518040027
4518040028
4518040029
4518040030
4518040031
4518041000
4518041021
4518041022
4518041023
4518041024
4518041025
4518041026
4518041027
4518042000
4518042021
4518042022
4518042023
4518042024
4518042025
4518042026
4518042027
4518043000
4518043021
4518043022
4518043023
4518043024
4518043025
4518043026
4518044000
4518044021
4518044022
4518044023
4518044024
4518044025
4518044026
4518044027
4518044028
4519000000
4519010100
4519010200
4519010300
4519010400
4519010500
4519010600
4519010700
4519010800
4519010900
4519011000
4519011100
4519011200
4519011300
4519011400
4519011500
4519011600
4519011700
4519011800
4519011900
4519012000
4519012100
4519012200
4519012300
4519025000
4519025021
4519025022
4519025023
4519025024
4519025025
4519025026
4519025027
4519025028
4519025029
4519025030
4519025031
4519025032
4519025033
4519025034
4519025035
4519025036
4519025037
4519031000
4519031021
4519031022
4519031023
4519031024
4519031025
4519031026
4519031027
4519031028
4519031029
4519031030
4519031031
4519032000
4519032021
4519032022
4519032023
4519032024
4519032025
4519032026
4519033000
4519033021
4519033022
4519033023
4519033024
4519033025
4519033026
4519033027
4519033028
4519033029
4519033030
4519033031
4519033032
4519033033
4519034000
4519034021
4519034022
4519034023
4519034024
4519034025
4519034026
4519034027
4519034028
4519034029
4519035000
4519035021
4519035022
4519035023
4519035024
4519035025
4519035026
4519035027
4519035028
4519035029
4519035030
4519035031
4519036000
4519036021
4519036022
4519036023
4519036024
4519036025
4519036026
4519036027
4519036028
4519036029
4519036030
4519036031
4519036032
4519036033
4519037000
4519037021
4519037022
4519037023
4519037024
4519037025
4519037026
4519037027
4519037028
4519038000
4519038021
4519038022
4519038023
4519038024
4519038025
4519038026
4519038027
4519038028
4519038029
4519039000
4519039021
4519039022
4519039023
4519039024
4519039025
4519039026
4519040000
4519040021
4519040022
4519040023
4519040024
4519040025
4519040026
4519040027
4519040028
4519040029
4519041000
4519041021
4519041022
4519041023
4519041024
4519041025
4519041026
4519041027
4519042000
4519042021
4519042022
4519042023
4519042024
4519042025
4519042026
4519042027
4519042028
4519042029
4519042030
4519043000
4519043021
4519043022
4519043023
4519043024
4519043025
4519043026
4519043027
4519043028
4519043029
4519043030
4519043031
4519043032
4519043033
4519043034
4519043035
4519043036
4519043037
4519044000
4519044021
4519044022
4519044023
4519044024
4519044025
4519044026
4519044027
4519044028
4519044029
4519045000
4519045021
4519045022
4519045023
4519045024
4519045025
4519045026
4519045027
4519045028
4519045029
4519045030
4519045031
4519046000
4519046021
4519046022
4519046023
4519046024
4519046025
4519046026
4519046027
4519046028
4519047000
4519047021
4519047022
4519047023
4519047024
4519047025
4519047026
4519047027
4519047028
4519047029
4521000000
4521010100
4521010200
4521010300
4521010400
4521010500
4521010600
4521010700
4521010800
4521010900
4521011000
4521011100
4521011200
4521011300
4521011400
4521011500
4521011600
4521011700
4521011800
4521011900
4521012000
4521012100
4521012200
4521012300
4521012400
4521012500
4521012600
4521012700
4521012800
4521012900
4521013000
4521025000
4521025021
4521025022
4521025023
4521025024
4521025025
4521025026
4521025027
4521032000
4521032021
4521032022
4521032023
4521032024
4521032025
4521032026
4521032027
4521032028
4521033000
4521033021
4521033025
4521033026
4521033027
4521033028
4521033029
4521033030
4521033031
4521034000
4521034021
4521034022
4521034023
4521034024
4521034025
4521034026
4521034027
4521034028
4521034029
4521034030
4521034031
4521034032
4521035000
4521035021
4521035022
4521035023
4521035024
4521035025
4521035026
4521035027
4521035028
4521035029
4521035030
4521036000
4521036021
4521036022
4521036023
4521036024
4521036025
4521036026
4521036027
4521037000
4521037021
4521037022
4521037023
4521037024
4521037025
4521037026
4521037027
4521038000
4521038021
4521038022
4521038023
4521038024
4521038025
4521038026
4521038027
4521039000
4521039021
4521039022
4521039023
4521039024
4521039025
4521040000
4521040021
4521040022
4521040023
4521040024
4521040025
4521040026
4521041000
4521041021
4521041022
4521041023
4521041024
4521041025
4521042000
4521042021
4521042022
4521042023
4521042024
4521042025
4521042026
4521042027
4521042028
4521042029
4521042030
4521042031
4521042032
4521042033
4521042034
4521043000
4521043021
4521043022
4521043023
4521043024
4521043029
4521043030
4521043031
4521043032
4521043033
4521043034
4521043035
4521044000
4521044021
4521044022
4521044023
4521044026
4521044027
4521044028
4521045000
4521045021
4521045022
4521045023
4521045024
4521045025
4521045026
4521045027
4521045028
4521045029
4521045030
4521045031
4521045032
4521045033
4521046000
4521046021
4521046022
4521046023
4521090100
4521090200
4521090300
4571000000
4571001000
4571001001
4571001002
4571001003
4571001004
4571001005
4571001006
4571001007
4571001008
4571001009
4571001010
4571003000
4571003001
4571003002
4571003003
4571003004
4571003005
4571003006
4571003007
4571003008
4571003009
4571003010
4571003011
4571003012
4571003013
4571003014
4571003015
4571003500
4571003501
4571003502
4571003503
4571003504
4571003505
4571003506
4571003507
4571003508
4571003509
4571003510
4571025000
4571025021
4571025022
4571025023
4571025024
4571025025
4571025026
4571025027
4571025028
4571025029
4571025030
4571025300
4571025301
4571025321
4571025322
4571025323
4571025324
4571025325
4571025326
4571025327
4571025328
4571025329
4571025330
4571025331
4571025332
4571025333
4571025334
4571025600
4571025621
4571025622
4571025623
4571025624
4571025625
4571025626
4571025627
4571031000
4571031021
4571031022
4571031023
4571031024
4571031025
4571031026
4571031027
4571031028
4571031029
4571032000
4571032001
4571032002
4571032021
4571032022
4571032023
4571032024
4571032025
4571033000
4571033001
4571033021
4571033022
4571033023
4571033024
4571033025
4571033026
4571033027
4571033028
4571033029
4571033030
4571033031
4571033032
4571034000
4571034021
4571034022
4571034023
4571034024
4571034025
4571034026
4571034027
4571034028
4571034029
4571035000
4571035021
4571035022
4571035023
4571035024
4571035025
4571035026
4571035027
4571035028
4571035029
4571035030
4571035031
4571035032
4571035033
4571036000
4571036021
4571036022
4571036023
4571036024
4571036025
4571036026
4571036027
4571036028
4571036029
4571036030
4571036031
4571037000
4571037021
4571037022
4571037023
4571037024
4571037025
4571037026
4571037027
4571038000
4571038021
4571038022
4571038023
4571038024
4571038025
4571038026
4571038027
4571038028
4571038029
4571039000
4571039021
4571039022
4571039023
4571039024
4571039025
4571039026
4571039027
4571039028
4571039029
4571039030
4571039031
4571040000
4571040021
4571040022
4571040023
4571040024
4571041000
4571041021
4571041022
4571041023
4572000000
4572003000
4572003001
4572003002
4572003003
4572003004
4572003005
4572003006
4572003007
4572003008
4572003009
4572003010
4572003011
4572003012
4572025000
4572025021
4572025022
4572025023
4572025024
4572025025
4572025026
4572025027
4572025028
4572025029
4572025030
4572025031
4572025032
4572025033
4572031000
4572031021
4572031022
4572031023
4572031024
4572031025
4572031026
4572032000
4572032021
4572032022
4572032023
4572032024
4572033000
4572033021
4572033022
4572033023
4572033024
4572033025
4572033026
4572034000
4572034001
4572034002
4572034021
4572034022
4572034023
4572034024
4572034025
4572034026
4572035000
4572035021
4572035022
4572035023
4572035024
4572035025
4572035026
4572035027
4572035028
4572035029
4572036000
4572036021
4572036022
4572036023
4572036024
4572036025
4572036026
4572036027
4572036028
4572037000
4572037001
4572037021
4572037022
4572037023
4572037024
4572037025
4572038000
4572038001
4572038021
4572038022
4572038023
4572038024
4572038025
4572038026
4572038027
4572038028
4572038029
4572039000
4572039001
4572039002
4572039021
4572039022
4572039023
4572039024
4572039025
4572040000
4572040021
4572040022
4572040023
4572040024
4572040025
4572040026
4573000000
4573003000
4573003001
4573003002
4573003003
4573003004
4573003005
4573003006
4573003007
4573003008
4573025000
4573025021
4573025022
4573025023
4573025024
4573025025
4573025026
4573025027
4573025028
4573031000
4573031021
4573031022
4573031023
4573031024
4573031025
4573031026
4573031027
4573031028
4573032000
4573032021
4573032022
4573032023
4573032024
4573032025
4573032026
4573032027
4573032028
4573032029
4573032030
4573033000
4573033021
4573033022
4573033023
4573033024
4573033025
4573033026
4573033027
4573033028
4573034000
4573034021
4573034022
4573034023
4573034024
4573034025
4573034026
4573034027
4573034028
4573035000
4573035021
4573035022
4573035023
4573035024
4573035025
4573035026
4574000000
4574003000
4574003001
4574003002
4574003003
4574003004
4574003005
4574003006
4574003007
4574003008
4574003009
4574003010
4574003011
4574003012
4574003013
4574025000
4574025021
4574025022
4574025023
4574025024
4574025025
4574025026
4574025027
4574025028
4574025029
4574025030
4574025031
4574025032
4574025033
4574031000
4574031021
4574031022
4574031023
4574031024
4574031025
4574031026
4574031027
4574031028
4574031029
4574031030
4574031031
4574031032
4574031033
4574031034
4574032000
4574032021
4574032022
4574032023
4574032024
4574032025
4574032026
4574032027
4574032028
4574032029
4574032030
4574032031
4574033000
4574033021
4574033022
4574033023
4574033024
4574033025
4574033026
4574033027
4574033028
4574033029
4574033030
4574033500
4574033521
4574033522
4574033523
4574033524
4574033525
4574033526
4574033527
4574033528
4574033529
4574033530
4574034000
4574034021
4574034022
4574034023
4574034024
4574034025
4574034026
4574034027
4574034028
4574034029
4574034030
4574034031
4574035000
4574035021
4574035022
4574035023
4574035024
4574035025
4574035026
4574035027
4574035028
4574036000
4574036021
4574036022
4574036023
4574036024
4574036025
4574036026
4574036027
4575000000
4575003000
4575003001
4575003002
4575003003
4575003004
4575003005
4575003006
4575003007
4575003008
4575003009
4575003010
4575003011
4575003012
4575003013
4575025000
4575025021
4575025022
4575025023
4575025024
4575025025
4575025026
4575025027
4575025028
4575025029
4575025030
4575025031
4575025032
4575025033
4575025034
4575025035
4575025036
4575031000
4575031021
4575031022
4575031023
4575031024
4575031025
4575031026
4575031027
4575031028
4575032000
4575032021
4575032022
4575032023
4575032024
4575032025
4575032026
4575032027
4575032028
4575032029
4575032030
4575032031
4575032032
4575032033
4575032034
4575033000
4575033001
4575033021
4575033022
4575033023
4575033024
4575033025
4575033026
4575033027
4575034000
4575034021
4575034022
4575034023
4575034024
4575034025
4575034026
4575034027
4575034028
4575034029
4575034030
4575034031
4575035000
4575035021
4575035022
4575035023
4575035024
4575035025
4575035026
4575035027
4575035028
4575035029
4575035030
4575035031
4575035032
4575035033
4575035034
4575035500
4575035521
4575035522
4575035523
4575035524
4575035525
4575035526
4575035527
4575035528
4575035529
4575035530
4575035531
4575035532
4575035533
4575035534
4575036000
4575036021
4575036022
4575036023
4575036024
4575036025
4575036026
4575036027
4575036028
4575036029
4575037000
4575037021
4575037022
4575037023
4575037024
4575037025
4575037026
4575037027
4575037028
4575037029
4575037030
4575037031
4575037032
4575037033
4575037034
4575037035
4575037036
4575038000
4575038021
4575038022
4575038023
4575038024
4575038025
4575038026
4575038027
4575038028
4575038029
4575038030
4575038031
4575038032
4575038033
4575038034
4575039000
4575039021
4575039022
4575039023
4575039024
4575039025
4575039026
4575039027
4575039028
4575039029
4575039030
4575040000
4575040021
4575040022
4575040023
4575040024
4575040025
4575040026
4575040027
4575040028
4575041000
4575041021
4575041022
4575041023
4575041024
4575041025
4575041026
4575041027
4576000000
4576001000
4576001001
4576001002
4576001003
4576001004
4576001005
4576001006
4576001007
4576001008
4576001009
4576001010
4576001011
4576001012
4576001013
4576001014
4576001015
4576001016
4576001017
4576001018
4576001019
4576001020
4576001021
4576001022
4576031000
4576031001
4576031002
4576031021
4576031022
4576031023
4576031024
4576031025
4576031026
4576031027
4576031028
4576031029
4576031030
4576031031
4576032000
4576032021
4576032022
4576032023
4576032024
4576032025
4576032026
4576033000
4576033021
4576033022
4576033023
4576033024
4576033025
4576033026
4576033027
4576033028
4576033029
4576033030
4576033031
4576033032
4576033033
4576034000
4576034021
4576034022
4576034023
4576034024
4576034025
4576034026
4576034027
4576034028
4576034029
4576035000
4576035021
4576035022
4576035023
4576035024
4576035025
4576035026
4576035027
4576035028
4576035029
4576035030
4576035031
4576036000
4576036021
4576036022
4576036023
4576036024
4576036025
4576036026
4576036027
4576036028
4576036029
4576036030
4576036031
4576036032
4576036033
4576037000
4576037021
4576037022
4576037023
4576037024
4576037025
4576037026
4576037027
4576037028
4576038000
4576038021
4576038022
4576038023
4576038024
4576038025
4576038026
4576038027
4576038028
4576038029
4576039000
4576039001
4576039021
4576039022
4576039023
4576039024
4576039025
4576039026
4576040000
4576040021
4576040022
4576040023
4576040024
4576040025
4576040026
4576040027
4576040028
4576040029
4576041000
4576041021
4576041022
4576041023
4576041024
4576041025
4576041026
4576041027
4576042000
4576042021
4576042022
4576042023
4576042024
4576042025
4576042026
4576042027
4576042028
4576042029
4576042030
4576043000
4576043021
4576043022
4576043023
4576043024
4576043025
4576043026
4576043027
4576043028
4576043029
4576043030
4576043031
4576043032
4576043033
4576043034
4576043035
4576043036
4576043037
4576044000
4576044001
4576044021
4576044022
4576044023
4576044024
4576044025
4576044026
4576044027
4576044028
4576044029
4576045000
4576045021
4576045022
4576045023
4576045024
4576045025
4576045026
4576045027
4576045028
4576045029
4576045030
4576045031
4576046000
4576046021
4576046022
4576046023
4576046024
4576046025
4576046026
4576046027
4576046028
4577000000
4577003000
4577003001
4577003002
4577003003
4577003004
4577003005
4577003006
4577003007
4577003008
4577025000
4577025021
4577025022
4577025023
4577025024
4577025025
4577025026
4577025027
4577025028
4577031000
4577031021
4577031022
4577031023
4577031024
4577031025
4577031026
4577031027
4577031028
4577031029
4577031030
4577031031
4577032000
4577032021
4577032022
4577032023
4577032024
4577032025
4577032026
4577032027
4577032028
4577032029
4577032030
4577032031
4577032032
4577032033
4577033000
4577033021
4577033022
4577033023
4577033024
4577033025
4577033026
4577033027
4577033028
4577033029
4577033030
4577033031
4577033032
4577034000
4577034021
4577034022
4577034023
4577034024
4577034025
4577034026
4577034027
4577034028
4577034029
4577034030
4577034031
4577034032
4577034033
4577034034
4577034035
4577035000
4577035021
4577035022
4577035023
4577035024
4577035025
4577035026
4577035027
4577035028
4577035029
4577035030
4577036000
4577036021
4577036022
4577036023
4577036024
4577036025
4577036026
4577036027
4577036028
4577036029
4577036030
4577036031
4577036032
4577036033
4577036034
4577036035
4577036036
4577036037
4577036038
4577036039
4577036040
4577037000
4577037021
4577037022
4577037023
4577037024
4577037025
4577037026
4577037027
4577037028
4577037029
4577037030
4577037031
4577037032
4577037033
4577037034
4577037035
4577037036
4577037037
4577038000
4577038021
4577038022
4577038023
4577038024
4577038025
4577038026
4577038027
4577038028
4577039000
4577039021
4577039022
4577039023
4577039024
4577039025
4577039026
4577040000
4577040021
4577040022
4577040023
4577040024
4577040025
4577040026
4577040027
4577040028
4577040029
4577040030
4577040031
4577040032
4577040033
4577040034
4578000000
4578001000
4578001001
4578001002
4578001003
4578001004
4578001005
4578001006
4578001007
4578001008
4578001009
4578001010
4578001011
4578001012
4578001013
4578001014
4578001015
4578001016
4578001017
4578001018
4578001019
4578001020
4578001021
4578001022
4578001023
4578001024
4578001025
4578001026
4578003000
4578003001
4578003002
4578003003
4578003004
4578003005
4578003006
4578003007
4578003008
4578011000
4578011021
4578011022
4578011023
4578011024
4578011025
4578011026
4578011027
4578011028
4578011029
4578011030
4578011031
4578031000
4578031001
4578031002
4578031003
4578031021
4578031022
4578031023
4578031024
4578031025
4578031026
4578031027
4578031028
4578031029
4578031030
4578032000
4578032021
4578032022
4578032023
4578032024
4578032025
4578032026
4578032027
4578032028
4578032029
4578032030
4578032031
4578033000
4578033001
4578033002
4578033003
4578033004
4578033005
4578033021
4578033022
4578033023
4578033024
4578033025
4578033026
4578033027
4578033028
4578033029
4578033030
4578034000
4578034021
4578034022
4578034023
4578034024
4578034025
4578034026
4578034027
4578034028
4578034029
4578034030
4578034031
4578034032
4578034033
4578035000
4578035021
4578035022
4578035023
4578035024
4578035025
4578035026
4578035027
4578036000
4578036001
4578036021
4578036022
4578036023
4578036024
4578036025
4578036026
4578037000
4578037001
4578037021
4578037022
4578037023
4578037024
4578037025
4578037026
4578037027
4578037028
4578037029
4578037030
4578037031
4578038000
4578038001
4578038021
4578038022
4578038023
4578038024
4578038025
4578038026
4578038027
4578038028
4578038029
4578038030
4578038031
4578039000
4578039001
4578039021
4578039022
4578039023
4578039024
4578039025
4578039026
4578039027
4578039028
4578039029
4578039030
4578039031
4578039032
4578039033
4578039034
4578040000
4578040001
4578040021
4578040022
4578040023
4578040024
4578040025
4578040026
4578040027
4578040028
4578040029
4578040030
4578040031
4578041000
4578041021
4578041022
4578041023
4578041024
4578041025
4578041026
4578041027
4578042000
4578042021
4578042022
4578042023
4578042024
4578042025
4578042026
4578042027
4578043000
4578043001
4578043002
4578043021
4578043022
4578043023
4578043024
4578043025
4578043026
4578044000
4578044021
4578044022
4578044023
4578044024
4578044025
4578044026
4578044027
4578044028
4579000000
4579025000
4579025021
4579025022
4579025023
4579025024
4579025025
4579025026
4579025027
4579025028
4579025029
4579025030
4579025031
4579025032
4579025033
4579025034
4579025035
4579025036
4579025037
4579025038
4579031000
4579031021
4579031022
4579031023
4579031024
4579031025
4579031026
4579031027
4579031028
4579031029
4579031030
4579031031
4579031032
4579031033
4579031034
4579032000
4579032021
4579032022
4579032023
4579032024
4579032025
4579032026
4579032027
4579032028
4579032029
4579032030
4579032031
4579032032
4579032033
4579032034
4579032035
4579032036
4579033000
4579033021
4579033022
4579033023
4579033024
4579033025
4579033026
4579033027
4579033028
4579033029
4579033030
4579033031
4579033032
4579033033
4579033034
4579033035
4579033036
4579034000
4579034021
4579034022
4579034023
4579034024
4579034025
4579034026
4579034027
4579034028
4579034029
4579034030
4579034031
4579034032
4579035000
4579035021
4579035022
4579035023
4579035024
4579035025
4579035026
4579035027
4579035028
4579035029
4579036000
4579036021
4579036022
4579036023
4579036024
4579036025
4579036026
4579036027
4579036028
4579036029
4579036030
4579036031
4579036032
4579037000
4579037001
4579037021
4579037022
4579037023
4579037024
4579037025
4579037026
4579037027
4579037028
4579037029
4579037030
4579037031
4579038000
4579038021
4579038022
4579038023
4579038024
4579038025
4579038026
4579038027
4579038028
4579038029
4579038030
4579038031
4579038032
4579038033
4579038034
4579038035
4579039000
4579039021
4579039022
4579039023
4579039024
4579039025
4579039026
4579039027
4579039028
4579039029
4579039030
4579040000
4579040021
4579040022
4579040023
4579040024
4579040025
4579040026
4579040027
4579040028
4579040029
4579040030
4579040031
4579040032
4579040033
4579040034
4579040035
4579040036
4579041000
4579041021
4579041022
4579041023
4579041024
4579041025
4579041026
4579041027
4579041028
4579041029
4579041030
4579041031
4579041032
4579041033
4579042000
4579042001
4579042002
4579042021
4579042022
4579042023
4579042024
4579042025
4579042026
4579042027
4579042028
4579042029
4579042030
4579042031
4579042032
4579042033
4579043000
4579043021
4579043022
4579043023
4579043024
4579043025
4579043026
4579043027
4579043028
4579043029
4579043030
4579043031
4579043032
4579043033
4579043034
4580000000
4580003000
4580003001
4580003002
4580003003
4580003004
4580003005
4580003006
4580003007
4580003008
4580003009
4580003010
4580025000
4580025021
4580025022
4580025023
4580025024
4580025025
4580025026
4580025027
4580025028
4580025029
4580025030
4580025031
4580025032
4580031000
4580031021
4580031022
4580031023
4580031024
4580031025
4580031026
4580031027
4580031028
4580032000
4580032001
4580032002
4580032021
4580032022
4580032023
4580032024
4580032025
4580032026
4580032027
4580032028
4580032029
4580033000
4580033001
4580033002
4580033021
4580033022
4580033023
4580033024
4580033025
4580034000
4580034021
4580034022
4580034023
4580034024
4580034025
4580035000
4580035021
4580035022
4580035023
4580035024
4580035025
4580035026
4580035027
4580035028
4580035029
4580035030
4580036000
4580036021
4580036022
4580036023
4580036024
4580036025
4580036026
4580036027
4580037000
4580037021
4580037022
4580037023
4580037024
4580038000
4580038021
4580038022
4580038023
4580038024
4580038025
4580038026
4580038027
4580038028
4580038029
4580038030
4580038031
4580038032
4580039000
4580039021
4580039022
4580039023
4580039024
4580039025
4580039026
4580039027
4580040000
4580040001
4580040021
4580040022
4580040023
4580040024
4580040025
4580041000
4580041021
4580041022
4580041023
4580041024
4580041025
4580041026
4580041027
4580042000
4580042021
4580042022
4580042023
4580042024
4580042025
4580042026
4580042027
4580042028
4581000000
4581011000
4581011021
4581011022
4581011023
4581011024
4581011025
4581011026
4581011027
4581011028
4581011029
4581011030
4581011031
4581031000
4581031021
4581031022
4581031023
4581031024
4581031025
4581031026
4581031027
4581031028
4581031029
4581032000
4581032021
4581032022
4581032023
4581032024
4581032025
4581032026
4581032027
4581032028
4581033000
4581033021
4581033022
4581033023
4581033024
4581033025
4581033026
4581033027
4581033028
4581033029
4581033030
4581033031
4581034000
4581034021
4581034022
4581034023
4581034024
4581034025
4581034026
4581034027
4581034028
4581034029
4581034030
4581034031
4581034032
4581034033
4581034034
4581035000
4581035021
4581035022
4581035023
4581035024
4581035025
4581035026
4581035027
4581035028
4581035029
4581035030
4581035031
4581035032
4581035033
4581036000
4581036021
4581036022
4581036023
4581036024
4581036025
4581036026
4581036027
4581037000
4581037021
4581037022
4581037023
4581037024
4581037025
4581037026
4581037027
4581038000
4581038021
4581038022
4581038023
4581038024
4581038025
4581038026
4581038027
4581039000
4581039021
4581039022
4581039023
4581039024
4581039025
4581040000
4581040021
4581040022
4581040023
4581040024
4581040025
4581040026
4581041000
4581041021
4581041022
4581041023
4581041024
4581041025
4581042000
4581042021
4581042022
4581042023
4581042024
4581042025
4581042026
4581042027
4581042028
4581042029
4581042030
4581042031
4581042032
4581042033
4581043000
4581043021
4581043022
4581043023
4581043024
4581043025
4581043026
4581043027
4581043028
4581043029
4581043030
4581043031
4581043032
4581043033
4581043034
4581043035
4581044000
4581044021
4581044022
4581044023
4581044024
4581044025
4581044026
4581044027
4581044028
4581044029
4581045000
4581045021
4581045022
4581045023
4581045024
4581045025
4581045026
4581045027
4581045028
4581045029
4581045030
4581045031
4581045032
4581045033
4581046000
4581046021
4581046022
4581046023
4582000000
4582003000
4582003001
4582003002
4582003003
4582003004
4582003005
4582003006
4582003007
4582003008
4582003009
4582003010
4582003011
4582003012
4582003013
4582003014
4582003015
4582003016
4582003017
4582003018
4582003019
4582003020
4582003021
4582003500
4582003501
4582003502
4582003503
4582003504
4582003505
4582003506
4582003507
4582003508
4582003509
4582011000
4582011001
4582011002
4582011003
4582011004
4582011005
4582011006
4582011007
4582011008
4582011009
4582011010
4582011021
4582011022
4582011023
4582011024
4582012000
4582012021
4582012022
4582012023
4582012024
4582012025
4582012026
4582012027
4582012028
4582012029
4582031000
4582031001
4582031002
4582031021
4582031022
4582031023
4582031024
4582031025
4582032000
4582032021
4582032022
4582032023
4582032024
4582032025
4582032026
4582032027
4582032028
4582033000
4582033021
4582033022
4582033023
4582033024
4582033025
4582033026
4582033027
4582034000
4582034001
4582034021
4582034022
4582034023
4582034024
4582034025
4582034026
4582035000
4582035021
4582035022
4582035023
4582035024
4582035025
4582035026
4582035027
4582036000
4582036001
4582036021
4582036022
4582036023
4582036024
4582036025
4582036026
4582037000
4582037001
4582037021
4582037022
4582037023
4582037024
4582037025
4582037026
4582037027
4582037028
4582038000
4582038021
4582038022
4582038023
4582038024
4582038025
4582038026
4582039000
4582039001
4582039002
4582039003
4582039021
4582039022
4582039023
4582039024
4582039025
4582039026
4582039027
4582039028
4582039029
4582039030
4582039031
4582039032
4582039033
4582040000
4582040021
4582040022
4583000000
4583003000
4583003001
4583003002
4583003003
4583003004
4583003005
4583003006
4583003500
4583003501
4583003502
4583003503
4583003504
4583003505
4583003506
4583003507
4583003508
4583003509
4583003510
4583004000
4583004001
4583004002
4583004003
4583004004
4583004005
4583004006
4583004007
4583004008
4583004500
4583004501
4583004502
4583004503
4583004504
4583004505
4583004506
4583011000
4583011021
4583011022
4583011023
4583011024
4583011025
4583011026
4583031000
4583031021
4583031022
4583031023
4583031024
4583031025
4583031026
4583031027
4583032000
4583032021
4583032022
4583032023
4583032024
4583032025
4583032026
4583032027
4583032028
4583033000
4583033021
4583033022
4583033023
4583033024
4583033025
4583033026
4583034000
4583034021
4583034022
4583034023
4583034024
4583034025
4583034026
4583034027
4583035000
4583035021
4583035022
4583035023
4583035024
4583035025
4583035026
4583035027
4583036000
4583036001
4583036002
4583036003
4583036004
4583036005
4583036006
4583036021
4583036022
4583036023
4583036024
4583036025
4583036026
4583036027
4583036028
4583036029
4583036030
4583036031
4583037000
4583037021
4583037022
4583037023
4583037024
4583037025
4583037026
4583037027
4583038000
4583038021
4583038022
4583038023
4583038024
4583038025
4583038026
4583039000
4583039021
4583039022
4583039023
4583039024
4583039025
4583039026
4583040000
4583040021
4583040022
4583040023
4583040024
4583040025
4583040026
4583040027
4583041000
4583041021
4583041022
4583041023
4583041024
4583041025
4583041026
4583041027
4583041028
4583041029
4583041030
4583041031
4583041032
4583041033
4583042000
4583042001
4583042021
4583042022
4583042023
4583042024
4583042025
4583042026
4583042027
4583042028
4583042029
4583042030
4583042031
4583043000
4583043021
4583043022
4583043023
4583043024
4583043025
4583043026
4583044000
4583044021
4583044022
4583044023
4583044024
4583044025
4583044026
4600000000
4601000000
4601000100
4601000200
4601000300
4601000400
4601000500
4601000600
4601000700
4601000800
4601000900
4601001000
4601001100
4601001200
4601001300
4601001400
4601001500
4601001600
4601001700
4601001800
4601001900
4601002000
4601002100
4601002200
4601002300
4601002400
4601002500
4601002600
4601002700
4601002800
4601002900
4601003000
4601003100
4601003200
4601003300
4601003400
4601003500
4601003600
4601003700
4601003800
4601003900
4601004000
4601004100
4601004200
4601004300
4601004400
4601004500
4601004600
4601004700
4601004800
4601004900
4601005000
4601005100
4601005200
4601005300
4601005400
4601005500
4601005600
4601005700
4601005800
4601005900
4601006000
4601006100
4601006200
4601006300
4601006400
4601006500
4601006600
4601006700
4601006800
4601006900
4601007000
4601007100
4601007200
4601007300
4601007400
4601007500
4601007600
4601007700
4601007800
4601007900
4601008000
4601008100
4601008200
4601008300
4601008400
4601008500
4601008600
4601008700
4601008800
4601008900
4601009000
4601009100
4601009200
4601009300
4601009400
4601009500
4601009600
4601009700
4601009800
4601009900
4601010000
4601010100
4601010200
4601010300
4601010400
4601010500
4601010600
4601010700
4601010800
4601010900
4601011000
4601011100
4601011200
4601011300
4601011400
4601011500
4601011600
4601011700
4601011800
4601011900
4601012000
4601012100
4601012200
4601012300
4601012400
4601100000
4601100100
4601100200
4601100300
4601100400
4601100500
4601100600
4601100700
4601100800
4601100900
4601101000
4601101100
4601101200
4601101300
4601101400
4601101500
4601101600
4601101700
4601101800
4601101900
4601102000
4601102100
4601102200
4601102300
4601102400
4601102500
4601102600
4601102700
4601102800
4601102900
4601103000
4601103100
4601103200
4601103300
4601103400
4601103500
4601103600
4601103700
4601103800
4601103900
4601104000
4601104100
4601104200
4601104300
4601104400
4601104500
4601104600
4601104700
4601104800
4601104900
4601105000
4601105100
4601105200
4601105300
4601200000
4601200100
4601200200
4601200300
4601200400
4601200500
4601200600
4601200700
4601200800
4601200900
4601201000
4601201100
4601201200
4601201300
4601201400
4601201500
4601201600
4601201700
4601201800
4601201900
4601202000
4601202100
4601202200
4601202300
4601202400
4601202500
4601202600
4601202700
4601202800
4601202900
4601203000
4601203100
4601203200
4601203300
4601203400
4601203500
4601203600
4601203700
4601203800
4601203900
4601204000
4601204100
4601204200
4601204300
4601204400
4601204500
4601204600
4601204700
4601204800
4601300000
4601300100
4601300200
4601300300
4601300400
4601300500
4601300600
4601300700
4601300800
4601300900
4601301000
4601301100
4601301200
4601301300
4601301400
4601301500
4601301600
4601301700
4601301800
4601301900
4601302000
4601302100
4601302200
4601302300
4601302400
4601302500
4601302600
4601302700
4601302800
4601302900
4601303000
4601303100
4601303200
4601303300
4601303400
4601303500
4601303600
4601303700
4601303800
4601303900
4601304000
4601304100
4602000000
4602000100
4602000200
4602000300
4602000400
4602000500
4602000600
4602000700
4602000800
4602000900
4602001000
4602001100
4602001200
4602001300
4602001400
4602001500
4602001600
4602001700
4602001800
4602001900
4602002000
4602002100
4602002200
4602002300
4602002400
4602002500
4602002600
4602002700
4602002800
4602002900
4602003000
4602003100
4602003200
4602003300
4603000000
4603000100
4603000200
4603000300
4603000400
4603000500
4603000600
4603000700
4603000800
4603000900
4603001000
4603001100
4605000000
4605001000
4605001001
4605001002
4605001003
4605001004
4605001005
4605001006
4605001007
4605001008
4605001009
4605001010
4605001011
4605003000
4605003001
4605003002
4605003003
4605003004
4605003005
4605003006
4605003007
4605003008
4605003009
4605003500
4605003501
4605003502
4605003503
4605003504
4605003505
4605003506
4605003507
4605003508
4605003509
4605003510
4605003511
4605004000
4605004001
4605004002
4605004003
4605004004
4605004005
4605004006
4605004007
4605004008
4605004009
4605004010
4605004500
4605004501
4605004502
4605004503
4605004504
4605004505
4605004506
4605004507
4605004508
4605005000
4605005001
4605005002
4605005003
4605005004
4605005005
4605005006
4605005007
4605005008
4605005009
4605005010
4605005011
4605005500
4605005501
4605005502
4605005503
4605005504
4605005505
4605005506
4605005507
4605005508
4605005509
4605005510
4605005511
4605006000
4605006001
4605006002
4605006003
4605006004
4605006005
4605006006
4605006007
4605006008
4605006009
4605006010
4605006011
4605006012
4605006500
4605006501
4605006502
4605006503
4605006504
4605006505
4605006506
4605006507
4605006508
4605006509
4605006510
4605006511
4605006512
4605006513
4605006514
4605006515
4605007000
4605007001
4605007002
4605007003
4605007004
4605007005
4605007006
4605007007
4605007008
4611000000
4611000100
4611000200
4611000300
4611000400
4611000500
4611000600
4611000700
4611000800
4611000900
4611001000
4611001100
4611001200
4611001300
4611001400
4611001500
4611010100
4611010200
4611010300
4611010400
4611010500
4611010600
4611010700
4611010800
4611010900
4611011000
4611011100
4611011200
4611011300
4611011400
4611011500
4611011600
4611011700
4611011800
4611011900
4611012000
4611012100
4611012200
4611012300
4611012400
4611012500
4611012600
4611012700
4611012800
4611012900
4611013000
4611013100
4611013200
4611013300
4611013400
4611013500
4611013600
4611013700
4611013800
4611013900
4611014000
4611014100
4611014200
4611014300
4611014400
4611014500
4611014600
4611014700
4611014800
4611014900
4611015000
4611015100
4611015200
4611015300
4611015400
4611015500
4611015600
4611015700
4611015800
4611015900
4611016000
4611016100
4611016200
4611016300
4611016400
4611090100
4611090200
4611090300
4611090400
4611090500
4611090600
4611090700
4611090800
4611090900
4611091000
4611091100
4611091200
4611091300
4611091400
4611091500
4611091600
4613000000
4613000100
4613010100
4613010200
4613010300
4613010400
4613010500
4613010600
4613010700
4613010800
4613010900
4613011000
4613011100
4613011200
4613011300
4613011400
4613011500
4613011600
4613011700
4613011800
4613011900
4613012000
4613012100
4613012200
4613012300
4613012400
4613012500
4613012600
4613012700
4613012800
4613012900
4613013000
4613013100
4613013200
4613013300
4613013400
4613013500
4613013600
4613013700
4613013800
4613013900
4613014000
4613014100
4613014200
4613014300
4613014400
4613014500
4613014600
4613014700
4613014800
4613014900
4613015000
4613015100
4613025000
4613025021
4613025022
4613025023
4613025024
4613025025
4613025026
4613025027
4613025028
4613025029
4613025030
4613031000
4613031021
4613031022
4613031023
4613031024
4613031025
4613031026
4613031027
4613031028
4613032000
4613032021
4613032022
4613032023
4613032024
4613032025
4613032026
4613032027
4613032028
4613032029
4613032030
4613033000
4613033021
4613033022
4613033023
4613033024
4613033025
4613033026
4613033027
4613033028
4613033029
4613033030
4613034000
4613034021
4613034022
4613034023
4613034024
4613034025
4613034026
4613034027
4613034028
4613034029
4613035000
4613035021
4613035022
4613035023
4613035024
4613035025
4613035026
4613035027
4613035028
4613035029
4613035030
4613036000
4613036021
4613036022
4613036023
4613036024
4613036025
4613036026
4615000000
4615010100
4615010200
4615010300
4615010400
4615010500
4615010600
4615010700
4615010800
4615010900
4615011000
4615011100
4615011200
4615011300
4615011400
4615011500
4615011600
4615011700
4615011800
4615011900
4615012000
4615012100
4615012200
4615012300
4615012400
4615012500
4615012600
4615012700
4615012800
4615012900
4615013000
4615013100
4615013200
4615013300
4615025000
4615025021
4615025022
4615025023
4615025024
4615025025
4615025026
4615025027
4615025028
4615025029
4615025030
4615025031
4615025032
4615025033
4615025034
4615031000
4615031021
4615031022
4615031023
4615031024
4615031025
4615031026
4615031027
4615031028
4615031029
4615031030
4615031031
4615031032
4615031033
4615031034
4615031035
4615031036
4615031037
4615031038
4615032000
4615032021
4615032022
4615032023
4615032024
4615032025
4615032026
4615032027
4615032028
4615032029
4615032030
4615032031
4615032032
4615032033
4615032034
4615033000
4615033021
4615033022
4615033023
4615033024
4615033025
4615033026
4615033027
4615033028
4615033029
4615033030
4615033031
4615033032
4615033033
4615033034
4615033035
4615033036
4615034000
4615034021
4615034022
4615034023
4615034024
4615034025
4615034026
4615034027
4615034028
4615034029
4615034030
4615035000
4615035021
4615035022
4615035023
4615035024
4615035025
4615035026
4615035027
4615035028
4615035029
4615035030
4615035031
4615035032
4615035033
4615035034
4615035035
4615035036
4615035037
4615035038
4615035039
4615035040
4615035041
4615036000
4615036021
4615036022
4615036023
4615036024
4615036025
4615036026
4615036027
4615036028
4615036029
4615036030
4615036031
4615036032
4615036033
4615036034
4615036035
4615037000
4615037021
4615037022
4615037023
4615037024
4615037025
4615037026
4615037027
4615037028
4615038000
4615038021
4615038022
4615038023
4615038024
4615038025
4615038026
4615038027
4615038028
4615038029
4615038030
4615038031
4615038032
4615038033
4615038034
4615038035
4615038036
4615038037
4615038038
4615038039
4615039000
4615039021
4615039022
4615039023
4615039024
4615039025
4615039026
4615039027
4615039028
4615039029
4615039030
4615039031
4615039032
4615039033
4615039034
4615039035
4615039036
4615039037
4615039038
4615040000
4615040021
4615040022
4615040023
4615040024
4615040025
4615040026
4615040027
4615040028
4615040029
4615040030
4615040031
4615090100
4615090200
4615090300
4615090400
4615090500
4615090600
4615090700
4615090800
4615090900
4615091000
4617000000
4617010100
4617010200
4617010300
4617010400
4617010500
4617010600
4617010700
4617010800
4617010900
4617011000
4617011100
4617011200
4617011300
4617011400
4617011500
4617011600
4617011700
4617011800
4617011900
4617012000
4617012100
4617012200
4617012300
4617012400
4617012500
4617012600
4617012700
4617012800
4617012900
4617013000
4617013100
4617013200
4617013300
4617013400
4617025000
4617025021
4617025022
4617025023
4617025024
4617025025
4617025026
4617025027
4617025028
4617025029
4617025030
4617025031
4617025032
4617025033
4617025034
4617025035
4617025036
4617031000
4617031021
4617031022
4617031023
4617031024
4617031025
4617031026
4617031027
4617031028
4617031029
4617032000
4617032021
4617032022
4617032023
4617032024
4617032025
4617032026
4617032027
4617032028
4617032029
4617032030
4617032031
4617032032
4617033000
4617033021
4617033022
4617033023
4617033024
4617033025
4617033026
4617033027
4617033028
4617034000
4617034021
4617034022
4617034023
4617034024
4617034025
4617034026
4617034027
4617034028
4617034029
4617034030
4617035000
4617035021
4617035022
4617035023
4617035024
4617035025
4617035026
4617035027
4617035028
4617035029
4617035030
4617035031
4617036000
4617036021
4617036022
4617036023
4617036024
4617036025
4617036026
4617036027
4617036028
4617036029
4617036030
4617036031
4617036032
4617036033
4617036034
4617036035
4617036036
4617037000
4617037021
4617037022
4617037023
4617037024
4617037025
4617037026
4617037027
4617037028
4617037029
4617037030
4617037031
4617037032
4617038000
4617038021
4617038022
4617038023
4617038024
4617038025
4617038026
4617038027
4617038028
4617038029
4617038030
4617038031
4617038032
4617038033
4617039000
4617039021
4617039022
4617039023
4617039024
4617039025
4617039026
4617039027
4617039028
4617039029
4617039030
4617039031
4617040000
4617040021
4617040022
4617040023
4617040024
4617040025
4617040026
4617040027
4617040028
4617040029
4617041000
4617041021
4617041022
4617041023
4617041024
4617041025
4617041026
4617041027
4617041028
4617041029
4617041030
4617041031
4617041032
4617041033
4617041034
4617041035
4617041036
4617042000
4617042021
4617042022
4617042023
4617042024
4617042025
4617042026
4617042027
4617042028
4617042029
4617042030
4617042031
4617043000
4617043021
4617043022
4617043023
4617043024
4617043025
4617043026
4617043027
4617043028
4617043029
4617043030
4617043031
4617043032
4617043033
4617043034
4617043035
4617043036
4617043037
4617043038
4617090100
4617090200
4617090300
4617090400
4617090500
4617090600
4619000000
4619010100
4619010200
4619010300
4619010400
4619010500
4619010600
4619010700
4619010800
4619010900
4619011000
4619011100
4619011200
4619011300
4619011400
4619011500
4619011600
4619011700
4619011800
4619011900
4619012000
4619012100
4619012200
4619012300
4619012400
4619090100
4619090200
4621000000
4621010100
4621010200
4621010300
4621010400
4621010500
4621010600
4621010700
4621010800
4621010900
4621011000
4621090100
4621090200
4623000000
4623010100
4623010200
4623010300
4623010400
4623010500
4623010600
4623010700
4623010800
4623010900
4623011000
4623025000
4623025021
4623025022
4623025023
4623025024
4623025025
4623025026
4623025027
4623025028
4623025029
4623025030
4623025031
4623025032
4623025033
4623025034
4623025035
4623031000
4623031021
4623031022
4623031023
4623031024
4623031025
4623031026
4623031027
4623032000
4623032021
4623032022
4623032023
4623032024
4623032025
4623032026
4623032027
4623032028
4623033000
4623033021
4623033022
4623033023
4623033024
4623033025
4623033026
4623033027
4623034000
4623034021
4623034022
4623034023
4623034024
4623034025
4623034026
4623034027
4623035000
4623035021
4623035022
4623035023
4623035024
4623035025
4623035026
4623035027
4623035028
4623035029
4623035030
4623036000
4623036021
4623036022
4623036023
4623036024
4623036025
4671000000
4671025000
4671025021
4671025022
4671025023
4671025024
4671025025
4671025026
4671025027
4671025028
4671025029
4671025030
4671025031
4671025032
4671025033
4671025034
4671025035
4671025036
4671025037
4671025038
4671025039
4671031000
4671031001
4671031021
4671031022
4671031023
4671031024
4671031025
4671031026
4671031027
4671031028
4671031029
4671032000
4671032021
4671032022
4671032023
4671032024
4671032025
4671032026
4671032027
4671032028
4671032029
4671032030
4671033000
4671033021
4671033022
4671033023
4671033024
4671033025
4671033026
4671033027
4671033028
4671033029
4671033030
4671033031
4671033032
4671033500
4671033521
4671033522
4671033523
4671033524
4671033525
4671033526
4671033527
4671033528
4671033529
4671033530
4671033531
4671034000
4671034021
4671034022
4671034023
4671034024
4671034025
4671034026
4671034027
4671034028
4671034029
4671034030
4671034031
4671034032
4671035000
4671035021
4671035022
4671035023
4671035024
4671035025
4671035026
4671035027
4671035028
4671035029
4671035030
4671035031
4671036000
4671036001
4671036002
4671036021
4671036022
4671036023
4671036024
4671036025
4671036026
4671036027
4671036028
4671036029
4671036030
4671036031
4671036032
4671036033
4671037000
4671037001
4671037002
4671037003
4671037021
4671037022
4671037023
4671037024
4671037025
4671037026
4671037027
4671037028
4671037029
4671037030
4671038000
4671038001
4671038002
4671038021
4671038022
4671038023
4671038024
4671038025
4671038026
4671038027
4671038028
4671039000
4671039001
4671039002
4671039003
4671039021
4671039022
4671039023
4671039024
4671039025
4671039026
4671039027
4671039028
4671039029
4671039030
4671040000
4671040021
4671040022
4671040023
4671040024
4671040025
4671040026
4671040027
4671040028
4671040029
4671040030
4671040031
4671040032
4671040033
4671040034
4671040035
4671041000
4671041021
4671041022
4671041023
4671041024
4671041025
4671041026
4671041027
4671041028
4671041029
4671041030
4671041031
4671041032
4672000000
4672003000
4672003001
4672003002
4672003003
4672003004
4672003005
4672003006
4672003007
4672003008
4672003009
4672003010
4672003011
4672003012
4672003013
4672003014
4672025000
4672025021
4672025022
4672025023
4672025024
4672025025
4672025026
4672025027
4672025028
4672025029
4672025030
4672025031
4672025032
4672025033
4672025034
4672031000
4672031001
4672031021
4672031022
4672031023
4672031024
4672031025
4672031026
4672031027
4672031028
4672031029
4672031030
4672032000
4672032021
4672032022
4672032023
4672032024
4672032025
4672032026
4672032027
4672032028
4672032029
4672032030
4672032031
4672032032
4672033000
4672033001
4672033021
4672033022
4672033023
4672033024
4672033025
4672033026
4672033027
4672033028
4672033029
4672033030
4672033031
4672033032
4672034000
4672034021
4672034022
4672034023
4672034024
4672034025
4672034026
4672034027
4672034028
4672034029
4672034030
4672034031
4672034032
4672035000
4672035021
4672035022
4672035023
4672035024
4672035025
4672035026
4672035027
4672035028
4672035029
4672035030
4672035031
4672035032
4672035033
4672035034
4672036000
4672036021
4672036022
4672036023
4672036024
4672036025
4672036026
4672036027
4672037000
4672037001
4672037021
4672037022
4672037023
4672037024
4672037025
4672037026
4672037027
4672037028
4672037029
4672037030
4672037031
4672038000
4672038021
4672038022
4672038023
4672038024
4672038025
4672038026
4672038027
4672038028
4672038029
4672038030
4672038031
4672038032
4672039000
4672039001
4672039021
4672039022
4672039023
4672039024
4672039025
4672039026
4672039027
4672039028
4672039029
4672039030
4672039031
4672039032
4672040000
4672040021
4672040022
4672040023
4672040024
4672040025
4672040026
4672040027
4672040028
4672040029
4673000000
4673003000
4673003001
4673003002
4673003003
4673003004
4673003005
4673003006
4673003007
4673003008
4673003009
4673003010
4673025000
4673025021
4673025022
4673025023
4673025024
4673025025
4673025026
4673025027
4673025028
4673025029
4673025030
4673031000
4673031021
4673031022
4673031023
4673031024
4673032000
4673032021
4673032022
4673032023
4673032024
4673032025
4673032026
4673032027
4673032028
4673032029
4673033000
4673033021
4673033022
4673033023
4673033024
4673033025
4673033026
4673033027
4673033028
4673033029
4673033030
4673034000
4673034021
4673034022
4673034023
4673034024
4673034025
4673034026
4673035000
4673035021
4673035022
4673035023
4673035024
4673035025
4673035026
4673035027
4673035028
4673036000
4673036021
4673036022
4673036023
4673036024
4673036025
4673036026
4673036027
4673037000
4673037021
4673037022
4673037023
4673037024
4673037025
4673037026
4673037027
4673037028
4673037029
4673037030
4673037031
4673037032
4673037033
4673037034
4673037035
4674000000
4674011000
4674011021
4674011022
4674011023
4674011024
4674011025
4674011026
4674011027
4674011028
4674011029
4674011030
4674011031
4674011032
4674011033
4674011034
4674011035
4674031000
4674031021
4674031022
4674031023
4674031024
4674031025
4674031026
4674031027
4674032000
4674032021
4674032022
4674032023
4674032024
4674032025
4674032026
4674032027
4674032028
4674033000
4674033001
4674033021
4674033022
4674033023
4674033024
4674033025
4674033026
4674033027
4674034000
4674034021
4674034022
4674034023
4674034024
4674034025
4674034026
4674034027
4674035000
4674035021
4674035022
4674035023
4674035024
4674035025
4674035026
4674035027
4674035028
4674035029
4674035030
4674036000
4674036021
4674036022
4674036023
4674036024
4674036025
4674037000
4674037001
4674037002
4674037003
4674037021
4674037022
4674037023
4674037024
4674037025
4674037026
4674037027
4674037028
4674038000
4674038021
4674038022
4675000000
4675001000
4675001001
4675001002
4675001003
4675001004
4675001005
4675001006
4675001007
4675001008
4675001009
4675001010
4675001011
4675003000
4675003001
4675003002
4675003003
4675003004
4675003005
4675003006
4675003007
4675003008
4675003009
4675003010
4675003011
4675003012
4675003013
4675003500
4675003501
4675003502
4675003503
4675003504
4675003505
4675003506
4675003507
4675003508
4675003509
4675003510
4675003511
4675004000
4675004001
4675004002
4675004003
4675004004
4675004005
4675004006
4675004007
4675004008
4675004009
4675004010
4675004011
4675011000
4675011021
4675011022
4675011023
4675011024
4675011025
4675011026
4675011027
4675011028
4675011029
4675011030
4675031000
4675031021
4675031022
4675031023
4675031024
4675031025
4675031026
4675031027
4675031028
4675032000
4675032001
4675032002
4675032021
4675032022
4675032023
4675032024
4675032025
4675032026
4675032027
4675032028
4675032029
4675032030
4675033000
4675033021
4675033022
4675033023
4675033024
4675033025
4675033026
4675033027
4675033028
4675033029
4675033030
4675034000
4675034021
4675034022
4675034023
4675034024
4675034025
4675034026
4675034027
4675034028
4675034029
4675035000
4675035021
4675035022
4675035023
4675035024
4675035025
4675035026
4675035027
4675035028
4675035029
4675035030
4675036000
4675036021
4675036022
4675036023
4675036024
4675036025
4675036026
4676000000
4676001000
4676001001
4676001002
4676001003
4676001004
4676001005
4676001006
4676001007
4676001008
4676001009
4676001010
4676001011
4676001012
4676001013
4676001014
4676003000
4676003001
4676003002
4676003003
4676003004
4676003005
4676003006
4676003007
4676003008
4676003009
4676003010
4676003011
4676003012
4676003013
4676003014
4676003015
4676011000
4676011021
4676011022
4676011023
4676011024
4676011025
4676011026
4676011027
4676011028
4676011029
4676011030
4676011031
4676011032
4676011033
4676011034
4676031000
4676031021
4676031022
4676031023
4676031024
4676031025
4676031026
4676031027
4676031028
4676031029
4676031030
4676031031
4676031032
4676031033
4676031034
4676031035
4676031036
4676031037
4676031038
4676032000
4676032021
4676032022
4676032023
4676032024
4676032025
4676032026
4676032027
4676032028
4676032029
4676032030
4676032031
4676032032
4676032033
4676032034
4676033000
4676033021
4676033022
4676033023
4676033024
4676033025
4676033026
4676033027
4676033028
4676033029
4676033030
4676033031
4676033032
4676033033
4676033034
4676033035
4676033036
4676034000
4676034021
4676034022
4676034023
4676034024
4676034025
4676034026
4676034027
4676034028
4676034029
4676034030
4676035000
4676035021
4676035022
4676035023
4676035024
4676035025
4676035026
4676035027
4676035028
4676035029
4676035030
4676035031
4676035032
4676035033
4676035034
4676035035
4676035036
4676035037
4676035038
4676035039
4676035040
4676036000
4676036001
4676036021
4676036022
4676036023
4676036024
4676036025
4676036026
4676036027
4676036028
4676036029
4676036030
4676036031
4676036032
4676036033
4676036034
4676036035
4676037000
4676037021
4676037022
4676037023
4676037024
4676037025
4676037026
4676037027
4676037028
4676038000
4676038021
4676038022
4676038023
4676038024
4676038025
4676038026
4676038027
4676038028
4676038029
4676038030
4676038031
4676038032
4676038033
4676038034
4676038035
4676038036
4676038037
4676038038
4676038039
4676039000
4676039001
4676039021
4676039022
4676039023
4676039024
4676039025
4676039026
4676039027
4676039028
4676039029
4676039030
4676039031
4676039032
4676039033
4676039034
4676039035
4676039036
4676039037
4676039038
4676040000
4676040021
4676040022
4676040023
4676040024
4676040025
4676040026
4676040027
4676040028
4676040029
4676040030
4676040031
4677000000
4677003000
4677003001
4677003002
4677003003
4677003004
4677003005
4677003006
4677003007
4677003008
4677003009
4677003500
4677003501
4677003502
4677003503
4677003504
4677003505
4677003506
4677003507
4677003508
4677003509
4677003510
4677003511
4677003512
4677025000
4677025021
4677025022
4677025023
4677025024
4677025025
4677025026
4677025027
4677025028
4677025029
4677025300
4677025301
4677025302
4677025303
4677025304
4677025305
4677025306
4677025321
4677025322
4677025323
4677025324
4677025325
4677025326
4677025327
4677031000
4677031001
4677031002
4677031021
4677031022
4677031023
4677031024
4677031025
4677031026
4677031027
4677031028
4677031029
4677031030
4677031031
4677031032
4677032000
4677032021
4677032022
4677032023
4677032024
4677032025
4677032026
4677033000
4677033001
4677033002
4677033021
4677033022
4677033023
4677033024
4677033025
4677033026
4677033027
4677034000
4677034021
4677034022
4677034023
4677034024
4677034025
4677034026
4677034027
4677034028
4677034029
4677034030
4677034031
4677035000
4677035021
4677035022
4677035023
4677035024
4677035025
4677035026
4677035027
4677035028
4677035029
4677035030
4677035031
4677035032
4677036000
4677036001
4677036002
4677036003
4677036021
4677036022
4677036023
4677036024
4677036025
4677036026
4677036027
4677037000
4677037001
4677037002
4677037003
4677037004
4677037021
4677037022
4677037023
4677037024
4677037025
4677037026
4677037027
4677037028
4677037029
4677037030
4677037031
4677038000
4677038021
4677038022
4677038023
4677038024
4677038025
4677038026
4677038027
4677038028
4677039000
4677039021
4677039022
4677039023
4677039024
4677039025
4677039026
4677039027
4677039028
4677040000
4677040001
4677040021
4677040022
4677040023
4677040024
4677040025
4677040026
4677040027
4677040028
4677040029
4677040030
4677041000
4677041021
4677041022
4677041023
4677041024
4677041025
4677041026
4677041027
4677042000
4677042021
4677042022
4677042023
4677042024
4677042025
4677042026
4677042027
4677042028
4677042029
4677042030
4677042031
4677042032
4677042033
4677043000
4677043021
4677043022
4677043023
4677043024
4677044000
4677044021
4677044022
4677044023
4677044024
4677045000
4677045021
4677045022
4677045023
4678000000
4678025000
4678025021
4678025022
4678025023
4678025024
4678025025
4678025026
4678025027
4678025028
4678025029
4678025030
4678025300
4678025321
4678025322
4678025323
4678025324
4678025325
4678025326
4678025327
4678025328
4678025329
4678025330
4678025331
4678025332
4678025333
4678025334
4678025335
4678025336
4678025337
4678025338
4678025339
4678025340
4678025341
4678025342
4678031000
4678031021
4678031022
4678031023
4678031024
4678031025
4678031026
4678031027
4678031028
4678031029
4678031030
4678032000
4678032021
4678032022
4678032023
4678032024
4678032025
4678032026
4678032027
4678033000
4678033021
4678033022
4678033023
4678033024
4678033025
4678033026
4678033027
4678033028
4678033029
4678034000
4678034021
4678034022
4678034023
4678034024
4678034025
4678034026
4678034027
4678034028
4678034029
4678035000
4678035021
4678035022
4678035023
4678035024
4678035025
4678035026
4678035027
4678035028
4678035029
4678035030
4678035031
4678035032
4678036000
4678036001
4678036002
4678036021
4678036022
4678036023
4678036024
4678036025
4678036026
4678036027
4678036028
4678036029
4678037000
4678037021
4678037022
4678037023
4678037024
4678037025
4678037026
4678037027
4678037028
4678037029
4678037030
4678037031
4678037032
4678038000
4678038021
4678038022
4678038023
4678038024
4678038025
4678038026
4678038027
4678038028
4678038029
4678039000
4678039021
4678039022
4678039023
4678039024
4678039025
4678039026
4678039027
4678039028
4678039029
4678039030
4678039031
4678039032
4678040000
4678040021
4678040022
4678040023
4678040024
4678040025
4678040026
4679000000
4679003000
4679003001
4679003002
4679003003
4679003004
4679003005
4679003006
4679003007
4679003008
4679003009
4679003010
4679003011
4679003012
4679003013
4679003014
4679003015
4679003016
4679003017
4679003018
4679003019
4679003020
4679003021
4679003022
4679003023
4679003024
4679003025
4679025000
4679025021
4679025022
4679025023
4679025024
4679025025
4679025026
4679025027
4679025028
4679025029
4679025030
4679025031
4679025032
4679025033
4679025034
4679025035
4679025036
4679025037
4679025038
4679025039
4679025040
4679025041
4679025042
4679025043
4679025044
4679025045
4679031000
4679031021
4679031022
4679031023
4679031024
4679031025
4679031026
4679031027
4679031028
4679031029
4679031030
4679031031
4679032000
4679032021
4679032022
4679032023
4679032024
4679032025
4679032026
4679032027
4679032028
4679032029
4679032030
4679032031
4679032032
4679032033
4679032034
4679033000
4679033021
4679033022
4679033023
4679033024
4679033025
4679033026
4679033027
4679033028
4679033029
4679033030
4679033031
4679034000
4679034021
4679034022
4679034023
4679034024
4679034025
4679034026
4679034027
4679034028
4679034029
4679034030
4679034031
4679034032
4679034033
4679034034
4679034035
4679034036
4679034037
4679035000
4679035021
4679035022
4679035023
4679035024
4679035025
4679035026
4679035027
4679035028
4679035029
4679035030
4679035031
4679035032
4679036000
4679036001
4679036021
4679036022
4679036023
4679036024
4679036025
4679036026
4679036027
4679036028
4679036029
4679036030
4679036031
4679036032
4679037000
4679037021
4679037022
4679037023
4679037024
4679037025
4679037026
4679037027
4679037028
4679037029
4679037030
4679037031
4679037032
4679037033
4679037034
4679037035
4679038000
4679038021
4679038022
4679038023
4679038024
4679038025
4679038026
4679038027
4679038028
4679038029
4679038030
4679038031
4679038032
4679039000
4679039001
4679039021
4679039022
4679039023
4679039024
4679039025
4679039026
4679039027
4679039028
4679039029
4679039030
4679039031
4679039032
4679039033
4679039034
4679039035
4679039036
4679039500
4679039521
4679039522
4679039523
4679039524
4679039525
4679039526
4679039527
4679039528
4679039529
4679039530
4679039531
4679039532
4679039533
4679039534
4679039535
4679039536
4679040000
4679040021
4679040022
4679040023
4679040024
4679040025
4679040026
4679040027
4679040028
4679040029
4679040030
4679040031
4679040032
4679041000
4679041021
4679041022
4679041023
4679041024
4679041025
4679041026
4679041027
4679041028
4679041029
4679041030
4679041031
4679041032
4679041033
4679041034
4679041035
4679041036
4679041500
4679041521
4679041522
4679041523
4679041524
4679041525
4679041526
4679041527
4679041528
4679041529
4679041530
4679041531
4679041532
4679041533
4679041534
4679041535
4679041536
4679042000
4679042001
4679042021
4679042022
4679042023
4679042024
4679042025
4679042026
4679042027
4679042028
4679042029
4679042030
4679042031
4679042032
4679042033
4679042034
4679042035
4680000000
4680003000
4680003001
4680003002
4680003003
4680003004
4680003005
4680003006
4680003007
4680003008
4680003009
4680003010
4680003011
4680003012
4680003013
4680003014
4680003015
4680003016
4680003500
4680003501
4680003502
4680003503
4680003504
4680003505
4680003506
4680003507
4680003508
4680003509
4680003510
4680003511
4680003512
4680003513
4680003514
4680025000
4680025001
4680025021
4680025022
4680025023
4680025024
4680025025
4680025026
4680025027
4680025028
4680025029
4680025030
4680025031
4680025032
4680025033
4680025034
4680025035
4680025036
4680025037
4680025038
4680025039
4680025040
4680025041
4680025042
4680025043
4680025044
4680025045
4680025046
4680025047
4680025048
4680025300
4680025321
4680025322
4680025323
4680025324
4680025325
4680025326
4680025327
4680025328
4680025329
4680025330
4680025331
4680025332
4680025333
4680025334
4680025335
4680025336
4680025600
4680025601
4680025602
4680025603
4680025604
4680025605
4680025621
4680025622
4680025623
4680025624
4680025625
4680025626
4680025627
4680025628
4680025629
4680031000
4680031021
4680031022
4680031023
4680031024
4680031025
4680031026
4680031027
4680031028
4680031029
4680031030
4680031031
4680031032
4680031033
4680031034
4680031035
4680032000
4680032021
4680032022
4680032023
4680032024
4680032025
4680032026
4680032027
4680032028
4680032029
4680032030
4680032031
4680032032
4680032033
4680033000
4680033001
4680033021
4680033022
4680033023
4680033024
4680033025
4680033026
4680033027
4680033028
4680034000
4680034021
4680034022
4680034023
4680034024
4680034025
4680034026
4680034027
4680034028
4680034029
4680034030
4680034031
4680034032
4680034033
4680034034
4680034035
4680034036
4680034037
4680034038
4680034039
4680035000
4680035021
4680035022
4680035023
4680035024
4680035025
4680035026
4680035027
4680035028
4680035029
4680035030
4680035031
4680035032
4680035033
4680035034
4680035035
4680035036
4680036000
4680036021
4680036022
4680036023
4680036024
4680036025
4680036026
4680036027
4680036028
4680036029
4680037000
4680037021
4680037022
4680037023
4680037024
4680037025
4681000000
4681025000
4681025021
4681025022
4681025023
4681025024
4681025025
4681025026
4681025027
4681025028
4681025029
4681025030
4681025031
4681025032
4681025033
4681025034
4681025035
4681031000
4681031021
4681031022
4681031023
4681031024
4681031025
4681031026
4681031027
4681031028
4681031029
4681031030
4681031031
4681031032
4681031033
4681032000
4681032021
4681032022
4681032023
4681032024
4681032025
4681032026
4681032027
4681032028
4681032029
4681032030
4681032031
4681032032
4681033000
4681033021
4681033022
4681033023
4681033024
4681033025
4681033026
4681033027
4681033028
4681033029
4681033030
4681034000
4681034001
4681034002
4681034003
4681034004
4681034005
4681034006
4681034007
4681034008
4681034021
4681034022
4681034023
4681034024
4681034025
4681034026
4681034027
4681034028
4681034029
4681034030
4681034031
4681034032
4681035000
4681035021
4681035022
4681035023
4681035024
4681035025
4681035026
4681035027
4681036000
4681036021
4681036022
4681036023
4681036024
4681036025
4681036026
4681036027
4681036028
4681036029
4681036030
4681036031
4681037000
4681037021
4681037022
4681037023
4681037024
4681037025
4681037026
4681037027
4681037028
4681037029
4681037030
4681037031
4681037032
4681038000
4681038021
4681038022
4681038023
4681038024
4681038025
4681038026
4681038027
4681038028
4681038029
4681038030
4681038031
4681038032
4681039000
4681039021
4681039022
4681039023
4681039024
4681039025
4681039026
4681039027
4681040000
4681040001
4681040021
4681040022
4681040023
4681040024
4681040025
4682000000
4682025000
4682025021
4682025022
4682025023
4682025024
4682025025
4682025026
4682025027
4682025028
4682025029
4682025030
4682025031
4682025032
4682025033
4682025034
4682025035
4682025036
4682025037
4682025038
4682031000
4682031021
4682031022
4682031023
4682031024
4682031025
4682031026
4682031027
4682031028
4682031029
4682032000
4682032021
4682032022
4682032023
4682032024
4682032025
4682032026
4682032027
4682032028
4682032029
4682032030
4682032031
4682032032
4682032033
4682032034
4682032035
4682033000
4682033021
4682033022
4682033023
4682033024
4682033025
4682033026
4682033027
4682033028
4682033029
4682033030
4682033031
4682033032
4682034000
4682034001
4682034021
4682034022
4682034023
4682034024
4682034025
4682034026
4682034027
4682034028
4682034029
4682034030
4682034031
4682034032
4682034033
4682034034
4682034035
4682035000
4682035001
4682035002
4682035003
4682035004
4682035005
4682035006
4682035007
4682035008
4682035021
4682035022
4682035023
4682035024
4682035025
4682035026
4682035027
4682035028
4682036000
4682036021
4682036022
4682036023
4682036024
4682036025
4682036026
4682036027
4682036028
4682037000
4682037021
4682037022
4682037023
4682037024
4682037025
4682037026
4682037027
4682037028
4682037029
4682037030
4682037031
4682037032
4682037033
4682037034
4682037035
4682038000
4682038021
4682038022
4682038023
4682038024
4682038025
4682038026
4682038027
4682038028
4682038029
4682038030
4682038031
4682038032
4682038033
4682038034
4682038035
4682039000
4682039001
4682039021
4682039022
4682039023
4682039024
4682039025
4682039026
4682039027
4682039028
4682039029
4682039030
4682039031
4682040000
4682040021
4682040022
4682040023
4682040024
4682040025
4682040026
4682040027
4682040028
4682040029
4682040030
4682040031
4682040032
4682040033
4682041000
4682041021
4682041022
4682041023
4682041024
4682041025
4682041026
4682041027
4682041028
4682041029
4682041030
4682041031
4682041032
4682041033
4682042000
4682042021
4682042022
4682042023
4682042024
4682042025
4682042026
4682042027
4682042028
4682042029
4682042030
4682042031
4682042032
4682043000
4682043001
4682043021
4682043022
4682043023
4682043024
4682043025
4682043026
4682043027
4682043028
4682043029
4682043030
4682043031
4682043032
4682043033
4682043034
4682043035
4682043036
4683000000
4683003000
4683003001
4683003002
4683003003
4683003004
4683003005
4683003006
4683003007
4683003008
4683003009
4683003010
4683003011
4683003012
4683003013
4683003014
4683003015
4683025000
4683025021
4683025022
4683025023
4683025024
4683025025
4683025026
4683025027
4683025028
4683025029
4683025030
4683025031
4683025032
4683025033
4683025034
4683025035
4683025036
4683025300
4683025321
4683025322
4683025323
4683025324
4683025325
4683025326
4683025327
4683025328
4683025329
4683025330
4683031000
4683031021
4683031022
4683031023
4683031024
4683031025
4683031026
4683031027
4683031028
4683031029
4683032000
4683032001
4683032021
4683032022
4683032023
4683032024
4683032025
4683032026
4683032027
4683032028
4683032029
4683032030
4683032031
4683033000
4683033021
4683033022
4683033023
4683033024
4683033025
4683033026
4683033027
4683033028
4683033029
4683033030
4683033031
4683033032
4683033033
4683034000
4683034021
4683034022
4683034023
4683034024
4683034025
4683034026
4683034027
4683034028
4683034029
4683034030
4683034031
4683034032
4683034033
4683034034
4683035000
4683035021
4683035022
4683035023
4683035024
4683035025
4683035026
4683035027
4683035028
4683036000
4683036001
4683036021
4683036022
4683036023
4683036024
4683036025
4683036026
4683036027
4683036028
4683036029
4683036030
4683036031
4683037000
4683037021
4683037022
4683037023
4683037024
4683037025
4683037026
4683037027
4683037028
4683037029
4683037030
4683038000
4683038021
4683038022
4683038023
4683038024
4683038025
4683038026
4683038027
4683038028
4683038029
4683038030
4683039000
4683039021
4683039022
4683039023
4683039024
4683039025
4683039026
4683039027
4683039028
4683039029
4683040000
4683040021
4683040022
4683040023
4683040024
4683040025
4683040026
4683040027
4683040028
4683040029
4683040030
4684000000
4684003000
4684003001
4684003002
4684003003
4684003004
4684003005
4684003006
4684003007
4684003008
4684003009
4684003010
4684003011
4684003012
4684003500
4684003501
4684003502
4684003503
4684003504
4684003505
4684003506
4684003507
4684003508
4684003509
4684003510
4684003511
4684003512
4684003513
4684004000
4684004001
4684004002
4684004003
4684004004
4684004005
4684004006
4684004007
4684004008
4684004500
4684004501
4684004502
4684004503
4684004504
4684004505
4684004506
4684004507
4684004508
4684004509
4684004510
4684004511
4684004512
4684004513
4684004514
4684004515
4684004516
4684005000
4684005001
4684005002
4684005003
4684005004
4684005005
4684005006
4684005007
4684005008
4684005009
4684005500
4684005501
4684005502
4684005503
4684005504
4684005505
4684005506
4684005507
4684005508
4684005509
4684006000
4684006001
4684006002
4684006003
4684006004
4684006005
4684006006
4684006007
4684006008
4684006009
4684006010
4684006011
4684006012
4684006013
4684006500
4684006501
4684006502
4684006503
4684006504
4684006505
4684006506
4684006507
4684006508
4684006509
4684006510
4684006511
4684007000
4684007001
4684007002
4684007003
4684007004
4684007005
4684007006
4684007007
4684007008
4684007009
4684007010
4684007011
4684007012
4684007500
4684007501
4684007502
4684007503
4684007504
4684007505
4684007506
4684007507
4684007508
4684007509
4684007510
4684007511
4684008000
4684008001
4684008002
4684008003
4684008004
4684008005
4684008006
4684008007
4684008500
4684008501
4684008502
4684008503
4684008504
4684008505
4684008506
4684008507
4684008508
4684008509
4684008510
4684008511
4684008512
4684008513
4684008514
4684008515
4684008516
4684008517
4684008518
4684008519
4684008520
4684008521
4684008522
4684008523
4684008524
4684008525
4684008526
4684008527
4684008528
4684008529
4684008530
4684008531
4684008532
4684009000
4684009001
4684009002
4684009003
4684009004
4684009005
4684009006
4684009007
4684009008
4684009009
4684009500
4684009501
4684009502
4684009503
4684009504
4684009505
4684009506
4684009507
4684009508
4684009509
4684025000
4684025021
4684025022
4684025023
4684025024
4684025025
4684025026
4684025027
4684025028
4684025029
4684025030
4684025300
4684025301
4684025321
4684025322
4684025323
4684025324
4684025325
4684025326
4684025327
4684025328
4684025329
4684025330
4684025331
4684025332
4684025333
4684025334
4684025335
4684025600
4684025621
4684025622
4684025623
4684025624
4684025625
4684025626
4684025627
4684031000
4684031001
4684031002
4684031003
4684031021
4684031022
4684031023
4684031024
4684031025
4684031026
4684031027
4684032000
4684032001
4684032021
4684032022
4684032023
4684032024
4684032025
4684032026
4684032027
4684032028
4684032029
4684032030
4684032031
4684032032
4684032033
4684032034
4684032035
4684032036
4684032037
4684032038
4684033000
4684033021
4684033022
4684033023
4684033024
4684033025
4684033026
4684033027
4684033028
4684033029
4684033030
4684033031
4684033032
4684033033
4684033034
4684033035
4684033036
4684033037
4684034000
4684034001
4684034021
4684034022
4684034023
4684034024
4684034025
4684034026
4684034027
4684034028
4684034029
4684034030
4684034031
4684034032
4684035000
4684035001
4684035002
4684035003
4684035004
4684035005
4684035021
4684035022
4684035023
4684035024
4684035025
4684036000
4684036021
4684036022
4684036023
4684036024
4684036025
4684036026
4684036027
4684036028
4684036029
4684036030
4684036031
4684036032
4684036033
4684036034
4684036035
4684036036
4684036037
4684037000
4684037021
4684037022
4684037023
4684037024
4684037025
4685000000
4685001000
4685001001
4685001002
4685001003
4685001004
4685001005
4685001006
4685001007
4685001008
4685001009
4685001010
4685001011
4685001012
4685001013
4685001014
4685001015
4685001016
4685001017
4685001018
4685001019
4685001020
4685001021
4685001022
4685001023
4685001024
4685001025
4685001026
4685001027
4685001028
4685001029
4685001030
4685001031
4685001500
4685001501
4685001502
4685001503
4685001504
4685001505
4685001506
4685001507
4685001508
4685001509
4685001510
4685001511
4685001512
4685001513
4685031000
4685031021
4685031022
4685031023
4685031024
4685031025
4685031026
4685031027
4685031028
4685031029
4685032000
4685032021
4685032022
4685032023
4685032024
4685032025
4685032026
4685032027
4685032028
4685032029
4685032030
4685032031
4685032032
4685033000
4685033021
4685033022
4685033023
4685033024
4685033025
4685033026
4685033027
4685034000
4685034021
4685034022
4685034023
4685034024
4685034025
4685034026
4685034027
4685034028
4685034029
4685034030
4685035000
4685035021
4685035022
4685035023
4685035024
4685035025
4685035026
4685035027
4685035028
4685035029
4685035030
4685035031
4685036000
4685036021
4685036022
4685036023
4685036024
4685036025
4685036026
4685036027
4685036028
4685036029
4685036030
4685036031
4685036032
4685036033
4685036034
4685036035
4685037000
4685037001
4685037002
4685037003
4685037021
4685037022
4685037023
4685037024
4685037025
4685037026
4685037027
4685037028
4685037029
4685037030
4685037031
4685037032
4685038000
4685038021
4685038022
4685038023
4685038024
4685038025
4685038026
4685038027
4685038028
4685038029
4685038030
4685038031
4685038032
4685038033
4685039000
4685039021
4685039022
4685039023
4685039024
4685039025
4685039026
4685039027
4685039028
4685039029
4685039030
4685039031
4685040000
4685040021
4685040022
4685040023
4685040024
4685040025
4685040026
4685040027
4685040028
4685040029
4685041000
4685041021
4685041022
4685041023
4685041024
4685041025
4685041026
4685041027
4685041028
4685041029
4685041030
4685041031
4685041032
4685041033
4685041034
4685041035
4685041036
4685042000
4685042001
4685042021
4685042022
4685042023
4685042024
4685042025
4685042026
4685042027
4685042028
4685042029
4685042030
4685042031
4685043000
4685043021
4685043022
4685043023
4685043024
4685043025
4685043026
4685043027
4685043028
4685043029
4685043030
4685043031
4685043032
4685043033
4685043034
4685043035
4685043036
4685043037
4685043038
4686000000
4686003000
4686003001
4686003002
4686003003
4686003004
4686003005
4686003006
4686003007
4686003008
4686003009
4686003010
4686003011
4686003012
4686003013
4686003014
4686025000
4686025021
4686025022
4686025023
4686025024
4686025025
4686025026
4686025027
4686025028
4686025029
4686025030
4686025031
4686025032
4686025033
4686025034
4686031000
4686031021
4686031022
4686031023
4686031024
4686031025
4686031026
4686031027
4686031028
4686031029
4686031030
4686031031
4686032000
4686032021
4686032022
4686032023
4686032024
4686032025
4686032026
4686032027
4686032028
4686032029
4686032030
4686032031
4686032032
4686033000
4686033001
4686033002
4686033003
4686033004
4686033021
4686033022
4686033023
4686033024
4686033025
4686033026
4686033027
4686033028
4686033029
4686033030
4686033031
4686034000
4686034021
4686034022
4686034023
4686034024
4686034025
4686034026
4686034027
4686034028
4686035000
4686035021
4686035022
4686035023
4686035024
4686035025
4686035026
4686035027
4686035028
4686035029
4686035030
4686035031
4686035032
4686036000
4686036021
4686036022
4686036023
4686036024
4686036025
4686036026
4686036027
4686036028
4686036029
4686036030
4686036031
4686036032
4686036033
4686036034
4686037000
4686037021
4686037022
4686037023
4686037024
4686037025
4686037026
4686037027
4686037028
4686037029
4686037030
4686038000
4686038021
4686038022
4686038023
4686038024
4686038025
4686038026
4686038027
4686038028
4686038029
4686038030
4686038031
4686038032
4687000000
4687003000
4687003001
4687003002
4687003003
4687003004
4687003005
4687003006
4687003007
4687003008
4687003009
4687003500
4687003501
4687003502
4687003503
4687003504
4687003505
4687003506
4687003507
4687003508
4687003509
4687003510
4687003511
4687003512
4687003513
4687003514
4687003515
4687003516
4687003517
4687025000
4687025021
4687025022
4687025023
4687025024
4687025025
4687025026
4687025027
4687025028
4687025029
4687025030
4687025031
4687025032
4687025033
4687025034
4687025035
4687025036
4687025037
4687025038
4687025039
4687025300
4687025321
4687025322
4687025323
4687025324
4687025325
4687025326
4687025327
4687025328
4687025329
4687025330
4687025331
4687025332
4687025333
4687025334
4687025335
4687025336
4687025337
4687025600
4687025621
4687025622
4687025623
4687025624
4687025625
4687025626
4687025627
4687025628
4687025629
4687031000
4687031021
4687031022
4687031023
4687031024
4687031025
4687031026
4687031027
4687031028
4687032000
4687032021
4687032022
4687032023
4687032024
4687032025
4687032026
4687032027
4687032028
4687033000
4687033021
4687033022
4687033023
4687033024
4687033025
4687033026
4687033027
4687033028
4687033029
4687033030
4687033031
4687033032
4687033033
4687034000
4687034001
4687034002
4687034003
4687034004
4687034021
4687034022
4687034023
4687034024
4687034025
4687034026
4687034027
4687034028
4687034029
4687034030
4687035000
4687035001
4687035002
4687035021
4687035022
4687035023
4687035024
4687035025
4687035026
4687035027
4687035028
4687035029
4687035030
4687035031
4687035032
4687036000
4687036001
4687036002
4687036021
4687036022
4687036023
4687036024
4687036025
4687036026
4687036027
4687036028
4687036029
4687037000
4687037021
4687037022
4687037023
4687037024
4687037025
4687037026
4687037027
4687037028
4687037029
4687037030
4687037031
4687038000
4687038021
4687038022
4687038023
4687038024
4687038025
4687038026
4687038027
4687038028
4687038029
4687038030
4687038031
4688000000
4688003000
4688003001
4688003002
4688003003
4688003004
4688003005
4688003006
4688003007
4688003008
4688025000
4688025001
4688025002
4688025021
4688025022
4688025023
4688025024
4688025025
4688025026
4688025027
4688025028
4688025029
4688025030
4688025031
4688025032
4688025033
4688025034
4688025035
4688025036
4688031000
4688031021
4688031022
4688031023
4688031024
