1100000000
1111000000
1111010100
1111010200
1111010300
1111010400
1111010500
1111010600
1111010700
1111010800
1111010900
1111011000
1111011100
1111011200
1111011300
1111011400
1111011500
1111011600
1111011700
1111011800
1111011900
1111012000
1111012100
1111012200
1111012300
1111012400
1111012500
1111012600
1111012700
1111012800
1111012900
1111013000
1111013100
1111013200
1111013300
1111013400
1111013500
1111013600
1111013700
1111013800
1111013900
1111014000
1111014100
1111014200
1111014300
1111014400
1111014500
1111014600
1111014700
1111014800
1111014900
1111015000
1111015100
1111015200
1111015300
1111015400
1111015500
1111015600
1111015700
1111015800
1111015900
1111016000
1111016100
1111016200
1111016300
1111016400
1111016500
1111016600
1111016700
1111016800
1111016900
1111017000
1111017100
1111017200
1111017300
1111017400
1111017500
1111017600
1111017700
1111017800
1111017900
1111018000
1111018100
1111018200
1111018300
1111018400
1111018500
1111018600
1111018700
1111090100
1111090200
1111090300
1111090400
1111090500
1114000000
1114000100
1114000200
1114000300
1114000400
1114010100
1114010200
1114010300
1114010400
1114010500
1114010600
1114010700
1114010800
1114010900
1114011000
1114011100
1114011200
1114011300
1114011400
1114011500
1114011600
1114011700
1114011800
1114011900
1114012000
1114012100
1114012200
1114012300
1114012400
1114012500
1114012600
1114012700
1114012800
1114012900
1114013000
1114013100
1114013200
1114013300
1114013400
1114013500
1114013600
1114013700
1114013800
1114013900
1114014000
1114014100
1114014200
1114014300
1114014400
1114014500
1114014600
1114014700
1114014800
1114014900
1114015000
1114015100
1114015200
1114015300
1114015400
1114015500
1114015600
1114015700
1114015800
1114015900
1114016000
1114016100
1114016200
1114016300
1114016400
1114016500
1114016600
1114016700
1114016800
1114016900
1114017000
1114017100
1114017200
1114017300
1114017400
1114090100
1114090200
1114090300
1114090400
1114090500
1114090600
1117000000
1117000100
1117000200
1117000300
1117000400
1117000500
1117010100
1117010200
1117010300
1117010400
1117010500
1117010600
1117010700
1117010800
1117010900
1117011000
1117011100
1117011200
1117011300
1117011400
1117011500
1117011600
1117011700
1117011800
1117011900
1117012000
1117012100
1117012200
1117012300
1117012400
1117012500
1117012600
1117012700
1117012800
1117012900
1117013000
1117013100
1117013200
1117013300
1117013400
1117013500
1117013600
1117090100
1117090200
1117090300
1117090400
1117090500
1117090600
1117090700
1117090800
1120000000
1120000100
1120000200
1120000300
1120000400
1120000500
1120000600
1120000700
1120000800
1120000900
1120001000
1120001100
1120001200
1120001300
1120001400
1120001500
1120001600
1120001700
1120001800
1120001900
1120002000
1120002100
1120002200
1120002300
1120002400
1120002500
1120002600
1120002700
1120002800
1120002900
1120003000
1120003100
1120003200
1120003300
1120003400
1120003500
1120003600
1120003700
1120003800
1120003900
1120004000
1120004100
1120004200
1120004300
1120004400
1120004500
1120004600
1120004700
1120004800
1120004900
1120005000
1120005100
1120005200
1120005300
1120005400
1120005500
1120005600
1120010100
1120010200
1120010300
1120010400
1120010500
1120010600
1120010700
1120010800
1120010900
1120011000
1120011100
1120011200
1120011300
1120011400
1120011500
1120011600
1120011700
1120011800
1120011900
1120012000
1120012100
1120012200
1120012300
1120012400
1120012500
1120090100
1120090200
1120090300
1120090400
1120090500
1120090600
1120090700
1120090800
1120090900
1120091000
1120091100
1120091200
1120091300
1120091400
1120091500
1120091600
1120091700
1120091800
1120091900
1120092000
1120092100
1121500000
1121510100
1121510200
1121510300
1121510400
1121510500
1121510600
1121510700
1121510800
1121510900
1123000000
1123000100
1123000200
1123000300
1123000400
1123000500
1123000600
1123000700
1123000800
1123000900
1123001000
1123001100
1123001200
1123001300
1123001400
1123001500
1123001600
1123001700
1123001800
1123001900
1123002000
1123002100
1123002200
1123010100
1123010200
1123010300
1123010400
1123010500
1123010600
1123010700
1123010800
1123010900
1123011000
1123090100
1123090200
1123090300
1123090400
1123090500
1123090600
1123090700
1123090800
1123090900
1123091000
1123091100
1123091200
1123091300
1123091400
1123091500
1123091600
1123091700
1123091800
1123091900
1123092000
1123092100
1123092200
1123092300
1123092400
1126000000
1126010100
1126010200
1126010300
1126010400
1126010500
1126010600
1126090100
1126090200
1126090300
1126090400
1126090500
1126090600
1126090700
1126090800
1126090900
1126091000
1126091100
1126091200
1126091300
1126091400
1126091500
1126091600
1129000000
1129000100
1129000200
1129000300
1129000400
1129000500
1129000600
1129000700
1129000800
1129000900
1129001000
1129001100
1129001200
1129001300
1129001400
1129001500
1129010100
1129010200
1129010300
1129010400
1129010500
1129010600
1129010700
1129010800
1129010900
1129011000
1129011100
1129011200
1129011300
1129011400
1129011500
1129011600
1129011700
1129011800
1129011900
1129012000
1129012100
1129012200
1129012300
1129012400
1129012500
1129012600
1129012700
1129012800
1129012900
1129013000
1129013100
1129013200
1129013300
1129013400
1129013500
1129013600
1129013700
1129013800
1129013900
1129090100
1129090200
1129090300
1129090400
1129090500
1129090600
1129090700
1129090800
1129090900
1129091000
1129091100
1129091200
1129091300
1129091400
1129091500
1129091600
1129091700
1129091800
1129091900
1129092000
1129092100
1129092200
1129092300
1129092400
1129092500
1129092600
1130500000
1130510100
1130510200
1130510300
1130510400
1132000000
1132000300
1132000400
1132000500
1132000600
1132000700
1132010100
1132010200
1132010300
1132010400
1132010500
1132010600
1132010700
1132010800
1132090100
1132090200
1132090300
1132090400
1132090500
1132090600
1132090700
1132090800
1132090900
1132091000
1132091100
1132091200
1132091300
1132091400
1132091500
1132091600
1132091700
1132091800
1132091900
1132092000
1132092100
1132092200
1132092300
1132092400
1132092500
1132092600
1135000000
1135010100
1135010200
1135010300
1135010400
1135010500
1135010600
1135010700
1135090100
1135090200
1135090300
1135090400
1135090500
1135090600
1135090700
1135090800
1135090900
1135091000
1135091100
1135091200
1135091300
1135091400
1135091500
1135091600
1135091700
1138000000
1138010100
1138010200
1138010300
1138010400
1138010500
1138010600
1138010700
1138010800
1138010900
1138011000
1138011100
1138011200
1138011300
1138011400
1138090100
1138090200
1138090300
1138090400
1138090500
1138090600
1138090700
1138090800
1138090900
1141000000
1141000100
1141000200
1141000300
1141000400
1141000500
1141000600
1141000700
1141000800
1141000900
1141001000
1141001100
1141001200
1141001300
1141001400
1141001500
1141001600
1141001700
1141001800
1141001900
1141002000
1141002100
1141002200
1141002300
1141002400
1141002500
1141002600
1141002700
1141002800
1141002900
1141003000
1141003100
1141003200
1141003300
1141003400
1141003500
1141003600
1141003700
1141010100
1141010200
1141010300
1141010400
1141010500
1141010600
1141010700
1141010800
1141010900
1141011000
1141011100
1141011200
1141011300
1141011400
1141011500
1141011600
1141011700
1141011800
1141011900
1141012000
1141090100
1141090200
1141090300
1141090400
1141090500
1141090600
1141090700
1141090800
1141090900
1141091000
1141091100
1141091200
1141091300
1141091400
1141091500
1141091600
1141091700
1141091800
1144000000
1144000100
1144000200
1144000300
1144000400
1144010100
1144010200
1144010300
1144010400
1144010500
1144010600
1144010700
1144010800
1144010900
1144011000
1144011100
1144011200
1144011300
1144011400
1144011500
1144011600
1144011700
1144011800
1144011900
1144012000
1144012100
1144012200
1144012300
1144012400
1144012500
1144012600
1144012700
1144090100
1144090200
1144090300
1144090400
1144090500
1144090600
1144090700
1144090800
1144090900
1144091000
1144091100
1147000000
1147010100
1147010200
1147010300
1147090100
1147090200
1147090300
1147090400
1147090500
1147090600
1147090700
1147090800
1147090900
1147091000
1147091100
1147091200
1147091300
1147091400
1147091500
1147091600
1147091700
1150000000
1150000100
1150000200
1150010100
1150010200
1150010300
1150010400
1150010500
1150010600
1150010700
1150010800
1150010900
1150011000
1150011100
1150011200
1150011300
1150011400
1150090100
1150090200
1150090300
1150090400
1150090500
1150090600
1150090700
1150090800
1150090900
1150091000
1150091100
1153000000
1153010100
1153010200
1153010300
1153010400
1153010500
1153010600
1153010700
1153010800
1153010900
1153011000
1153011100
1153011200
1153090100
1153090200
1153090300
1153090400
1153090500
1153090600
1153090700
1153090800
1153090900
1153091000
1153091100
1153091200
1153091300
1153091400
1153091500
1153091600
1153091700
1153091800
1153091900
1153092000
1153092100
1153092200
1153092300
1153092400
1153092500
1153092600
1153092700
1153092800
1154500000
1154510100
1154510200
1154510300
1156000000
1156000100
1156000200
1156000300
1156000400
1156000500
1156000600
1156000700
1156000800
1156000900
1156001000
1156001100
1156001200
1156001300
1156001400
1156001500
1156001600
1156001700
1156001800
1156001900
1156002000
1156002100
1156002200
1156002300
1156002400
1156002500
1156002600
1156002700
1156002800
1156002900
1156003000
1156003100
1156003200
1156003300
1156003400
1156003500
1156003600
1156003700
1156003800
1156003900
1156004000
1156004100
1156004200
1156004300
1156004400
1156004500
1156004600
1156004700
1156010100
1156010200
1156010300
1156010400
1156010500
1156010600
1156010700
1156010800
1156010900
1156011000
1156011100
1156011200
1156011300
1156011400
1156011500
1156011600
1156011700
1156011800
1156011900
1156012000
1156012100
1156012200
1156012300
1156012400
1156012500
1156012600
1156012700
1156012800
1156012900
1156013000
1156013100
1156013200
1156013300
1156013400
1156090100
1156090200
1156090300
1156090400
1156090500
1156090600
1156090700
1156090800
1156090900
1156091000
1156091100
1156091200
1156091300
1156091400
1156091500
1156091600
1156091700
1156091800
1156091900
1156092000
1156092100
1159000000
1159010100
1159010200
1159010300
1159010400
1159010500
1159010600
1159010700
1159010800
1159010900
1159090100
1159090200
1159090300
1159090400
1159090500
1159090600
1159090700
1159090800
1159090900
1159091000
1159091100
1159091200
1159091300
1159091400
1162000000
1162000100
1162000200
1162000300
1162000400
1162000500
1162000600
1162000700
1162000800
1162000900
1162001000
1162010100
1162010200
1162010300
1162090100
1162090200
1162090300
1162090400
1162090500
1162090600
1162090700
1162090800
1162090900
1162091000
1162091100
1162091200
1162091300
1162091400
1162091500
1162091600
1162091700
1162091800
1162091900
1162092000
1162092100
1162092200
1162092300
1162092400
1165000000
1165000100
1165010100
1165010200
1165010300
1165010400
1165010500
1165010600
1165010700
1165010800
1165010900
1165011000
1165011100
1165011200
1165011300
1165090100
1165090200
1165090300
1165090400
1165090500
1165090600
1165090700
1165090800
1165090900
1165091000
1165091100
1165091200
1165091300
1168000000
1168000100
1168000200
1168000300
1168000400
1168000500
1168000600
1168000700
1168000800
1168000900
1168001000
1168001100
1168001200
1168001300
1168001400
1168001500
1168001600
1168001700
1168001800
1168001900
1168002000
1168002100
1168002200
1168002300
1168002400
1168002500
1168002600
1168002700
1168002800
1168002900
1168003000
1168003100
1168003200
1168003300
1168010100
1168010200
1168010300
1168010400
1168010500
1168010600
1168010700
1168010800
1168011000
1168011100
1168011200
1168011300
1168011400
1168011500
1168011600
1168011700
1168011800
1168090100
1168090200
1168090300
1168090400
1168090500
1168090600
1168090700
1168090800
1168090900
1168091000
1168091100
1168091200
1168091300
1168091400
1168091500
1168091600
1168091700
1168091800
1171000000
1171010100
1171010200
1171010300
1171010400
1171010500
1171010600
1171010700
1171010800
1171010900
1171011000
1171011100
1171011200
1171011300
1171011400
1174000000
1174000100
1174000200
1174000300
1174000400
1174000500
1174000600
1174000700
1174000800
1174000900
1174001000
1174001100
1174001200
1174001300
1174001400
1174010100
1174010200
1174010300
1174010400
1174010500
1174010600
1174010700
1174010800
1174010900
1174011000
2100000000
2111000000
2111000100
2111000200
2111000300
2111000400
2111000500
2111000600
2111010100
2111010200
2111010300
2111010400
2111010500
2111010600
2111010700
2111010800
2111010900
2111011000
2111011100
2111011200
2111011300
2111011400
2111011500
2111011600
2111011700
2111011800
2111011900
2111012000
2111012100
2111012200
2111012300
2111012400
2111012500
2111012600
2111012700
2111012800
2111012900
2111013000
2111013100
2111013200
2111013300
2111013400
2111013500
2111013600
2111013700
2111013800
2111013900
2111014000
2111014100
2111090100
2111090200
2111090300
2111090400
2114000000
2114000100
2114000200
2114000300
2114000400
2114000500
2114000600
2114000700
2114000800
2114000900
2114001000
2114001100
2114001200
2114001300
2114001400
2114001500
2114010100
2114010200
2114010300
2114010400
2114010500
2114010600
2114010700
2114010800
2114010900
2114011000
2114011100
2114011200
2114011300
2114011400
2114011500
2114011600
2114011700
2114011800
2114011900
2114012000
2114012100
2114012200
2114012300
2114012400
2114090100
2114090200
2114090300
2117000000
2117010100
2117010200
2117010300
2117010400
2117090100
2117090200
2117090300
2117090400
2117090500
2117090600
2117090700
2117090800
2117090900
2117091000
2117091100
2117091200
2117091300
2117091400
2117091500
2117091600
2117091700
2117091800
2117091900
2120000000
2120000100
2120000200
2120010100
2120010200
2120010300
2120010400
2120010500
2120010600
2120010700
2120010800
2120010900
2120011000
2120011100
2120011200
2120011300
2120011400
2120011500
2120011600
2120011700
2120011800
2120011900
2120012000
2120012100
2120090100
2120090200
2120090300
2120090400
2123000000
2123000100
2123000200
2123000300
2123000400
2123000500
2123000600
2123000700
2123000800
2123000900
2123001000
2123001100
2123001200
2123001300
2123001400
2123001500
2123001600
2123001700
2123001800
2123001900
2123002000
2123002100
2123002200
2123002300
2123002400
2123002500
2123010100
2123010200
2123010300
2123010400
2123010500
2123010600
2123010700
2123010800
2123010900
2123011000
2123011100
2123090100
2123090200
2123090300
2123090400
2123090500
2123090600
2123090700
2123090800
2123090900
2123091000
2123091100
2123091200
2123091300
2123091400
2123091500
2123091600
2123091700
2123091800
2123091900
2123092000
2123092100
2123092200
2123092300
2123092400
2123092500
2123092600
2126000000
2126000100
2126000200
2126000300
2126000400
2126000500
2126000600
2126000700
2126000800
2126000900
2126001000
2126001100
2126001200
2126001300
2126001400
2126001500
2126001600
2126001700
2126001800
2126001900
2126002000
2126002100
2126002200
2126002300
2126010100
2126010200
2126010300
2126010400
2126010500
2126010600
2126010700
2126010800
2126010900
2126011000
2126011100
2126090100
2126090200
2126090300
2126090400
2126090500
2126090600
2126090700
2126090800
2126090900
2126091000
2126091100
2126091200
2126091300
2126091400
2126091500
2126091600
2126091700
2126091800
2126091900
2126092000
2126092100
2126092200
2126092300
2126092400
2126092500
2129000000
2129000100
2129000200
2129000300
2129000400
2129000500
2129000600
2129000700
2129000800
2129010100
2129010200
2129010300
2129010400
2129010500
2129010600
2129010700
2129010800
2129010900
2129011000
2129011100
2129090100
2129090200
2129090300
2129090400
2129090500
2129090600
2129090700
2129090800
2129090900
2129091000
2129091100
2129091200
2129091300
2129091400
2129091500
2129091600
2129091700
2129091800
2129091900
2129092000
2129092100
2129092200
2129092300
2129092400
2129092500
2129092600
2129092700
2132000000
2132000100
2132000200
2132000300
2132000400
2132000500
2132000600
2132000700
2132000800
2132000900
2132001000
2132001100
2132001200
2132001300
2132001400
2132001500
2132001600
2132001700
2132001800
2132001900
2132002000
2132010100
2132010200
2132010300
2132010400
2132010500
2132010600
2132010700
2132010800
2132010900
2132011000
2132011100
2132011200
2132011300
2132011400
2132011500
2132011600
2132011700
2132090100
2132090200
2132090300
2132090400
2132090500
2132090600
2132090700
2132090800
2132090900
2132091000
2135000000
2135010100
2135010200
2135010300
2135010400
2135010500
2135010600
2135010700
2135010800
2135090100
2135090200
2135090300
2135090400
2135090500
2135090600
2135090700
2135090800
2135090900
2135091000
2138000000
2138010100
2138010200
2138010300
2138010400
2138010500
2138010600
2138010700
2138010800
2138090100
2138090200
2138090300
2138090400
2138090500
2138090600
2138090700
2138090800
2141000000
2141010100
2141010200
2141010300
2141010400
2141010500
2141010600
2141010700
2141010800
2141010900
2141011000
2141011100
2141011200
2141011300
2141090100
2141090200
2141090300
2141090400
2141090500
2141090600
2141090700
2141090800
2141090900
2141091000
2141091100
2141091200
2141091300
2144000000
2144010100
2144010200
2144010300
2144010400
2144010500
2144010600
2144010700
2144010800
2144010900
2144011000
2144011100
2144011200
2144011300
2144011400
2144011500
2144011600
2144011700
2144011800
2144011900
2144012000
2144012100
2144012200
2144090100
2144090200
2200000000
2211000000
2211010100
2211010200
2211010300
2211010400
2211010500
2211010600
2211010700
2211010800
2211010900
2211011000
2211011100
2211011200
2211011300
2211011400
2211011500
2211011600
2211011700
2211011800
2211011900
2211012000
2211012100
2211012200
2211012300
2211012400
2211012500
2211012600
2211012700
2211012800
2211012900
2211013000
2211013100
2211013200
2211013300
2211013400
2211013500
2211013600
2211013700
2211013800
2211013900
2211014000
2211014100
2211014200
2211014300
2211014400
2211014500
2211014600
2211014700
2211014800
2211014900
2211015000
2211015100
2211015200
2211015300
2211015400
2211015500
2211015600
2211015700
2211090100
2211090200
2211090300
2211090400
2211090500
2211090600
2211090700
2211090800
2211090900
2211091000
2211091100
2211091200
2211091300
2211091400
2211091500
2214000000
2214000100
2214000200
2214010100
2214010200
2214010300
2214010400
2214010500
2214010600
2214010700
2214010800
2214010900
2214011000
2214011100
2214011200
2214011300
2214011400
2214011500
2214011600
2214011700
2214011800
2214011900
2214012000
2214012100
2214012200
2214012300
2214012400
2214012500
2214012600
2214012700
2214012800
2214012900
2214013000
2214013100
2214013200
2214013300
2214013400
2214013500
2214013600
2214013700
2214013800
2214013900
2214014000
2214014100
2214014200
2214014300
2214014400
2214014500
2214090100
2214090200
2214090300
2214090400
2214090500
2214090600
2214090700
2214090800
2214090900
2214091000
2214091100
2214091200
2214091300
2214091400
2214091500
2214091600
2214500000
2217000000
2217000100
2217000200
2217000300
2217000400
2217000500
2217000600
2217000700
2217000800
2217000900
2217001000
2217001100
2217001200
2217001300
2217010100
2217010200
2217010300
2217010400
2217010500
2217010600
2217010700
2217010800
2217010900
2217090100
2217090200
2217090300
2217090400
2217090500
2217090600
2217090700
2217090800
2217090900
2217091000
2217091100
2217091200
2217091300
2217091400
2217091500
2217091600
2217091700
2220000000
2220000100
2220000200
2220000300
2220000400
2220000500
2220000600
2220000700
2220000800
2220000900
2220001000
2220010100
2220010200
2220010300
2220090100
2220090200
2220090300
2220090400
2220090500
2220090600
2220090700
2220090800
2220090900
2220091000
2220091100
2220091200
2220091300
2220091400
2220091500
2220091600
2223000000
2223010100
2223010200
2223010300
2223010400
2223010500
2223010600
2223010700
2223010800
2223010900
2223011000
2223011100
2223011200
2223011300
2223011400
2223011500
2223011600
2223011700
2223011800
2223011900
2223012000
2223012100
2223012200
2223012300
2223012400
2223012500
2223012600
2223012700
2223012800
2223012900
2223013000
2223013100
2223090100
2223090200
2223090300
2223090400
2223090500
2223090600
2223090700
2223090800
2223090900
2223091000
2223091100
2223091200
2223091300
2223091400
2223091500
2223091600
2223091700
2223091800
2223091900
2223500000
2226000000
2226010100
2226010200
2226010300
2226010400
2226010500
2226010600
2226010700
2226010800
2226010900
2226011000
2226011100
2226011200
2226011300
2226011400
2226011500
2226011600
2226011700
2226011800
2226011900
2226012000
2226012100
2226012200
2226012300
2226012400
2226012500
2226012600
2226090100
2226090200
2226090300
2226090400
2226090500
2226090600
2226090700
2226090800
2226090900
2226091000
2229000000
2229010100
2229010200
2229010300
2229010400
2229010500
2229010600
2229010700
2229010800
2229010900
2229011000
2229011100
2229011200
2229011300
2229011400
2229011500
2229011600
2229011700
2229011800
2229011900
2229012000
2229012100
2229012200
2229012300
2229012400
2229090100
2229090200
2229090300
2229090400
2229090500
2229090600
2229090700
2229090800
2229090900
2229091000
2229091100
2229091200
2229091300
2300000000
2311000000
2311010100
2311010200
2311010300
2311010400
2311010500
2311010600
2311010700
2311010800
2311010900
2311011000
2311011100
2311011200
2311011300
2311011400
2311011500
2311011600
2311011700
2311011800
2311011900
2311012000
2311012100
2311012200
2311012300
2311012400
2311012500
2311012600
2311012700
2311012800
2311012900
2311013000
2311013100
2311013200
2311013300
2311013400
2311013500
2311013600
2311013700
2311013800
2311013900
2311014000
2311014100
2311014200
2311014300
2311014400
2311014500
2311014600
2311014700
2311014800
2311014900
2311015000
2311015100
2311015200
2311090100
2311090200
2311090300
2311090400
2311090500
2311500000
2311600000
2314000000
2314010100
2314010200
2314010300
2314010400
2314010500
2314010600
2314010700
2314090100
2314090200
2314090300
2314090400
2314090500
2314090600
2314090700
2314090800
2314090900
2314091000
2314091100
2314091200
2317000000
2317000100
2317000200
2317000300
2317000400
2317000500
2317000600
2317000700
2317000800
2317000900
2317001000
2317001100
2317010100
2317010200
2317010300
2317010400
2317010500
2317010600
2317010700
2317010800
2317010900
2317011000
2317011100
2317011200
2317090100
2317090200
2317090300
2317090400
2317090500
2317090600
2317090700
2317090800
2317090900
2317091000
2317091100
2317091200
2317091300
2317091400
2317091500
2317091600
2317091700
2317091800
2317091900
2317092000
2317092100
2317092200
2320000000
2320010100
2320010200
2320010300
2320010400
2320010500
2320010600
2320010700
2320010800
2320010900
2320011000
2320011100
2320011200
2320090100
2320090200
2320090300
2320090400
2320090500
2320090600
2320090700
2320090800
2323000000
2323000100
2323000200
2323000300
2323000400
2323000500
2323000600
2323000700
2323000800
2323000900
2323001000
2323001100
2323001200
2323010100
2323010200
2323010300
2323010400
2323010500
2323010600
2323010700
2323010800
2323010900
2323011000
2323011100
2323011200
2323011300
2323011400
2323011500
2323011600
2323011700
2323011800
2323011900
2323012000
2323012100
2323012200
2323012300
2323012400
2323012500
2323012600
2323012700
2323012800
2323012900
2323013000
2323013100
2323013200
2323090100
2323090200
2323090300
2323090400
2323090500
2323090600
2323090700
2323090800
2323090900
2323091000
2323091100
2323091200
2323091300
2323500000
2326000000
2326010100
2326010200
2326010300
2326010400
2326010500
2326010600
2326010700
2326010800
2326010900
2326011000
2326011100
2326011200
2326090100
2326090200
2326090300
2326090400
2326090500
2326090600
2400000000
2411000000
2411010100
2411010200
2411010300
2411010400
2411010500
2411010600
2411010700
2411010800
2411010900
2411011000
2411011100
2411011200
2411011300
2411011400
2411011500
2411011600
2411011700
2411011800
2411011900
2411012000
2411012100
2411012200
2411012300
2411012400
2411012500
2411012600
2411012700
2411012800
2411012900
2411013000
2411013100
2411013200
2411013300
2411013400
2411090100
2411090200
2411090300
2411090400
2411090500
2411090600
2411090700
2411090800
2411090900
2411091000
2411091100
2411091200
2411091300
2411091400
2411091500
2411091600
2411091700
2411091800
2411091900
2411092000
2414000000
2414010100
2414010200
2414010300
2414010400
2414010500
2414010600
2414010700
2414010800
2414010900
2414011000
2414011100
2414011200
2414011300
2414011400
2414011500
2414011600
2414011700
2414011800
2414011900
2414012000
2414012100
2414012200
2414012300
2414012400
2414012500
2414090100
2414090200
2414090300
2414090400
2414090500
2414090600
2414090700
2414090800
2414090900
2414091000
2414091100
2414091200
2414091300
2414091400
2414091500
2414091600
2414091700
2414091800
2414091900
2414092000
2414092100
2414092200
2414092300
2414092400
2417000000
2417010100
2417010200
2417010300
2417010400
2417010500
2417010600
2417010700
2417010800
2417010900
2417011000
2417011100
2417011200
2417011300
2417011400
2417011500
2417011600
2417011700
2417011800
2417011900
2417012000
2417012100
2417012200
2417012300
2417012400
2417012500
2417012600
2417012700
2417012800
2417012900
2417013000
2417013100
2417013200
2417013300
2417013400
2417013500
2417013600
2417013700
2417013800
2417013900
2417014000
2417014100
2417090100
2417090200
2417090300
2417090400
2417090500
2417090600
2417090700
2417090800
2417090900
2417091000
2417091100
2417091200
2417091300
2420000000
2420010100
2420010200
2420010300
2420010400
2420010500
2420010600
2420010700
2420010800
2420010900
2420011000
2420011100
2420011200
2420011300
2420011400
2420011500
2420011600
2420011700
2420011800
2420011900
2420012000
2420012100
2420012200
2420012300
2420012400
2420012500
2420012600
2420012700
2420012800
2420012900
2420013000
2420013100
2420013200
2420013300
2420013400
2420013500
2420013600
2420013700
2420013800
2420013900
2420014000
2420014100
2420014200
2420014300
2420014400
2420014500
2420014600
2420014700
2420014800
2420014900
2420015000
2420015100
2420015200
2420015300
2420015400
2420015500
2420015600
2420015700
2420015800
2420015900
2420016000
2420016100
2420016200
2420016300
2420016400
2420016500
2420016600
2420016700
2420016800
2420016900
2420017000
2420017100
2420017200
2420017300
2420017400
2420017500
2420017600
2420017700
2420017800
2420017900
2420018000
2420018100
2420018200
2420018300
2420018400
2420018500
2420018600
2420018700
2420018800
2420018900
2420019000
2420019100
2420019200
2420019300
2420019400
2420019500
2420019600
2420019700
2420019800
2420019900
2420020000
2420020100
2420020200
2420020300
2420020400
2420020500
2420090100
2420090200
2420090300
2420090400
2420090500
2500000000
2511000000
2511010100
2511010200
2511010300
2511010400
2511010500
2511010600
2511010700
2511010800
2511010900
2511011000
2511011100
2511011200
2511011300
2511011400
2511011500
2511011600
2511011700
2511011800
2511011900
2511012000
2511012100
2511012200
2511012300
2511012400
2511012500
2511012600
2511012700
2511012800
2511012900
2511013000
2511013100
2511013200
2511013300
2511013400
2511013500
2511013600
2511013700
2511013800
2511013900
2511014000
2511014100
2511014200
2511014300
2511014400
2511014500
2511090100
2511090200
2511090300
2511090400
2511090500
2511090600
2511090700
2511090800
2511090900
2514000000
2514010100
2514010200
2514010300
2514010400
2514010500
2514010600
2514010700
2514010800
2514010900
2514011000
2514011100
2514011200
2514011300
2514011400
2514011500
2514011600
2514011700
2514011800
2514011900
2514012000
2514012100
2514012200
2514012300
2514012400
2514012500
2514012600
2514090100
2514090200
2514090300
2514090400
2514090500
2514090600
2514090700
2514090800
2514090900
2514091000
2514091100
2514091200
2514091300
2514091400
2514091500
2514091600
2514091700
2517000000
2517010100
2517010200
2517010300
2517010400
2517010500
2517010600
2517010700
2517010800
2517010900
2517011000
2517011100
2517011200
2517011300
2517011400
2517011500
2517011600
2517011700
2517011800
2517011900
2517012000
2517012100
2517012200
2517012300
2517012400
2517012500
2517012600
2517012700
2517012800
2517090100
2517090200
2517090300
2520000000
2520010100
2520010200
2520010300
2520010400
2520010500
2520010600
2520010700
2520010800
2520010900
2520011000
2520011100
2520011200
2520011300
2520011400
2520011500
2520011600
2520011700
2520011800
2520011900
2520012000
2520012100
2520012200
2520012300
2520012400
2520012500
2520012600
2520012700
2520012800
2520012900
2520013000
2520013100
2520013200
2520013300
2520013400
2520013500
2520013600
2520013700
2520013800
2520013900
2520014000
2520014100
2520014200
2520014300
2520014400
2520014500
2520014600
2520014700
2520014800
2520014900
2520015000
2520015100
2520015200
2520015300
2520090100
2520090200
2520090300
2520090400
2520090500
2523000000
2523010100
2523010200
2523010300
2523010400
2523010500
2523010600
2523010700
2523010800
2523010900
2523011000
2523011100
2523011200
2523011300
2523011400
2523011500
2523011600
2523011700
2523011800
2523011900
2523012000
2523012100
2523012200
2523012300
2523012400
2523012500
2523090100
2523090200
2523090300
2600000000
2611000000
2611010100
2611010200
2611010300
2611010400
2611010500
2611010600
2611010700
2611010800
2611010900
2611011000
2611011100
2611011200
2611011300
2611011400
2611011500
2611011600
2611011700
2611011800
2611011900
2611012000
2611012100
2611012200
2611012300
2611012400
2611012500
2611012600
2611012700
2611012800
2611012900
2611013000
2611013100
2611013200
2611013300
2611013400
2611013500
2611013600
2611013700
2611013800
2611013900
2611014000
2611014100
2614000000
2614010100
2614010200
2614010300
2614010400
2614010500
2614010600
2614010700
2614010800
2614010900
2614011000
2614011100
2614011200
2614011300
2614011400
2614011500
2614011600
2614011700
2614011800
2614011900
2614012000
2614012100
2614012200
2614012300
2614012400
2617000000
2617010100
2617010200
2617010300
2617010400
2620000000
2620010100
2620010200
2620010300
2620010400
2620010500
2620010600
2620010700
2620010800
2620010900
2620011000
2620011100
2620011200
2620011300
2620011400
2620011500
2620011600
2620011700
2620011800
2620011900
2620012000
2620012100
2623000000
2623010100
2623010200
2623010300
2623010400
2623010500
2623010600
2623010700
2623010800
2623010900
2623011000
2623011100
2626000000
2626010100
2626010200
2626010300
2626010400
2626010500
2626010600
2626010700
2626010800
2626010900
2626011000
2626011100
2629000000
2629010100
2629010200
2629010300
2629010400
2629010500
2629010600
2629010700
2629010800
2629010900
2629011000
2629011100
2632000000
2632010100
2632010200
2632010300
2632010400
2632010500
2632010600
2632010700
2632010800
2632010900
2632011000
2632011100
2632011200
2632011300
2635000000
2635010100
2635010200
2635010300
2635010400
2635010500
2635010600
2635010700
2635010800
2638000000
2638010100
2638010200
2638010300
2638010400
2638010500
2638010600
2638010700
2638010800
2641000000
2641010100
2641010200
2641010300
2641010400
2641010500
2641010600
2641010700
2641010800
2641010900
2641011000
2641011100
2641011200
2641011300
2644000000
2644010100
2644010200
2644010300
2644010400
2644010500
2644010600
2644010700
2644010800
2644010900
2644011000
2644011100
2644011200
2644011300
2644011400
2644011500
2644011600
2644011700
2644011800
2644011900
2644012000
2644012100
2644012200
2647000000
2647010100
2647010200
2650000000
2650010100
2650010200
2650010300
2650010400
2650010500
2653000000
2653010100
2653010200
2653010300
2653010400
2653010500
2653010600
2653010700
2653010800
2671000000
2671025000
2671025021
2671025022
2671025023
2671025024
2671025025
2671025026
2671025027
2671025028
2671025029
2671025030
2671025031
2671025032
2671025033
2671025034
2671025300
2671025321
2671025322
2671025323
2671025324
2671025325
2671025326
2671025327
2671025328
2671025329
2671025330
2671025331
2671025332
2671025333
2671025334
2671025600
2671025621
2671025622
2671025623
2671025624
2671025625
2671025626
2671025627
2671025628
2671025629
2671025630
2671025900
2671025921
2671025922
2671025923
2671025924
2671025925
2671025926
2671025927
2671025928
2671025929
2671025930
2671025931
2671025932
2671025933
2671031000
2671031021
2671031022
2671031023
2671031024
2671031025
2671031026
2671031027
2671031028
2671031029
2671031030
2671031031
2671031032
2671031033
2671032000
2671032021
2671032022
2671032023
2671032024
2671032025
2671032026
2671032027
2671032028
2671032029
2671032030
2671033000
2671033021
2671033022
2671033023
2671033024
2671033025
2671033026
2671033027
2671033028
2671033029
2671033030
2671033031
2700000000
2711000000
2711010100
2711010200
2711010300
2711010400
2711010500
2711010600
2711010700
2711010800
2711010900
2711011000
2711011100
2711011200
2711011300
2711011400
2711011500
2711011600
2711011700
2711011800
2711011900
2711012000
2711012100
2711012200
2711012300
2711012400
2711012500
2711012600
2711012700
2711012800
2711012900
2711013000
2711013100
2711013200
2711013300
2711013400
2711013500
2711013600
2711013700
2711013800
2711013900
2711014000
2711014100
2711014200
2711014300
2711014400
2711014500
2711014600
2711014700
2711014800
2711014900
2711015000
2711015100
2711015200
2711015300
2711015400
2711015500
2711015600
2711015700
2714000000
2714010100
2714010200
2714010300
2714010400
2714010500
2714010600
2714010700
2714010800
2714010900
2714011000
2714011100
2714011200
2714011300
2714011400
2714011500
2714011600
2714011700
2714011800
2714011900
2714012000
2714012100
2714012200
2714012300
2714012400
2714012500
2714012600
2714012700
2714012800
2714012900
2714013000
2714013100
2714013200
2714013300
2714013400
2714013500
2714013600
2714013700
2714013800
2714013900
2714014000
2714014100
2714014200
2714014300
2714014400
2714014500
2714500000
2717000000
2717010100
2717010200
2717010300
2717010400
2717010500
2717010600
2717010700
2717010800
2717010900
2720000000
2720010100
2720010200
2720010300
2723000000
2723010100
2723010200
2723010300
2723010400
2723010500
2723010600
2723010700
2723010800
2723010900
2723011000
2723011100
2723011200
2723011300
2723011400
2723011500
2723011600
2723011700
2723011800
2723011900
2723012000
2723012100
2723012200
2723012300
2723012400
2723012500
2723012600
2723012700
2723012800
2723012900
2723013000
2723013100
2723500000
2726000000
2726010100
2726010200
2726010300
2726010400
2726010500
2726010600
2726010700
2726010800
2726010900
2726011000
2726011100
2726011200
2726011300
2726011400
2726011500
2726011600
2726011700
2726011800
2726011900
2726012000
2726012100
2726012200
2726012300
2726012400
2726012500
2726012600
2726012700
2729000000
2729010100
2729010200
2729010300
2729010400
2729010500
2729010600
2729010700
2729010800
2729010900
2729011000
2729011100
2729011200
2729011300
2729011400
2729011500
2729011600
2729011700
2729011800
2729011900
2729012000
2729012100
2729012200
2729012300
2729012400
2729012500
2771000000
2771025000
2771025021
2771025022
2771025023
2771025024
2771025025
2771025026
2771025300
2771025321
2771025322
2771025323
2771025324
2771025325
2771025326
2771025327
2771025328
2771025329
2771025600
2771025621
2771025622
2771025623
2771025624
2771025625
2771025626
2771025627
2771025628
2771025629
2771025630
2771025631
2771025900
2771025921
2771025922
2771025923
2771025924
2771025925
2771025926
2771025927
2771025928
2771025929
2771025930
2771025931
2771025932
2771025933
2771026200
2771026221
2771026222
2771026223
2771026224
2771026225
2771026226
2771026227
2771026228
2771026229
2771026500
2771026521
2771026522
2771026523
2771026524
2771026525
2771026526
2771026527
2771026528
2771026529
2771026530
2771026531
2771031000
2771031021
2771031022
2771031023
2771031024
2771031025
2771031026
2771031027
2771031028
2771031029
2771031030
2771031031
2771031032
2771032000
2771032032
2771032033
2771032034
2771032035
2771032036
2771032037
2771032038
2771032039
2771032040
2771032041
2771032042
2771033000
2771033021
2771033022
2771033023
2771033024
2771033025
2771033026
2771033027
2771033028
2771033029
2771034000
2771034021
2771034022
2771034023
2771034024
2771034025
2771034026
2771034027
2771034028
2771034029
2771035000
2771035021
2771035022
2771035023
2771035024
2771035025
2771035026
2771035027
2771035028
2771035029
2771036000
2771036021
2771036022
2771036023
2771036024
2771036025
2771036026
2771036027
2771036028
2771036029
2771036030
2771036031
2771037000
2771037021
2771037022
2771037023
2771037024
2771037025
2771037026
2771037027
2771037028
2771037029
2771037030
2771037031
2771037032
2771037033
2771038000
2771038021
2771038022
2771038023
2771038024
2771038025
2771038026
2771038027
2771038028
2771038029
2771038030
2771038031
2771038032
2771038033
2771038034
2771038035
2772000000
2772025000
2772025021
2772025022
2772025023
2772025024
2772025025
2772025026
2772025027
2772025028
2772025029
2772025030
2772025031
2772025032
2772025033
2772025034
2772025035
2772025036
2772025037
2772031000
2772031021
2772031022
2772031023
2772031024
2772031025
2772031026
2772031027
2772031028
2772031029
2772031030
2772031031
2772031032
2772031033
2772031034
2772032000
2772032021
2772032022
2772032023
2772032024
2772032025
2772032026
2772032027
2772032028
2772032029
2772032030
2772032031
2772032032
2772032033
2772032034
2772032035
2772033000
2772033021
2772033022
2772033023
2772033024
2772033025
2772033026
2772033027
2772033028
2772034000
2772034021
2772034022
2772034023
2772034024
2772034025
2772034026
2772034027
2772034028
2772034029
2772035000
2772035021
2772035022
2772035023
2772035024
2772035025
2772035026
2772035027
2772035028
2772035029
2772035030
2772035031
2772036000
2772036021
2772036022
2772036023
2772036024
2772036025
2772036026
2772036027
2772037000
2772037021
2772037022
2772037023
2772037024
2772037025
2772037026
2772037027
2772037028
2772037029
2772037030
2772037031
2800000000
2811000000
2811010100
2811010200
2811010300
2811010400
2811010500
2811010600
2811010700
2811010800
2811010900
2811011000
2811011100
2811011200
2811011300
2811011400
2811011500
2811011600
2811011700
2811011800
2811011900
2811012000
2811012100
2811012200
2811012300
2811012400
2811012500
2811012600
2811012700
2811012800
2811012900
2811013000
2811013100
2811013200
2811013300
2811013400
2811013500
2811013600
2811013700
2811013800
2811013900
2811014000
2811014100
2811014200
2811014300
2811014400
2811014500
2811014600
2811014700
2811014800
2811014900
2811015000
2811015100
2811015200
2811500000
2811600000
2814000000
2814010100
2814010200
2814010300
2814010400
2814010500
2814010600
2814010700
2817000000
2817010100
2817010200
2817010300
2817010400
2817010500
2817010600
2817010700
2817010800
2817010900
2817011000
2817011100
2817011200
2817700000
2817710100
2817710200
2817710300
2817710400
2817710500
2817710600
2817710700
2818500000
2818510100
2818510200
2818510300
2818510400
2818510500
2818510600
2820000000
2820010100
2820010200
2820010300
2820010400
2820010500
2820010600
2820010700
2820010800
2820010900
2820011000
2820011100
2823000000
2823010100
2823010200
2823010300
2823010400
2823010500
2823010600
2823010700
2823010800
2823010900
2823011000
2823011100
2823011200
2823011300
2823011400
2823011500
2823011600
2823011700
2823011800
2823011900
2823012000
2823012100
2823012200
2823012300
2823012400
2823012500
2823012600
2823012700
2823012800
2823012900
2823013000
2823013100
2823013200
2823500000
2823700000
2823700100
2823700200
2823700300
2823700400
2823710100
2823710200
2823710300
2823710400
2823710500
2823710600
2823710700
2823710800
2823710900
2824500000
2824510100
2824510200
2824510300
2824510400
2824510500
2824510600
2824510700
2824510800
2824510900
2824511000
2824511100
2824511200
2824511300
2824511400
2824511500
2824511600
2824511700
2824511800
2824511900
2824512000
2824512100
2824512200
2824512300
2824513300
2826000000
2826010100
2826010200
2826010300
2826010400
2826010500
2826010600
2826010700
2826010800
2826010900
2826011000
2826011100
2826011200
2826011300
2826011400
2826011500
2826011600
2826011700
2826011800
2826011900
2826012000
2826012100
2826012200
2826500000
2871000000
2871025000
2871025021
2871025022
2871025023
2871025024
2871025025
2871025026
2871025027
2871025028
2871025029
2871031000
2871031021
2871031022
2871031023
2871031024
2871031025
2871031026
2871031027
2871032000
2871032021
2871032022
2871032023
2871032024
2871032025
2871032026
2871032027
2871032028
2871033000
2871033021
2871033022
2871033023
2871033024
2871033025
2871033026
2871034000
2871034021
2871034022
2871034023
2871034024
2871034025
2871034026
2871034027
2871034028
2871034029
2871035000
2871035021
2871035022
2871035023
2871035024
2871035025
2871035026
2871035027
2871035028
2871036000
2871036021
2871036022
2871036023
2871036024
2871036025
2871037000
2871037021
2871037022
2871037023
2871037024
2871037025
2871037026
2871037027
2871037028
2871038000
2871038021
2871038022
2871038023
2871038024
2871038025
2871039000
2871039021
2871039022
2871039023
2871039024
2871039025
2871039026
2871039027
2871040000
2871040021
2871040022
2871040023
2871040024
2871040025
2871040026
2871040027
2871040028
2871040029
2871040030
2871040031
2871040032
2871040033
2871041000
2871041021
2871041022
2871041023
2871041024
2871041025
2871041026
2871041027
2871042000
2871042021
2871042022
2871042023
2871042024
2872000000
2872031000
2872031021
2872031022
2872031023
2872031024
2872032000
2872032021
2872032022
2872033000
2872033021
2872033022
2872033023
2872033024
2872033025
2872034000
2872034021
2872034022
2872035000
2872035021
2872035022
2872035023
2872035024
2872035025
2872035026
2872035027
2872035028
2872036000
2872036021
2872036022
2872036023
2872037000
2872037021
2872037022
2872037023
2872038000
2872038021
2900000000
2911000000
2911010100
2911010200
2911010300
2911010400
2911010500
2911010600
2911010700
2911010800
2911010900
2911011000
2911011100
2911011200
2911011300
2911011400
2911011500
2911011600
2911011700
2911011800
2911011900
2911012000
2911012100
2911012200
2911012300
2911012400
2911012500
2911012600
2911012700
2911012800
2911012900
2911013000
2911013100
2911013200
2911013300
2911013400
2914000000
2914010100
2914010200
2914010300
2914010400
2914010500
2914010600
2914010700
2914010800
2914010900
2914011000
2914011100
2914011200
2914011300
2914011400
2914011500
2914011600
2914011700
2914011800
2914011900
2914012000
2914012100
2914012200
2914012300
2914012400
2914012500
2914012600
2914012700
2914012800
2914012900
2914013000
2914013100
2914013200
2914013300
2915500000
2915510100
2915510200
2915510300
2915510400
2915510500
2915510600
2915510700
2915510800
2915510900
2915511000
2915511100
2915511200
2915511300
2915511400
2915511500
2915511600
2915511700
2915511800
2915511900
2915512000
2915512100
2915512200
2915512300
2915512400
2915512500
2915512600
2915512700
2915512800
2915512900
2915513000
2917000000
2917010100
2917010200
2917010300
2917010400
2917010500
2917010600
2917010700
2917010800
2917010900
2917011000
2917011100
2917011200
2917011300
2917011400
2917011500
2917011600
2917011700
2917011800
2917011900
2917012000
2917012100
2917012200
2917012300
2917012400
2917012500
2917012600
2917012700
2917012800
2917012900
2917013000
2917013100
2917013200
2917013300
2917013400
2917013500
2917013600
2917013700
2917013800
2917013900
2917014000
2917014100
2920000000
2920000100
2920010100
2920010200
2920010300
2920010400
2920010500
2920010600
2920010700
2920010800
2920010900
2920011000
2920011100
2920011200
2920011300
2920011400
2920011500
2920011600
2920011700
2920011800
2920011900
2920012000
2920012100
2920012200
2920012300
2920012400
2920012500
2920012600
2920012700
2920012800
2920012900
2920013000
2920013100
2920013200
2920013300
2920013400
2920013500
2920013600
2920013700
2920013800
2920013900
2920014000
2920014100
2920014200
2920014300
2920014400
2920014500
2920014600
2920014700
2920014800
2920014900
2920015000
2920015100
2920015200
2920015300
2920015400
2920015500
2920015600
2920015700
2920015800
2920015900
2920016000
2920016100
2920016200
2920016300
2920016400
2920016500
2920016600
2920016700
2920016800
2920016900
2920017000
2920017100
2920017200
2920017300
2920017400
2920017500
2920017600
2920017700
2920017800
2920017900
2920018000
2920018100
2920018200
2920018300
2920018400
2920018500
2920018600
2920018700
2920018800
2920018900
2920019000
2920019100
2920019200
2920019300
2920019400
2920019500
2920019600
2920019700
2920019800
2920019900
2920020000
2920020100
2920020200
2920020400
3000000000
3011000000
3011010100
3011010200
3011010300
3011010400
3011010500
3011010600
3011010700
3011010800
3011010900
3011011000
3011011100
3011011200
3011011300
3011011400
3011011500
3011011600
3011011700
3011011800
3011011900
3011012000
3011012100
3011012200
3011012300
3011012400
3011012500
3011012600
3011012700
3011012800
3011012900
3011013000
3011013100
3011013200
3011013300
3011013400
3011013500
3011013600
3011013700
3011013800
3011013900
3011014000
3011014100
3011014200
3011014300
3011014400
3011014500
3014000000
3014010100
3014010200
3014010300
3014010400
3014010500
3014010600
3014010700
3014010800
3014010900
3014011000
3014011100
3014011200
3014011300
3014011400
3014011500
3014011600
3014011700
3014011800
3014011900
3014012000
3014012100
3014012200
3014012300
3014012400
3014012500
3014012600
3017000000
3017010100
3017010200
3017010300
3017010400
3017010500
3017010600
3017010700
3017010800
3017010900
3017011000
3017011100
3017011200
3017011300
3017011400
3017011500
3017011600
3017011700
3017011800
3017011900
3017012000
3017012100
3017012200
3017012300
3017012400
3017012500
3017012600
3017012700
3017012800
3020000000
3020010100
3020010200
3020010300
3020010400
3020010500
3020010600
3020010700
3020010800
3020010900
3020011000
3020011100
3020011200
3020011300
3020011400
3020011500
3020011600
3020011700
3020011800
3020011900
3020012000
3020012100
3020012200
3020012300
3020012400
3020012500
3020012600
3020012700
3020012800
3020012900
3020013000
3020013100
3020013200
3020013300
3020013400
3020013500
3020013600
3020013700
3020013800
3020013900
3020014000
3020014100
3020014200
3020014300
3020014400
3020014500
3020014600
3020014700
3020014800
3020014900
3020015000
3020015100
3020015200
3020015300
3023000000
3023010100
3023010200
3023010300
3023010400
3023010500
3023010600
3023010700
3023010800
3023010900
3023011000
3023011100
3023011200
3023011300
3023011400
3023011500
3023011600
3023011700
3023011800
3023011900
3023012000
3023012100
3023012200
3023012300
3023012400
3023012500
3023012600
3100000000
3111000000
3111010100
3111010200
3111010300
3111010400
3111010500
3111010600
3111010700
3111010800
3111010900
3111011000
3111011100
3111011200
3111011300
3111011400
3111011500
3111011600
3111011700
3111011800
3114000000
3114010100
3114010200
3114010300
3114010400
3114010500
3114010600
3114010700
3114010800
3114010900
3114011000
3114011100
3114011200
3114011300
3114011400
3114011500
3114011600
3114011700
3114011800
3114011900
3117000000
3117010100
3117010200
3117010300
3117010400
3117010500
3117010600
3117010700
3117010800
3117010900
3120000000
3120010100
3120010200
3120010300
3120010400
3120010500
3120010600
3120010700
3120010800
3120010900
3120011000
3120011100
3120011200
3120011300
3120011400
3120011500
3120011600
3120011700
3120011800
3120011900
3120012000
3120012100
3120012200
3120012300
3120012400
3120012500
3120012600
3120012700
3171000000
3171025000
3171025021
3171025022
3171025023
3171025024
3171025025
3171025026
3171025027
3171025028
3171025029
3171025030
3171025031
3171025032
3171025033
3171025300
3171025321
3171025322
3171025323
3171025324
3171025325
3171025326
3171025327
3171025328
3171025329
3171025330
3171025331
3171025332
3171025333
3171025334
3171025335
3171025600
3171025621
3171025622
3171025623
3171025624
3171025625
3171025626
3171025627
3171025628
3171025629
3171025630
3171025900
3171025921
3171025922
3171025923
3171025924
3171025925
3171025926
3171025927
3171025928
3171025929
3171025930
3171026200
3171026221
3171026222
3171026223
3171026224
3171026225
3171026226
3171026227
3171026228
3171026229
3171026500
3171026521
3171026522
3171026523
3171026524
3171026525
3171031000
3171031021
3171031022
3171031023
3171031024
3171031025
3171031026
3171031027
3171031028
3171031029
3171031030
3171032000
3171032021
3171032022
3171032023
3171032024
3171032025
3171032026
3171032027
3171032028
3171032029
3171032030
3171033000
3171033021
3171033022
3171033023
3171033024
3171033025
3171033026
3171033027
3171033028
3171033029
3171034000
3171034021
3171034022
3171034023
3171034024
3171034025
3171034026
3171034027
3171034028
3171034029
3171035000
3171035021
3171035022
3171035023
3171035024
3171035025
3171035026
3171035027
3171035028
3171035029
3171035030
3171036000
3171036021
3171036022
3171036023
3171036024
3171036025
3171036026
3171036027
3171036028
3171037000
3171037021
3171037022
3171037023
3171037024
3171037025
3171037026
3171037027
3171037028
3171037029
3171038000
3171038021
3171038022
3171038023
3171038024
3171038025
3171038026
3171038027
3171038028
3171038029
3171038030
3171038031
3171038032
3171038033
3171038034
3171039000
3171039021
3171039022
3171039023
3171039024
3171039025
3171040000
3171040021
3171040022
3171040023
3171040024
3171040025
3171040026
3171040027
3600000000
3611000000
3611010100
3611010200
3611010300
3611010400
3611010500
3611010600
3611010700
3611010800
3611010900
3611011000
3611011100
3611011200
3611011300
3611011400
3611011500
3611011600
3611011700
3611011800
3611011900
3611012000
3611012100
3611012200
3611012300
3611025000
3611025021
3611025022
3611025023
3611025024
3611025025
3611025026
3611025027
3611025028
3611025029
3611025030
3611025031
3611025032
3611025033
3611025034
3611031000
3611031021
3611031022
3611031023
3611031024
3611031025
3611031026
3611031027
3611031028
3611031029
3611032000
3611032021
3611032022
3611032023
3611032024
3611032025
3611032026
3611032027
3611032028
3611032029
3611032030
3611033000
3611033021
3611033022
3611033023
3611033024
3611033025
3611033026
3611033027
3611033028
3611034000
3611034021
3611034022
3611034023
3611034024
3611034025
3611034026
3611034027
3611034028
3611034029
3611034030
3611034031
3611034032
3611034033
3611034034
3611034035
3611034036
3611034037
3611034038
3611034039
3611034040
3611034041
3611034042
3611034043
3611034044
3611034045
3611034046
3611034047
3611035000
3611035021
3611035022
3611035023
3611035024
3611035025
3611035026
3611035027
3611035028
3611035029
3611035030
3611035031
3611035032
3611035033
3611035034
3611036000
3611036021
3611036022
3611036023
3611036024
3611036025
3611036026
3611036027
3611036028
3611036029
3611036030
3611036031
3611036032
3611036033
3611037000
3611037021
3611037022
3611037023
3611037024
3611037025
3611037026
3611037027
3611037028
3611037029
3611037030
3611037031
3611037032
3611037033
3611037034
3611037035
3611038000
3611038021
3611038022
3611038023
3611038024
3611038025
3611038026
3611038027
3611038028
3611038029
3611038030
3611038031
3611039000
3611039021
3611039022
3611039023
3611039024
4100000000
4101000000
4101000100
4101000200
4101000300
4101000400
4101000500
4101000600
4101000700
4101000800
4101000900
4101001000
4101001100
4101001200
4101001300
4101001400
4101001500
4101001600
4101001700
4101001800
4101001900
4101002000
4101002100
4101002200
4101002300
4101002400
4101002500
4101002600
4101002700
4101002800
4101002900
4101003000
4101003100
4101003200
4101003300
4101003400
4101003500
4101003600
4101003700
4101003800
4101003900
4101004000
4101004100
4101004200
4101004300
4101004400
4101004500
4101004600
4101004700
4101004800
4101004900
4101005000
4101005100
4101005200
4101005300
4101005400
4101005500
4101005600
4101005700
4101005800
4101005900
4101006000
4101006100
4101006200
4101006300
4101006400
4101006500
4101006600
4101006700
4101006800
4101006900
4101007000
4101007100
4101007200
4101007300
4101007400
4101007500
4101007600
4101007700
4101007800
4101007900
4101008000
4101008100
4101008200
4101008300
4101008400
4101008500
4101008600
4101008700
4101008800
4101008900
4101009000
4101009100
4101009200
4101009300
4101009400
4101009500
4101009600
4101009700
4101009800
4101009900
4101010000
4101010100
4101010200
4101010300
4101010400
4101010500
4101010600
4101010700
4101100000
4101100100
4101100200
4101100300
4101100400
4101100500
4101100600
4101100700
4101100800
4101100900
4101101000
4101101100
4101101200
4101101300
4101101400
4101101500
4101101600
4101101700
4101101800
4101101900
4101102000
4101102100
4101102200
4101102300
4101102400
4101102500
4101102600
4101102700
4101102800
4101102900
4101103000
4101103100
4101103200
4101103300
4101103400
4101103500
4101103600
4101103700
4101103800
4101103900
4101104000
4101104100
4101104200
4101104300
4101104400
4101104500
4101104600
4101104700
4101104800
4101104900
4101105000
4101105100
4101105200
4101200000
4101200100
4101200200
4101200300
4101200400
4101200500
4101200600
4101200700
4101200800
4101200900
4101201000
4101201100
4101201200
4101201300
4101201400
4101201500
4101201600
4101201700
4101201800
4101201900
4101202000
4101300000
4101300100
4101300200
4101300300
4101300400
4101300500
4101300600
4101300700
4101300800
4101300900
4101301000
4101301100
4101301200
4101301300
4101301400
4101301500
4101301600
4101301700
4101301800
4101301900
4101302000
4101302100
4101302200
4101302300
4101302400
4101302500
4101302600
4101302700
4101302800
4101302900
4101303000
4101303100
4101303200
4101303300
4101303400
4101303500
4101303600
4101400000
4101400100
4101400200
4101400300
4101400400
4101400500
4101400600
4101400700
4101400800
4101400900
4101401000
4101401100
4101401200
4101401300
4101401400
4101401500
4101401600
4101401700
4101401800
4101401900
4101402000
4101402100
4101402200
4101402300
4101402400
4101402500
4101402600
4101402700
4101402800
4101402900
4101403000
4101403100
4101403200
4101403300
4105000000
4105001000
4105001001
4105001002
4105001003
4105001004
4105001005
4105001006
4105001007
4105001008
4105001009
4105001010
4105003000
4105003001
4105003002
4105003003
4105003004
4105003005
4105003006
4105003007
4105003008
4105003009
4105003010
4105003011
4105003012
4105003013
4105003014
4105003500
4105003501
4105003502
4105003503
4105003504
4105003505
4105003506
4105003507
4105003508
4105003509
4105003510
4105004000
4105004001
4105004002
4105004003
4105004004
4105004005
4105004006
4105004007
4105004008
4105004009
4105004010
4105004011
4105004012
4105004013
4105004014
4105004015
4105004016
4105004017
4105004018
4105004019
4105004500
4105004501
4105004502
4105004503
4105004504
4105005000
4105005001
4105005002
4105005003
4105005004
4105005500
4105005501
4105005502
4105005503
4105005504
4105006000
4105006001
4105006002
4105006003
4105006004
4105006005
4105006006
4105006007
4105006008
4105006009
4105006500
4105006501
4105006502
4105006503
4105006504
4105006505
4105007000
4105007001
4105007002
4105007003
4105007004
4105007005
4110500000
4111000000
4111000100
4111010100
4111010200
4111010300
4111010400
4111010500
4111010600
4111010700
4111010800
4111010900
4111011000
4111011100
4111011200
4111011300
4111011400
4111011500
4111011600
4111011700
4111011800
4111011900
4111012000
4111012100
4111012200
4111012300
4111012400
4111012500
4111012600
4111012700
4111012800
4111012900
4111013000
4111013100
4111013200
4111013300
4111013400
4111013500
4111013600
4111013700
4111013800
4111013900
4111014000
4111014100
4111014200
4111014300
4111014400
4111014500
4111014600
4111014700
4111014800
4111014900
4111015000
4111015100
4111090100
4111090200
4111090300
4111090400
4111090500
4111090600
4111090700
4111090800
4111090900
4111091000
4111091100
4111091200
4111100000
4111110100
4111110200
4111110300
4111110400
4111110500
4111110600
4111110700
4111110800
4111110900
4111111000
4111111100
4111111200
4111111300
4111111400
4111111500
4111111600
4111111700
4111111800
4111111900
4111112000
4111112100
4111112200
4111112300
4111112400
4111112500
4111112600
4111112700
4111112800
4111112900
4111113000
4111113100
4111113200
4111113300
4111113400
4111113500
4111113600
4111113700
4111113800
4111113900
4111191300
4111191400
4111191500
4111191600
4111191700
4111191800
4111191900
4111300000
4111310100
4111310200
4111310300
4111310400
4111310500
4111310600
4111310700
4111310800
4111310900
4111311000
4111311100
4111311200
4111311300
4111311400
4111311500
4111311600
4111311700
4111311800
4111311900
4111312000
4111312100
4111312200
4111312300
4111312400
4111312500
4111312600
4111312700
4111312800
4111312900
4111313000
4111313100
4111313200
4111313300
4111313400
4111313500
4111313600
4111313700
4111313800
4111313900
4111314000
4111314100
4111392000
4111392100
4111392200
4111392300
4111392400
4111500000
4111510100
4111510200
4111510300
4111510400
4111510500
4111510600
4111510700
4111510800
4111510900
4111511000
4111511100
4111511200
4111511300
4111511400
4111511500
4111511600
4111511700
4111511800
4111511900
4111512000
4111512100
4111512200
4111512300
4111512400
4111512500
4111512600
4111512700
4111512800
4111512900
4111513000
4111513100
4111513200
4111513300
4111513400
4111513500
4111513600
4111513700
4111513800
4111513900
4111514000
4111514100
4111700000
4111710100
4111710200
4111710300
4111710400
4111710500
4111710600
4111710700
4113000000
4113010100
4113010200
4113010300
4113010400
4113010500
4113010600
4113010700
4113010800
4113010900
4113011000
4113011100
4113011200
4113011300
4113011400
4113011500
4113011600
4113011700
4113011800
4113011900
4113012000
4113012100
4113012200
4113012300
4113012400
4113012500
4113012600
4113012700
4113012800
4113012900
4113013000
4113013100
4113013200
4113013300
4113013400
4113013500
4113013600
4113013700
4113013800
4113013900
4113014000
4113014100
4113090100
4113090200
4113090300
4113090400
4113090500
4113090600
4113090700
4113090800
4113090900
4113091000
4113091100
4113091200
4113091300
4113091400
4113091500
4113091600
4113091700
4113100000
4113110100
4113110200
4113110300
4113110400
4113110500
4113110600
4113110700
4113110800
4113110900
4113111000
4113111100
4113111200
4113111300
4113111400
4113111500
4113111600
4113111700
4113300000
4113300100
4113300200
4113300300
4113300400
4113300500
4113300600
4113300700
4113300800
4113300900
4113301000
4113301100
4113301200
4113301300
4113301400
4113301500
4113301600
4113301700
4113301800
4113310100
4113310200
4113310300
4113310400
4113310500
4113310600
4113310700
4113310800
4113310900
4113313200
4113500000
4113510100
4113510200
4113510300
4113510400
4113510500
4113510600
4113510700
4113510800
4113510900
4113511000
4113511100
4113511200
4113511300
4113511400
4113511500
4113511600
4113511700
4113511800
4115000000
4115000100
4115000200
4115000300
4115000400
4115000500
4115000600
4115000700
4115000800
4115000900
4115001000
4115001100
4115010100
4115010200
4115010300
4115010400
4115010500
4115010600
4115010700
4115010800
4115010900
4115011000
4115011100
4115011200
4115011300
4115090100
4115090200
4115090300
4115090400
4115090500
4115090600
4115090700
4115090800
4115090900
4115091000
4117000000
4117010100
4117010200
4117010300
4117010400
4117010500
4117010600
4117010700
4117090100
4117090200
4117090300
4117090400
4117090500
4117090600
4117090700
4117090800
4117090900
4117091000
4117091100
4117091200
4117091300
4117091400
4117091500
4117100000
4117110100
4117110200
4117110300
4117300000
4117310100
4117310200
4117310300
4117310400
4117310500
4117500000
4117600000
4119000000
4119000100
4119000200
4119000300
4119000400
4119000500
4119000600
4119000700
4119000800
4119000900
4119001000
4119001100
4119001200
4119001300
4119001400
4119001500
4119001600
4119001700
4119001800
4119001900
4119002000
4119002100
4119002200
4119010100
4119010200
4119010300
4119010400
4119010500
4119010600
4119010700
4119010800
4119010900
4119011000
4119011100
4119011200
4119011300
4119011400
4119011500
4119011600
4119011700
4119011800
4119011900
4119012000
4119012100
4119012200
4119012300
4119012400
4119100000
4119110100
4119110200
4119110300
4119110400
4119110500
4119110600
4119110700
4119110800
4119110900
4119111000
4119111100
4119111200
4119111300
4119111400
4119190100
4119190200
4119190300
4119190400
4119190500
4119190600
4119190700
4119190800
4119200000
4119210100
4119210200
4119210300
4119210400
4119210500
4119210600
4119210700
4119210800
4119210900
4119300000
4119310100
4119310200
4119310300
4119310400
4119310500
4119310600
4119310700
4119310800
4119310900
4119311000
4119390900
4119391000
4119391100
4119391200
4119391300
4119391400
4119400000
4119410100
4119410200
4119410300
4119410400
4119410500
4119410600
4119410700
4119500000
4119500100
4119500200
4119500300
4119510100
4119510200
4119510300
4119510400
4119510500
4119510600
4119510700
4119510800
4119510900
4119600000
4119610100
4119610200
4119610300
4119610400
4119610500
4119610600
4119610700
4119610800
4119700000
4119700100
4119710100
4119710200
4119710300
4119710400
4119710500
4119710600
4119710700
4119900000
4119910100
4119910200
4119910300
4119910400
4119910500
4119910600
4119910700
4119910800
4121000000
4121010100
4121010200
4121010300
4121010400
4121010500
4121010600
4121010700
4121010800
4121090100
4121090200
4121090300
4121090400
4121090500
4121090600
4121090700
4121090800
4121090900
4121091000
4121091100
4121091200
4121091300
4121091400
4122000000
4122010100
4122010200
4122010300
4122010400
4122010500
4122010600
4122010700
4122010800
4122010900
4122011000
4122011100
4122011200
4122011300
4122011400
4122011500
4122011600
4122011700
4122011800
4122011900
4122012000
4122012100
4122012200
4122012300
4122012400
4122012500
4122012600
4122012700
4122012800
4122025000
4122025021
4122025022
4122025023
4122025024
4122025025
4122025026
4122025027
4122025028
4122025029
4122025030
4122025031
4122025032
4122025033
4122025034
4122025035
4122025036
4122025037
4122025038
4122025039
4122025040
4122025041
4122025042
4122025043
4122025044
4122025045
4122025300
4122025321
4122025322
4122025323
4122025324
4122025325
4122025326
4122025327
4122025328
4122025329
4122025330
4122025600
4122025621
4122025622
4122025623
4122025624
4122025625
4122025626
4122025627
4122025628
4122025629
4122025900
4122025921
4122025922
4122025923
4122025924
4122025925
4122025926
4122025927
4122025928
4122025929
4122025930
4122025931
4122025932
4122031000
4122031021
4122031022
4122031023
4122031024
4122031025
4122031026
4122031027
4122031028
4122031029
4122031030
4122031031
4122031032
4122032000
4122032021
4122032022
4122032023
4122032024
4122032025
4122032026
4122032027
4122032028
4122032029
4122032030
4122033000
4122033021
4122033022
4122033023
4122033024
4122033025
4122033026
4122033027
4122033028
4122033029
4122033030
4122033031
4122034000
4122034021
4122034022
4122034023
4122034024
4122034025
4122034026
4122034027
4122034028
4122034029
4122035000
4122035021
4122035022
4122035023
4122035024
4122035025
4122035026
4122035027
4122035028
4122035029
4122035030
4122035031
4122035032
4122036000
4122036021
4122036022
4122036023
4122036024
4122036025
4122036026
4122036027
4122036028
4122036029
4122037000
4122037021
4122037022
4122037023
4122037024
4122037025
4122037026
4122037027
4122037028
4122037029
4122037030
4122037031
4122037032
4122038000
4122038021
4122038022
4122038023
4122038024
4122038025
4122038026
4122038027
4122038028
4122038029
4122038030
4123000000
4123010100
4123010200
4123010300
4123010400
4123010500
4123010600
4123010700
4123010800
4123010900
4123011000
4123011100
4123011200
4123090100
4123090200
4123090300
4123090400
4123090500
4123090600
4125000000
4125010100
4125010200
4125010300
4125010400
4125010500
4125010600
4125010700
4125010800
4125010900
4125011000
4125011100
4125011200
4125090100
4125090200
4125090300
4125090400
4125090500
4125090600
4125090700
4127000000
4127010100
4127010200
4127010300
4127010400
4127010500
4127010600
4127010700
4127010800
4127010900
4127011000
4127011100
4127011200
4127011300
4127011400
4127011500
4127011600
4127011700
4127011800
4127011900
4127012000
4127012100
4127012200
4127012300
4127012400
4127012500
4127012600
4127012700
4127012800
4127012900
4127013000
4127013100
4127013200
4127013300
4127090100
4127090200
4127090300
4127090400
4127090500
4127100000
4127110100
4127110200
4127110300
4127110400
4127110500
4127110600
4127110700
4127110800
4127110900
4127111000
4127111100
4127111200
4127111300
4127111400
4127111500
4127300000
4127310100
4127310200
4127310300
4127310400
4127310500
4127310600
4127310700
4127310800
4127310900
4127311000
4127311100
4127311200
4127311300
4127311400
4127311500
4128000000
4128010100
4128010200
4128010300
4128010400
4128010500
4128010600
4128010700
4128010800
4128010900
4128011000
4128011100
4128011200
4128011300
4128011400
4128011500
4128011600
4128011700
4128011800
4128011900
4128012000
4128012100
4128012200
4128012300
4128012400
4128012500
4128012600
4128012700
4128012800
4128012900
4128013000
4128013100
4128013200
4128013300
4128013400
4128013500
4128013600
4128013700
4128013800
4128013900
4128014000
4128014100
4128014200
4128014300
4128014400
4128014500
4128014600
4128014700
4128014800
4128014900
4128015000
4128015100
4128100000
4128110100
4128110200
4128110300
4128110400
4128110500
4128110600
4128110700
4128110800
4128110900
4128111000
4128111100
4128111200
4128111300
4128111400
4128111500
4128111600
4128111700
4128111800
4128111900
4128112000
4128112100
4128112200
4128112300
4128112400
4128112500
4128112600
4128112700
4128112800
4128112900
4128113000
4128113100
4128113200
4128300000
4128310100
4128310200
4128310300
4128310400
4128310500
4128310600
4128310700
4128310800
4128310900
4128311000
4128311100
4128311200
4128311300
4128311400
4128311500
4128311600
4128311700
4128311800
4128311900
4128500000
4128510100
4128510200
4128510300
4128510400
4128510500
4128510600
4128510700
4128510800
4128510900
4128511000
4128511100
4128511200
4128511300
4128700000
4128710100
4128710200
4128710300
4128710400
4128710500
4128710600
4128710700
4128710800
4129000000
4129010100
4129010200
4129010300
4129010400
4129010500
4129010600
4129010700
4129010800
4129010900
4129011000
4131000000
4131010100
4131010200
4131010300
4131010400
4131010500
4131010600
4131010700
4131090100
4131090200
4133000000
4133010100
4133010200
4133010300
4133010400
4133010500
4133010600
4133010700
4133010800
4133010900
4133011000
4133011100
4133011200
4133011300
4133011400
4133011500
4133090100
4133090200
4133090300
4133090400
4135000000
4135010100
4135010200
4135010300
4135010400
4135010500
4135010600
4135010700
4135010800
4135010900
4135011000
4135090100
4136000000
4136010100
4136010200
4136010300
4136010400
4136010500
4136010600
4136010700
4136010800
4136010900
4136011000
4136011100
4136011200
4136025000
4136025021
4136025022
4136025023
4136025024
4136025025
4136025300
4136025321
4136025322
4136025323
4136025324
4136025325
4136025326
4136025327
4136025328
4136025329
4136025330
4136025331
4136025600
4136025621
4136025622
4136025623
4136025624
4136025625
4136025626
4136025627
4136025628
4136025629
4136025630
4136025900
4136025921
4136025922
4136025923
4136025924
4136025925
4136025926
4136026200
4136026221
4136026222
4136026223
4136026500
4136026521
4136031000
4136031021
4136031022
4136031023
4136031024
4136031025
4136033000
4136033021
4136033022
4136033023
4136033024
4136033025
4136033026
4136034000
4136034021
4136034022
4136034023
4136034024
4136034025
4136034026
4136034027
4136036000
4136036021
4136036022
4136036023
4136036024
4136036025
4136036026
4136037000
4136037021
4136038000
4136038021
4136038022
4136038023
4137000000
4137010100
4137010200
4137010300
4137010400
4137010500
4137010600
4137010700
4137010800
4137010900
4137011000
4137011100
4137011200
4137011300
4137011400
4137011500
4137011600
4137011700
4137011800
4137011900
4137012000
4137012100
4137012200
4137012300
4137012400
4137090100
4137090200
4137090300
4137090400
4137090500
4137090600
4139000000
4139010100
4139010200
4139010300
4139010400
4139010500
4139010600
4139010700
4139010800
4139010900
4139011000
4139011100
4139011200
4139011300
4139011400
4139011500
4139011600
4139011700
4139011800
4139011900
4139012000
4139012100
4139012200
4139012300
4139012400
4139012500
4139012600
4139012700
4139012800
4139012900
4139013000
4139013100
4139013200
4139013300
4139013400
4139013500
4139090100
4139090200
4141000000
4141010100
4141010200
4141010300
4141010400
4141010500
4141010600
4141010700
4141010800
4141010900
4141090100
4141090200
4141090300
4141090400
4143000000
4143010100
4143010200
4143010300
4143010400
4143010500
4143010600
4143010700
4143010800
4143010900
4143011000
4143011100
4143090100
4143090200
4143090300
4145000000
4145010100
4145010200
4145010300
4145010400
4145010500
4145010600
4145010700
4145010800
4145010900
4145011000
4145011100
4145011200
4145011300
4145011400
4145011500
4145011600
4145011700
4145011800
4145011900
4145012000
4145012100
4145012200
4145012300
4145012400
4145090100
4145090200
4145090300
4145090400
4145090500
4146000000
4146010100
4146010200
4146010300
4146010400
4146010500
4146010600
4146010700
4146010800
4146010900
4146011000
4146011100
4146011200
4146011300
4146011400
4146011500
4146011600
4146011700
4146025000
4146025021
4146025022
4146025023
4146025024
4146025025
4146025026
4146025027
4146025028
4146025029
4146025030
4146025031
4146025300
4146025321
4146025322
4146025323
4146025324
4146025325
4146025326
4146025327
4146025600
4146025621
4146025622
4146025623
4146025624
4146025625
4146025626
4146025627
4146031000
4146031021
4146031022
4146031023
4146031024
4146031025
4146031026
4146031027
4146031028
4146031029
4146032000
4146032021
4146032022
4146032023
4146032024
4146032025
4146032026
4146032027
4146032028
4146033000
4146033021
4146033022
4146033023
4146033024
4146033025
4146033026
4146033027
4146034000
4146034021
4146034022
4146034023
4146034024
4146034025
4146034026
4146034027
4146034028
4146034029
4146034030
4146034031
4146035000
4146035021
4146035022
4146035023
4146035024
4146035025
4146035026
4146035027
4146035028
4146035029
4146036000
4146036021
4146036022
4146036023
4146036024
4146036025
4146036026
4146036027
4146036028
4146036029
4146036030
4146036031
4146036032
4146037000
4146037021
4146037022
4146037023
4146037024
4146037025
4146037026
4146037027
4146037028
4146037029
4146037030
4146037031
4146037032
4146037033
4146038000
4146038021
4146038022
4146038023
4146038024
4146038025
4146038026
4146038027
4146038028
4146038029
4146038030
4146100000
4146110100
4146110200
4146110300
4146110400
4146110500
4146110600
4146110700
4146110800
4146110900
4146111000
4146125000
4146125021
4146125022
4146125023
4146125024
4146125025
4146125026
4146125027
4146125028
4146125029
4146125300
4146125321
4146125322
4146125323
4146125324
4146125325
4146125326
4146125327
4146125328
4146125600
4146125621
4146125622
4146125623
4146125624
4146125625
4146125626
4146125627
4146125628
4146125629
4146125900
4146125921
4146125922
4146125923
4146125924
4146125925
4146125926
4146125927
4146125928
4146125929
4146125930
4146125931
4146131000
4146131021
4146131022
4146131023
4146131024
4146131025
4146131026
4146131027
4146131028
4146132000
4146132021
4146132022
4146132023
4146132024
4146132025
4146132026
4146132027
4146132028
4146132029
4146132030
4146132031
4146133000
4146133021
4146133022
4146133023
4146133024
4146133025
4146133026
4146133027
4146133028
4146133029
4146134000
4146134021
4146134022
4146134023
4146134024
4146134025
4146134026
4146134027
4146134028
4146134029
4146134030
4146134031
4146134032
4146135000
4146135021
4146135022
4146135023
4146135024
4146135025
4146135026
4146135027
4146135028
4146135029
4146135030
4146135031
4146135032
4146135033
4146136000
4146136021
4146136022
4146136023
4146136024
4146136025
4146136026
4146136027
4146136028
4146136029
4146136030
4146200000
4146300000
4146310100
4146310200
4146310300
4146310400
4146310500
4146310600
4146310700
4146310800
4146310900
4146311000
4146311100
4146311200
4146311300
4146311400
4146311500
4146311600
4146311700
4146311800
4146500000
4146510100
4146510200
4146510300
4146510400
4146510500
4146510600
4146510700
4148000000
4148010100
4148010200
4148010300
4148010400
4148010500
4148010600
4148010700
4148010800
4148010900
4148011000
4148011100
4148011200
4148011300
4148011400
4148011500
4148011600
4148011700
4148011800
4148011900
4148012000
4148012100
4148012200
4148012300
4148025000
4148025021
4148025022
4148025023
4148025024
4148025025
4148025026
4148025027
4148025028
4148025029
4148025030
4148025300
4148025321
4148025322
4148025323
4148025324
4148025325
4148025326
4148025327
4148025600
4148025621
4148025622
4148025623
4148025624
4148025625
4148025626
4148025627
4148025628
4148025629
4148025630
4148025900
4148025921
4148025922
4148025923
4148025924
4148025925
4148025926
4148025927
4148025928
4148025929
4148025930
4148025931
4148025932
4148025933
4148025934
4148025935
4148025936
4148026200
4148026221
4148026222
4148026223
4148026224
4148026225
4148026226
4148026227
4148031000
4148031021
4148031022
4148031023
4148031024
4148031025
4148032000
4148032021
4148032022
4148032023
4148032024
4148032025
4148032026
4148032027
4148032028
4148032029
4148032030
4148032031
4148033000
4148033021
4148033022
4148033023
4148033024
4148033025
4148033026
4148033027
4148033028
4148033029
4148033030
4148033031
4148033032
4148033033
4148033034
4148033035
4148033036
4148034000
4148034021
4148034022
4148034023
4148034024
4148034025
4148034026
4148034027
4148034028
4148035000
4148035021
4148035022
4148035023
4148035024
4148035025
4148035026
4148035027
4148035028
4148035029
4148036000
4148036021
4148036022
4148036023
4148036024
4148036025
4148036026
4148036027
4148036028
4148037000
4148037021
4148037022
4148037023
4148037024
4148037025
4148037026
4148037027
4148037028
4148037029
4148037030
4148037031
4148037032
4148037033
4148037034
4148037035
4148037036
4148038000
4148038021
4148038022
4148038023
4148038024
4148038025
4148038026
4148038027
4148039000
4148039021
4148039022
4148039023
4148039024
4148039025
4148039026
4148039027
4148039028
4148039029
4148040000
4148040021
4148040022
4148040023
4148040024
4148040025
4148041000
4148041021
4148041022
4148041023
4148041024
4150000000
4150010100
4150010200
4150010300
4150010400
4150010500
4150010600
4150010700
4150010800
4150010900
4150011000
4150011100
4150011200
4150011300
4150011400
4150011500
4150025000
4150025021
4150025022
4150025023
4150025024
4150025025
4150025026
4150025027
4150025028
4150025029
4150025030
4150025031
4150025032
4150025033
4150025300
4150025321
4150025322
4150025323
4150025324
4150025325
4150025326
4150025327
4150025328
4150025329
4150025330
4150025331
4150025332
4150025333
4150025334
4150031000
4150031021
4150031022
4150031023
4150031024
4150031025
4150031026
4150031027
4150031028
4150031029
4150031030
4150031031
4150031032
4150031033
4150032000
4150032021
4150032022
4150032023
4150032024
4150032025
4150032026
4150032027
4150032028
4150032029
4150032030
4150032031
4150032032
4150033000
4150033021
4150033022
4150033023
4150033024
4150033025
4150033026
4150033027
4150033028
4150033029
4150034000
4150034021
4150034022
4150034023
4150034024
4150034025
4150034026
4150034027
4150034028
4150034029
4150034030
4150034031
4150034032
4150034033
4150035000
4150035021
4150035022
4150035023
4150035024
4150035025
4150035026
4150035027
4150035028
4150035029
4150035030
4150035031
4150035032
4150035033
4150035034
4150036000
4150036021
4150036022
4150036023
4150036024
4150036025
4150036026
4150036027
4150036028
4150036029
4150036030
4150036031
4150037000
4150037021
4150037022
4150037023
4150037024
4150037025
4150037026
4150037027
4150037028
4150037029
4150037030
4150037031
4150037032
4150038000
4150038021
4150038022
4150038023
4150038024
4150038025
4150038026
4150038027
4150038028
4150038029
4150038030
4155000000
4155010100
4155010200
4155010300
4155010400
4155010500
4155010600
4155010700
4155010800
4155010900
4155011000
4155011100
4155011200
4155011300
4155011400
4155011500
4155011600
4155011700
4155011800
4155011900
4155012000
4155012100
4155012200
4155012300
4155012400
4155012500
4155012600
4155012700
4155012800
4155012900
4155013000
4155013100
4155013200
4155013300
4155025000
4155025021
4155025022
4155025023
4155025024
4155025025
4155025026
4155025027
4155025028
4155025029
4155025030
4155025031
4155031000
4155031021
4155031022
4155031023
4155031024
4155031025
4155031026
4155031027
4155031028
4155031029
4155031030
4155031031
4155031032
4155031033
4155031034
4155031035
4155031036
4155031037
4155031038
4155031039
4155032000
4155032021
4155032022
4155032023
4155032024
4155032025
4155032026
4155032027
4155032028
4155032029
4155032030
4155032031
4155032032
4155032033
4155032034
4155033000
4155033021
4155033022
4155033023
4155033024
4155033025
4155033026
4155033027
4155033028
4155033029
4155033030
4155033031
4155033032
4155033033
4155033034
4155034000
4155034021
4155034022
4155034023
4155034024
4155034025
4155034026
4155034027
4155034028
4155034029
4155034030
4155034031
4155034032
4155034033
4155034034
4155034035
4155034036
4155034037
4155034038
4155035000
4155035021
4155035022
4155035023
4155035024
4155035025
4155035026
4155035027
4155035028
4155035029
4155035030
4155035031
4155035032
4155035033
4155035034
4155036000
4155036021
4155036022
4155036023
4155036024
4155036025
4155036026
4155036027
4155036028
4155036029
4155036030
4155036031
4155036032
4155036033
4155036034
4155036035
4155036036
4155036037
4155036038
4155037000
4155037021
4155037022
4155037023
4155037024
4155037025
4155037026
4155037027
4155037028
4155037029
4155037030
4155037031
4155038000
4155038021
4155038022
4155038023
4155038024
4155038025
4155038026
4155038027
4155038028
4155039000
4155039021
4155039022
4155039023
4155039024
4155039025
4155039026
4155039027
4155039028
4155039029
4155039030
4155039031
4155039032
4155039033
4155039034
4155039035
4155040000
4155040021
4155040022
4155040023
4155040024
4155040025
4155040026
4155040027
4155040028
4155040029
4155040030
4155041000
4155041021
4155041022
4155041023
4155041024
4155041025
4155041026
4155041027
4155041028
4155041029
4155041030
4155042000
4155042021
4155042022
4155042023
4155042024
4155042025
4155042026
4155042027
4157000000
4157010100
4157010200
4157010300
4157010400
4157010500
4157010600
4157010700
4157010800
4157010900
4157025000
4157025021
4157025022
4157025023
4157025024
4157025025
4157025026
4157025027
4157025028
4157025029
4157025300
4157025321
4157025322
4157025323
4157025324
4157025325
4157025600
4157025621
4157025622
4157025623
4157025624
4157025625
4157025626
4157025627
4157025628
4157031000
4157031021
4157031022
4157031023
4157031024
4157031025
4157032000
4157032021
4157032022
4157032023
4157032024
4157032025
4157032026
4157032027
4157032028
4157032029
4157033000
4157033021
4157033022
4157033023
4157033024
4157033025
4157033026
4157033027
4157033028
4157033029
4157034000
4157034021
4157034022
4157034023
4157034024
4157034025
4157034026
4157034027
4157034028
4157034029
4157034030
4157034031
4157034032
4157034033
4157035000
4157035021
4157035022
4157035023
4157035024
4157035025
4157035026
4157035027
4157035028
4157035029
4157035030
4157036000
4157036021
4157036022
4157036023
4157036024
4157036025
4157036026
4157036027
4157036028
4157036029
4157036030
4157036031
4157036032
4159000000
4159010100
4159010200
4159010300
4159010400
4159010500
4159010600
4159010700
4159010800
4159010900
4159011000
4159011100
4159011200
4159011300
4159011400
4159011500
4159011600
4159011700
4159011800
4159011900
4159012000
4159012100
4159012200
4159012300
4159012400
4159012500
4159012600
4159012700
4159012800
4159012900
4159013000
4159013100
4159013200
4159013300
4159013400
4159013500
4159013600
4159013700
4159013800
4159013900
4159014000
4159025000
4159025021
4159025022
4159025023
4159025024
4159025025
4159025026
4159025027
4159025028
4159025029
4159025030
4159025031
4159025300
4159025321
4159025322
4159025323
4159025324
4159025325
4159025326
4159025327
4159025328
4159025329
4159025330
4159025331
4159025332
4159025333
4159025334
4159025335
4159025336
4159025600
4159025621
4159025622
4159025623
4159025624
4159025625
4159025626
4159025627
4159025628
4159025629
4159025630
4159025631
4159025632
4159025633
4159025900
4159025921
4159025922
4159025923
4159025924
4159025925
4159025926
4159025927
4159025928
4159025929
4159025930
4159025931
4159025932
4159025933
4159025934
4159025935
4159025936
4159025937
4159025938
4159025939
4159025940
4159025941
4159026200
4159026221
4159026222
4159026223
4159026224
4159026225
4159026226
4159026227
4159026228
4159026229
4159026230
4159026231
4159026232
4159026233
4159026234
4159026235
4159031000
4159031021
4159031022
4159031023
4159031024
4159031025
4159031026
4159031027
4159032000
4159032021
4159032022
4159032023
4159032024
4159032025
4159032026
4159032027
4159032028
4159033000
4159033021
4159033022
4159033023
4159033024
4159033025
4159033026
4159033027
4159033028
4159033029
4159033030
4159034000
4159034021
4159034022
4159034023
4159034024
4159034025
4159034026
4159034027
4159034028
4159034029
4159034030
4159034031
4159034032
4159034033
4159034034
4159034035
4159035000
4159035021
4159035022
4159035023
4159035024
4159035025
4159035026
4159035027
4159035028
4159035029
4159035030
4159035031
4159035032
4159036000
4159036021
4159036022
4159036023
4159036024
4159036025
4159036026
4159036027
4159036028
4159036029
4159036030
4159036031
4159036032
4159036033
4159036034
4159036035
4159036036
4159037000
4159037021
4159037022
4159037023
4159037024
4159037025
4159037026
4159037027
4159037028
4159037029
4159037030
4159038000
4159038021
4159038022
4159038023
4159038024
4159038025
4159038026
4159038027
4159038028
4159038029
4159038030
4159038031
4159038032
4159038033
4159039000
4159039021
4159039022
4159039023
4159039024
4159039025
4159039026
4159039027
4159039028
4159039029
4159039030
4159039031
4159039032
4159039033
4159039034
4159039035
4159039036
4159039037
4159039038
4159039039
4159039040
4159039041
4159040000
4159040021
4159040022
4159040023
4159040024
4159040025
4159040026
4159040027
4159041000
4159041021
4159041022
4159041023
4159041024
4159041025
4159041026
4159041027
4159041028
4159041029
4159041030
4159041031
4159041032
4159041033
4159041034
4159041035
4159041036
4159041037
4159041038
4159041039
4159042000
4159042021
4159042022
4159042023
4159042024
4159042025
4159042026
4159042027
4159042028
4159042029
4159042030
4159042031
4159042032
4159042033
4161000000
4161010100
4161010200
4161010300
4161010400
4161010500
4161010600
4161010700
4161010800
4161010900
4161011000
4161011100
4161011200
4161011300
4161011400
4161011500
4161011600
4161011700
4161011800
4161011900
4161012000
4161025000
4161025021
4161025022
4161025023
4161025024
4161025025
4161025026
4161025027
4161025300
4161025321
4161025322
4161025323
4161025324
4161025325
4161025326
4161025327
4161025328
4161025329
4161025330
4161025331
4161025332
4161025600
4161025621
4161025622
4161025623
4161025624
4161025625
4161025626
4161025627
4161025628
4161025629
4161025630
4161025631
4161025632
4161025633
4161025634
4161025635
4161025636
4161025637
4161025900
4161025921
4161025922
4161025923
4161025924
4161025925
4161025926
4161025927
4161025928
4161025929
4161025930
4161025931
4161025932
4161025933
4161025934
4161025935
4161025936
4161031000
4161031021
4161031022
4161031023
4161031024
4161031025
4161031026
4161031027
4161031028
4161031029
4161031030
4161031031
4161031032
4161032000
4161032021
4161032022
4161032023
4161032024
4161032025
4161032026
4161032027
4161032028
4161032029
4161032030
4161032031
4161032032
4161032033
4161032034
4161032035
4161032036
4161033000
4161033021
4161033022
4161033023
4161033024
4161033025
4161033026
4161033027
4161033028
4161034000
4161034021
4161034022
4161034023
4161034024
4161034025
4161034026
4161034027
4161034028
4161034029
4161034030
4161035000
4161035021
4161035022
4161035023
4161035024
4161035025
4161035026
4161035027
4161035028
4161036000
4161036021
4161036022
4161036023
4161036024
4161036025
4161036026
4161036027
4161036028
4161037000
4161037021
4161037022
4161037023
4161037024
4161037025
4161037026
4161037027
4161037028
4163000000
4163010100
4163010200
4163010300
4163010400
4163010500
4163010600
4163010700
4163010800
4163010900
4163011000
4163011100
4163011200
4163011300
4163011400
4163011500
4163011600
4163011700
4163025000
4163025021
4163025022
4163025023
4163025024
4163025025
4163025026
4163025027
4163031000
4163031021
4163031022
4163031023
4163031024
4163031025
4163031026
4163032000
4163032021
4163032022
4163032023
4163032024
4163032025
4163032026
4163032027
4163032028
4163032029
4163032030
4163033000
4163033021
4163033022
4163033023
4163033024
4163033025
4163033026
4163033027
4163034000
4163034021
4163034022
4163034023
4163034024
4163034025
4163034026
4163034027
4165000000
4165010100
4165010200
4165010300
4165010400
4165010500
4165010600
4165025000
4165025021
4165025022
4165025023
4165025024
4165025025
4165025026
4165025027
4165025028
4165025029
4165031000
4165031021
4165031022
4165031023
4165031024
4165031025
4165031026
4165031027
4165031028
4165032000
4165032021
4165032022
4165032023
4165032024
4165032025
4165032026
4165033000
4165033021
4165033022
4165033023
4165033024
4165033025
4165033026
4165033027
4165033028
4165034000
4165034021
4165034022
4165034023
4165034024
4165034025
4165034026
4165034027
4165034028
4165034029
4165034030
4165034031
4165034032
4165035000
4165035021
4165035022
4165035023
4165035024
4165035025
4165035026
4165035027
4165036000
4165036021
4165036022
4165036023
4165036024
4165036025
4165036026
4165037000
4165037021
4165037022
4165037023
4165037024
4165037025
4165037026
4165038000
4165038021
4165038022
4165038023
4165038024
4165039000
4165039021
4165039022
4165039023
4165039024
4165039025
4165039026
4165039027
4165040000
4165040021
4165040022
4165040023
4165040024
4165040025
4165040026
4165041000
4165041021
4165041022
4165041023
4167000000
4167010100
4167010200
4167010300
4167010400
4167010500
4167010600
4167010700
4167010800
4167010900
4167011000
4167011100
4167011200
4167011300
4167011400
4167011500
4167011600
4167011700
4167011800
4167011900
4167012000
4167012100
4167012200
4167012300
4167025000
4167025021
4167025022
4167025023
4167025024
4167025025
4167025026
4167025027
4167025028
4167025029
4167025030
4167025031
4167025032
4167025033
4167025034
4167025035
4167025036
4167025037
4167025038
4167025039
4167025040
4167031000
4167031021
4167031022
4167031023
4167031024
4167031025
4167031026
4167031027
4167031028
4167031029
4167031030
4167031031
4167031032
4167031033
4167031034
4167031035
4167032000
4167032021
4167032022
4167032023
4167032024
4167032025
4167032026
4167032027
4167032028
4167032029
4167032030
4167032031
4167032032
4167032033
4167032034
4167033000
4167033021
4167033022
4167033023
4167033024
4167033025
4167033026
4167033027
4167033028
4167033029
4167033030
4167033031
4167034000
4167034021
4167034022
4167034023
4167034024
4167034025
4167034026
4167034027
4167034028
4167034029
4167034030
4167034031
4167034032
4167034033
4167034500
4167034521
4167034522
4167034523
4167034524
4167034525
4167034526
4167034527
4167034528
4167034529
4167034530
4167034531
4167034532
4167034533
4167035000
4167035021
4167035022
4167035023
4167035024
4167035025
4167035026
4167035027
4167035028
4167035029
4167035030
4167035031
4167035032
4167035033
4167035034
4167035035
4167035036
4167035037
4167035038
4167035039
4167036000
4167036021
4167036022
4167036023
4167036024
4167036025
4167036026
4167036027
4167036028
4167036029
4167036030
4167036031
4167036032
4167036033
4167036034
4167036035
4167037000
4167037021
4167037022
4167037023
4167037024
4167037025
4167037026
4167037027
4167037028
4167037029
4167038000
4167038021
4167038022
4167038023
4167038024
4167038025
4167038026
4167038027
4171000000
4171001000
4171001001
4171001002
4171001003
4171001004
4171001005
4171001006
4171001007
4171001008
4171001009
4171001010
4171001011
4171001012
4171001500
4171001501
4171001502
4171001503
4171001504
4171001505
4171001506
4171001507
4171002000
4171002001
4171002002
4171002003
4171002004
4171002005
4171002006
4171002007
4171002008
4171002009
4171002010
4171002500
4171002501
4171002502
4171002503
4171002504
4171002505
4171002506
4171002507
4171002508
4171002509
4171002510
4171002511
4171003000
4171003001
4171003002
4171003003
4171003004
4171003005
4171003006
4171003007
4171003008
4171003500
4171003501
4171003502
4171003503
4171003504
4171003505
4171003506
4171003507
4171003508
4171003509
4171003510
4171003511
4171003512
4171004000
4171004001
4171004002
4171004003
4171004004
4171004005
4171004006
4171004007
4171004008
4171004009
4171004010
4171004011
4171004012
4171004500
4171004501
4171004502
4171004503
4171004504
4171004505
4171004506
4171004507
4171004508
4171004509
4171005000
4171005001
4171005002
4171005003
4171005004
4171005005
4171005006
4171005007
4171005008
4171005009
4171005010
4171005500
4171005501
4171005502
4171005503
4171005504
4171005505
4171005506
4171005507
4171005508
4171006000
4171006001
4171006002
4171006003
4171006004
4171006005
4171006006
4171006007
4171006008
4171006009
4171006010
4171006011
4171006012
4171006500
4171006501
4171006502
4171006503
4171006504
4171006505
4171006506
4171006507
4171006508
4171006509
4171007000
4171007001
4171007002
4171007003
4171007004
4171007005
4171007006
4171007007
4171007500
4171007501
4171007502
4171007503
4171007504
4171007505
4171007506
4171007507
4171007508
4171007509
4171007510
4171007511
4171007512
4171007513
4171008000
4171008001
4171008002
4171008003
4171008004
4171008005
4171008006
4171008007
4171008008
4171008009
4171008010
4171008011
4171025000
4171025021
4171025022
4171025023
4171025024
4171025025
4171025026
4171025027
4171025028
4171025300
4171025321
4171025322
4171025323
4171025324
4171025325
4171025326
4171025327
4171025328
4171025329
4171025600
4171025621
4171025622
4171025623
4171025624
4171025625
4171025626
4171025627
4171031000
4171031021
4171031022
4171031023
4171031024
4171031025
4171031026
4171031027
4171031028
4171031029
4171032000
4171032001
4171032021
4171032022
4171032023
4171032024
4171032025
4171032026
4171033000
4171033021
4171033022
4171033023
4171033024
4171033025
4171033026
4171033027
4171033028
4171033029
4171033030
4171034000
4171034021
4171034022
4171034023
4171034024
4171034025
4171034026
4171034027
4171035000
4171035001
4171035021
4171035022
4171035023
4171035024
4171035025
4171035026
4171035027
4171036000
4171036021
4171036022
4171036023
4171036024
4171036025
4171036026
4171036027
4172000000
4172001000
4172001001
4172001002
4172001003
4172001004
4172001005
4172001006
4172001007
4172003000
4172003001
4172003002
4172003003
4172003004
4172003005
4172003006
4172003007
4172003008
4172003009
4172003010
4172003011
4172011000
4172011021
4172011022
4172011023
4172011024
4172011025
4172011026
4172011027
4172011028
4172011029
4172011030
4172012000
4172012001
4172012002
4172012003
4172012004
4172012005
4172012006
4172012021
4172012022
4172012023
4172012024
4172012025
4172013000
4172013021
4172013022
4172013023
4172013024
4172013025
4172013026
4172013027
4172013028
4172013029
4172013030
4172013031
4172014000
4172014021
4172014022
4172014023
4172014024
4172014025
4172014026
4172014027
4172014028
4172014029
4172014030
4172031000
4172031021
4172031022
4172031023
4172031024
4172031025
4172031026
4172032000
4172032021
4172032022
4172032023
4172032024
4172032025
4172032026
4172032027
4172032028
4172032029
4172032030
4172032031
4172033000
4172033001
4172033002
4172033003
4172033021
4172033022
4172033023
4172033024
4172033025
4172033026
4172034000
4172034021
4172034022
4172034023
4172034024
4172034025
4172034026
4172034027
4172035000
4172035021
4172035022
4172035023
4172035024
4172035025
4172035026
4172035027
4172035028
4172035029
4172035030
4172036000
4172036021
4172036022
4172036023
4172036024
4172036025
4172036026
4172037000
4172037021
4173000000
4173003000
4173003001
4173003002
4173003003
4173003004
4173003005
4173003006
4173003007
4173003008
4173003009
4173003010
4173003011
4173003012
4173003013
4173025000
4173025021
4173025022
4173025023
4173025024
4173025025
4173025026
4173025027
4173025028
4173025029
4173025030
4173025031
4173025032
4173025033
4173025034
4173025035
4173025036
4173025037
4173025038
4173025039
4173025040
4173025041
4173025042
4173025043
4173031000
4173031021
4173031022
4173031023
4173031024
4173031025
4173031026
4173031027
4173031028
4173031029
4173031030
4173031031
4173031032
4173031033
4173031034
4173031035
4173032000
4173032021
4173032022
4173032023
4173032024
4173032025
4173032026
4173032027
4173032028
4173032029
4173032030
4173032031
4173032032
4173032033
4173032034
4173032035
4173032036
4173032037
4173032038
4173032039
4173032040
4173033000
4173033001
4173033021
4173033022
4173033023
4173033024
4173033025
4173033026
4173033027
4173033028
4173033029
4173033030
4173033031
4173033032
4173033033
4173033034
4173034000
4173034021
4173034022
4173034023
4173034024
4173034025
4173034026
4173034027
4173034028
4173034029
4173034030
4173034031
4173034032
4173034033
4173034034
4173034035
4173034036
4173034037
4173035000
4173035021
4173035022
4173035023
4173035024
4173035025
4173035026
4173035027
4173035028
4173035029
4173035030
4173035031
4173035032
4173035033
4173036000
4173036021
4173036022
4173036023
4173036024
4173036025
4173036026
4173036027
4173036028
4173036029
4173036030
4173036031
4173036032
4173036033
4173036034
4173036035
4173036036
4173036037
4173036038
4173036039
4173037000
4173037021
4173037022
4173037023
4173037024
4173037025
4173037026
4173037027
4173037028
4173037029
4173037030
4173037031
4173037032
4173037033
4173037034
4173037035
4173037036
4173037037
4173037038
4173037039
4173038000
4173038021
4173038022
4173038023
4173038024
4173038025
4173038026
4173038027
4173038028
4173038029
4173038030
4173039000
4173039021
4173039022
4173039023
4173039024
4173039025
4173039026
4174000000
4174001000
4174001001
4174001002
4174001003
4174001004
4174001005
4174001006
4174001007
4174001008
4174001009
4174001010
4174001011
4174001012
4174001013
4174001014
4174001015
4174001016
4174001500
4174001501
4174001502
4174001503
4174001504
4174001505
4174001506
4174001507
4174001508
4174001509
4174001510
4174001511
4174001512
4174003000
4174003001
4174003002
4174003003
4174003004
4174003005
4174003006
4174003007
4174003008
4174003009
4174003010
4174003011
4174003012
4174003013
4174003014
4174003015
4174003016
4174003017
4174003018
4174003019
4174003020
4174003021
4174003022
4174003023
4174003024
4174003025
4174003500
4174003501
4174003502
4174003503
4174003504
4174003505
4174003506
4174003507
4174003508
4174003509
4174003510
4174003511
4174003512
4174011000
4174011021
4174011022
4174011023
4174011024
4174011025
4174011026
4174011027
4174011028
4174011029
4174011030
4174011031
4174011032
4174011033
4174011034
4174011035
4174011036
4174011037
4174011038
4174011039
4174011040
4174011041
4174011042
4174011043
4174011044
4174011045
4174031000
4174031021
4174031022
4174031023
4174031024
4174031025
4174031026
4174031027
4174031028
4174031029
4174031030
4174031031
4174031032
4174032000
4174032021
4174032022
4174032023
4174032024
4174032025
4174032026
4174032027
4174032028
4174032029
4174032030
4174033000
4174033021
4174033022
4174033023
4174033024
4174033025
4174033026
4174033027
4174033028
4174033029
4174033030
4174033031
4174034000
4174034021
4174034022
4174034023
4174034024
4174034025
4174034026
4174034027
4174034028
4174034029
4174034030
4174034031
4174034032
4174034033
4174034034
4174035000
4174035021
4174035022
4174035023
4174035024
4174035025
4174035026
4174035027
4174035028
4174035029
4174035030
4174035031
4174035032
4174035033
4174035034
4174036000
4174036021
4174036022
4174036023
4174036024
4174036025
4174036026
4174036027
4174036028
4174036029
4174037000
4174037001
4174037021
4174037022
4174037023
4174037024
4174037025
4174037026
4174037027
4174037028
4174037029
4174037030
4174037031
4174037032
4174038000
4174038021
4174038022
4174038023
4174038024
4174038025
4174038026
4174038027
4174038028
4174038029
4174038030
4175000000
4175003000
4175003001
4175003002
4175003003
4175003004
4175003005
4175003006
4175003007
4175003008
4175003009
4175003010
4175003011
4175003012
4175003013
4175003014
4175003500
4175003501
4175003502
4175003503
4175003504
4175003505
4175003506
4175003507
4175003508
4175003509
4175003510
4175003511
4175003512
4175003513
4175003514
4175003515
4175003516
4175003517
4175003518
4175003519
4175003520
4175004000
4175004001
4175004002
4175004003
4175004004
4175004005
4175004006
4175004007
4175004008
4175004009
4175004010
4175004011
4175004500
4175004501
4175004502
4175004503
4175004504
4175004505
4175004506
4175004507
4175004508
4175004509
4175004510
4175004511
4175004512
4175005000
4175005001
4175005002
4175005003
4175005004
4175005005
4175005006
4175005007
4175005008
4175005009
4175005010
4175005011
4175005012
4175005013
4175005014
4175005015
4175005016
4175005017
4175005018
4175005019
4175005020
4175011000
4175011021
4175011022
4175011023
4175011024
4175011025
4175011026
4175011027
4175011028
4175011029
4175011030
4175011031
4175011032
4175011033
4175011034
4175011035
4175011036
4175011037
4175011038
4175011039
4175011040
4175011041
4175025000
4175025021
4175025022
4175025023
4175025024
4175025025
4175025026
4175025027
4175025028
4175025029
4175025030
4175025031
4175025032
4175025033
4175025034
4175025300
4175025321
4175025322
4175025323
4175025324
4175025325
4175025326
4175025327
4175025328
4175025329
4175025330
4175025331
4175025332
4175025333
4175025334
4175025335
4175025336
4175031000
4175031001
4175031002
4175031003
4175031004
4175031005
4175031006
4175031021
4175031022
4175031023
4175031024
4175031025
4175031026
4175031027
4175031028
4175031029
4175032000
4175032001
4175032002
4175032021
4175032022
4175032023
4175032024
4175032025
4175032026
4175032027
4175033000
4175033021
4175033022
4175033023
4175033024
4175033025
4175033026
4175033027
4175033028
4175033029
4175033030
4175033031
4175033032
4175033033
4175033034
4175033035
4175033036
4175034000
4175034001
4175034021
4175034022
4175034023
4175034024
4175034025
4175034026
4175034027
4175034028
4175035000
4175035021
4175035022
4175035023
4175035024
4175035025
4175035026
4175035027
4175035028
4175035029
4175035030
4175035031
4175035032
4175035033
4175035034
4175035035
4175036000
4175036021
4175036022
4175036023
4175036024
4175036025
4175036026
4175036027
4175036028
4175036029
4175036030
4175037000
4175037021
4175037022
4175037023
4175037024
4175037025
4175037026
4175037027
4175037028
4175037029
4175037030
4175037031
4175037032
4175037033
4175037034
4175037035
4175038000
4175038001
4175038021
4175038022
4175038023
4175038024
4175038025
4175038026
4175038027
4175038028
4175038029
4175038030
4175038031
4175038032
4175039000
4175039001
4175039021
4175039022
4175039023
4175039024
4175039025
4175039026
4175039027
4175039028
4175039029
4175039030
4175039031
4175039032
4175039033
4175039034
4175039035
4175039036
4175040000
4175040021
4175040022
4175040023
4175040024
4175040025
4175040026
4175040027
4175040028
4175040029
4175040030
4175041000
4175041021
4175041022
4175041023
4175041024
4175041025
4175041026
4175041027
4175041028
4175041029
4175041030
4175041031
4175041032
4175041033
4175042000
4175042021
4175042022
4175042023
4175042024
4175042025
4175042026
4175042027
4175042028
4175042029
4175042030
4175042031
4175042032
4175042033
4175042034
4175042035
4175042036
4175042037
4175042038
4175042039
4175042040
4175042041
4175043000
4175043001
4175043021
4175043022
4175043023
4175043024
4175043025
4175043026
4175043027
4175044000
4175044021
4175044022
4175044023
4175044024
4175044025
4175044026
4175044027
4175044028
4175044029
4175044030
4175044031
4175044032
4175044033
4175044034
4175044035
4175044036
4175044037
4175044038
4175044039
4175045000
4175045021
4175045022
4175045023
4175045024
4175045025
4175045026
4175045027
4175045028
4175045029
4175045030
4175045031
4175045032
4175045033
4176000000
4176001000
4176001001
4176001002
4176001003
4176001004
4176001005
4176001006
4176001007
4176001008
4176001500
4176001501
4176001502
4176001503
4176001504
4176001505
4176001506
4176003000
4176003001
4176003002
4176003003
4176003004
4176003005
4176003006
4176003007
4176003008
4176003009
4176003010
4176003500
4176003501
4176003502
4176003503
4176003504
4176003505
4176003506
4176003507
4176003508
4176003509
4176004000
4176004001
4176004002
4176004003
4176004004
4176004005
4176004500
4176004501
4176004502
4176004503
4176004504
4176004505
4176004506
4176004507
4176004508
4176004509
4176004510
4176004511
4176005000
4176005001
4176005002
4176005003
4176005004
4176005005
4176005006
4176005007
4176005008
4176005009
4176005010
4176005011
4176005012
4176005013
4176005500
4176005501
4176005502
4176005503
4176005504
4176005505
4176005506
4176006000
4176006001
4176006002
4176006003
4176006004
4176006005
4176006006
4176006007
4176006008
4176011000
4176011021
4176011022
4176011023
4176011024
4176011025
4176012000
4176012021
4176012022
4176012023
4176012024
4176012025
4176012026
4176012027
4176012028
4176012029
4176012030
4176012031
4176013000
4176013021
4176013022
4176013023
4176013024
4176013025
4176013026
4176013027
4176013028
4176013029
4176013030
4176013031
4176013032
4176013033
4176031000
4176031001
4176031002
4176031003
4176031004
4176031005
4176031006
4176031021
4176031022
4176031023
4176031024
4176031025
4176031026
4176031027
4176031028
4176031029
4176031030
4176031031
4176031032
4176031033
4176032000
4176032001
4176032002
4176032003
4176032004
4176032005
4176032006
4176032007
4176032021
4176032022
4176032023
4176032024
4176032025
4176032026
4176032027
4177000000
4177001000
4177001001
4177001002
4177001003
4177001004
4177001005
4177001006
4177001007
4177003000
4177003001
4177003002
4177003003
4177003004
4177003005
4177003006
4177003007
4177003500
4177003501
4177003502
4177003503
4177003504
4177003505
4177003506
4177004000
4177004001
4177004002
4177004003
4177004004
4177004005
4177004006
4177004007
4177004008
4177004009
4177004010
4177004011
4177004012
4177004013
4177004014
4177004015
4177004016
4177011000
4177011021
4177011022
4177011023
4177011024
4177011025
4177011026
4177012000
4177012021
4177012022
4177012023
4177012024
4177012025
4177012026
4177012027
4177012028
4177012029
4177012030
4177013000
4177013021
4177013022
4177013023
4177013024
4177013025
4177013026
4177013027
4177014000
4177014021
4177014022
4177014023
4177014024
4177014025
4177014026
4177014027
4177014028
4177014029
4177014030
4177031000
4177031001
4177031021
4177031022
4177031023
4177031024
4177031025
4177032000
4177032021
4177032022
4177032023
4177032024
4177032025
4177032026
4177032027
4177032028
4177032029
4177032030
4177032031
4177033000
4177033021
4177033022
4177033023
4177033024
4177033025
4177033026
4177033027
4177033028
4177033029
4177033030
4177033031
4177033032
4177033033
4177033034
4177033035
4177033036
4177034000
4177034021
4177034022
4177034023
4177034024
4177034025
4177034026
4177034027
4177035000
4177035021
4177035022
4177035023
4177035024
4177035025
4177035026
4177035027
4177035028
4177035029
4177036000
4177036021
4177036022
4177036023
4177036024
4177036025
4177036026
4177036027
4177036028
4177036029
4177036030
4177037000
4177037001
4177037021
4177037022
4177037023
4177037024
4177037025
4177037026
4177037027
4177038000
4177038001
4177038021
4177038022
4177038023
4177038024
4177038025
4177038026
4177038027
4177038028
4177038029
4177038030
4177038031
4177038032
4177038033
4177038034
4177038035
4177038036
4177039000
4177039021
4177039022
4177039023
4177039024
4177039025
4177039026
4177039027
4177091000
4177091001
4177091021
4177091022
4177091023
4177091024
4177091025
4177091026
4177091027
4177092000
4177092021
4177092022
4177092023
4177092024
4177092025
4177093000
4177093021
4177093022
4177093023
4178000000
4178003000
4178003001
4178003002
4178003003
4178003004
4178003005
4178003006
4178003007
4178003500
4178003501
4178003502
4178003503
4178003504
4178003505
4178003506
4178003507
4178003508
4178003509
4178003510
4178003511
4178003512
4178003513
4178003514
4178004000
4178004001
4178004002
4178004003
4178004004
4178004005
4178004006
4178004007
4178004500
4178004501
4178004502
4178004503
4178004504
4178004505
4178004506
4178004507
4178004508
4178004509
4178005000
4178005001
4178005002
4178005003
4178005004
4178005005
4178005006
4178005007
4178005008
4178005009
4178005010
4178005011
4178011000
4178011001
4178011002
4178011003
4178011004
4178011021
4178011022
4178011023
4178011024
4178011025
4178011026
4178011027
4178012000
4178012021
4178012022
4178012023
4178012024
4178012025
4178012026
4178012027
4178013000
4178013021
4178013022
4178013023
4178013024
4178013025
4178013026
4178013027
4178013028
4178014000
4178014021
4178014022
4178014023
4178014024
4178014025
4178014026
4178014027
4178014028
4178014029
4178014030
4178014031
4178015000
4178015021
4178015022
4178015023
4178015024
4178015025
4178015026
4178015027
4178015028
4178015029
4178016000
4178016021
4178016022
4178016023
4178016024
4178031000
4178031021
4178031022
4178031023
4178031024
4178031025
4179000000
4179003000
4179003001
4179003002
4179003003
4179003004
4179003005
4179003006
4179003007
4179003008
4179003009
4179003010
4179003011
4179003012
4179003013
4179003500
4179003501
4179003502
4179003503
4179003504
4179003505
4179003506
4179003507
4179003508
4179003509
4179003510
4179003511
4179003512
4179004000
4179004001
4179004002
4179004003
4179004004
4179004005
4179004006
4179004007
4179004008
4179004009
4179004010
4179004011
4179004012
4179004013
4179004014
4179004500
4179004501
4179004502
4179004503
4179004504
4179004505
4179004506
4179004507
4179004508
4179004509
4179004510
4179004511
4179005000
4179005001
4179005002
4179005003
4179005004
4179005005
4179005006
4179005007
4179005008
4179005009
4179005010
4179005011
4179005500
4179005501
4179005502
4179005503
4179005504
4179005505
4179005506
4179005507
4179005508
4179005509
4179005510
4179006000
4179006001
4179006002
4179006003
4179006004
4179006005
4179006006
4179006007
4179006008
4179006009
4179006010
4179006011
4179006012
4179006013
4179006014
4179006500
4179006501
4179006502
4179006503
4179006504
4179006505
4179006506
4179006507
4179006508
4179006509
4179006510
4179006511
4179006512
4179012000
4179012021
4179012022
4179012023
4179012024
4179012025
4179012026
4179012027
4179012028
4179012029
4179012030
4179012031
4179012032
4179025000
4179025021
4179025022
4179025023
4179025024
4179025025
4179025026
4179025027
4179025028
4179025029
4179025030
4179025031
4179025032
4179025033
4179031000
4179031001
4179031021
4179031022
4179031023
4179031024
4179031025
4179031026
4179031027
4179032000
4179032001
4179032002
4179032003
4179032021
4179032022
4179032023
4179032024
4179032025
4179032026
4179032027
4179032028
4179032029
4179032030
4179032031
4179032032
4179033000
4179033021
4179033022
4179033023
4179033024
4179033025
4179033026
4179033027
4179033028
4179033029
4179033030
4179033031
4179033032
4179033033
4179033034
4179033035
4179033036
4179034000
4179034001
4179034021
4179034022
4179034023
4179034024
4179034025
4179034026
4179034027
4179034028
4179035000
4179035001
4179035002
4179035003
4179035021
4179035022
4179035023
4179035024
4179035025
4179035026
4179035027
4179035028
4179035029
4179035030
4179036000
4179036021
4179036022
4179036023
4179036024
4179036025
4179036026
4179036027
4179036028
4179037000
4179037001
4179037002
4179037003
4179037004
4179037005
4179037006
4179037021
4179037022
4179037023
4179037024
4179037025
4179037026
4179037027
4179037028
4179037029
4179038000
4179038021
4179038022
4179038023
4179038024
4179038025
4179038026
4179038027
4179038028
4179038029
4179038030
4179038031
4180000000
4180003000
4180003001
4180003002
4180003003
4180003004
4180003005
4180003006
4180003007
4180003008
4180003009
4180003500
4180003501
4180003502
4180003503
4180003504
4180003505
4180003506
4180003507
4180003508
4180004000
4180004001
4180004002
4180004003
4180004004
4180004005
4180004006
4180004007
4180025000
4180025021
4180025022
4180025023
4180025024
4180025025
4180025026
4180025027
4180025028
4180025029
4180025030
4180025300
4180025321
4180025322
4180025323
4180025324
4180025325
4180025326
4180025327
4180025328
4180031000
4180031021
4180031022
4180031023
4180031024
4180031025
4180031026
4180031027
4180032000
4180032021
4180032022
4180032023
4180032024
4180032025
4180033000
4180033021
4180033022
4180033023
4180033024
4180033025
4180033026
4180033027
4180033028
4180033029
4180033030
4180033031
4180033032
4180033033
4180033034
4180033035
4180033036
4180033037
4180033038
4180033039
4180033040
4180033041
4180033042
4180033043
4180033044
4180033045
4180033046
4180034000
4180034001
4180034021
4180034022
4180034023
4180034024
4180034025
4180034026
4180034027
4180034028
4180035000
4180035021
4180035022
4180035023
4180035024
4180035025
4180035026
4180035027
4180035028
4180035029
4180035030
4180035031
4180035032
4180035033
4180035034
4180035035
4180035036
4180035037
4180035038
4180036000
4180036021
4180036022
4180036023
4180036024
4180036025
4180036026
4180036027
4180036028
4180036029
4180036030
4180037000
4180037021
4180037022
4180037023
4180037024
4180037025
4180037026
4180037027
4180037028
4180037029
4180037030
4180037031
4180038000
4180038021
4180038022
4180038023
4180038024
4180038025
4181000000
4181003000
4181003001
4181003002
4181003003
4181003004
4181003005
4181003006
4181003007
4181003500
4181003501
4181003502
4181003503
4181003504
4181003505
4181003506
4181003507
4181003508
4181003509
4181025000
4181025021
4181025022
4181025023
4181025024
4181025025
4181025026
4181025300
4181025321
4181025322
4181025323
4181025324
4181025325
4181025326
4181025327
4181025328
4181025329
4181031000
4181031021
4181031022
4181031023
4181031024
4181031025
4181031026
4181031027
4181031028
4181032000
4181032001
4181032002
4181032003
4181032021
4181032022
4181032023
4181032024
4181032025
4181032026
4181033000
4181033021
4181033022
4181033023
4181033024
4181033025
4181033026
4181033027
4181033028
4181034000
4181034021
4181034022
4181034023
4181034024
4181034025
4181034026
4181034027
4181034028
4181034029
4181035000
4181035021
4181035022
4181035023
4181035024
4181035025
4181035026
4181035027
4181035028
4181035029
4181035030
4181035031
4181035032
4181036000
4181036021
4181036022
4181036023
4181036024
4181036025
4181036026
4181036027
4181037000
4181037021
4181037022
4181037023
4181037024
4181037025
4181037026
4181037027
4181038000
4181038021
4181038022
4181038023
4181038024
4181038025
4181038026
4181039000
4181039021
4181039022
4181039023
4181039024
4181039025
4181039026
4181040000
4181040021
4181040022
4181040023
4181040024
4181041000
4181041021
4181041022
4181041023
4181041024
4181041025
4181041026
4181041027
4181042000
4181042021
4181042022
4181042023
4182000000
4182003000
4182003001
4182003002
4182003003
4182003004
4182003005
